sign_pattern_index,null_mean_delta_L
0,-0.081308105262293
1,-0.0813872673614416
2,-0.0813296302361789
3,-0.0814087923353275
4,-0.081336201312022
5,-0.0814153634111707
6,-0.0813577262859079
7,-0.0814368883850566
8,-0.0407293894265466
9,-0.0408085515256952
10,-0.0407509144004325
11,-0.0408300764995811
12,-0.0407574854762756
13,-0.0408366475754243
14,-0.0407790104501615
15,-0.0408581725493102
16,-0.0074611476624766
17,-0.0075403097616252
18,-0.0074826726363625
19,-0.0075618347355111
20,-0.0074892437122056
21,-0.0075684058113543
22,-0.0075107686860915
23,-0.0075899307852402
24,0.0331175681732697
25,0.0330384060741211
26,0.0330960431993838
27,0.0330168811002352
28,0.0330894721235406
29,0.033010310024392
30,0.0330679471496548
31,0.0329887850505061
32,-0.0817345155694981
33,-0.0818136776686468
34,-0.081756040543384
35,-0.0818352026425327
36,-0.0817626116192272
37,-0.0818417737183759
38,-0.0817841365931131
39,-0.0818632986922617
40,-0.0411557997337518
41,-0.0412349618329004
42,-0.0411773247076376
43,-0.0412564868067863
44,-0.0411838957834808
45,-0.0412630578826295
46,-0.0412054207573667
47,-0.0412845828565153
48,-0.0078875579696818
49,-0.0079667200688304
50,-0.0079090829435676
51,-0.0079882450427163
52,-0.0079156540194108
53,-0.0079948161185595
54,-0.0079371789932967
55,-0.0080163410924453
56,0.0326911578660645
57,0.0326119957669159
58,0.0326696328921786
59,0.03259047079303
60,0.0326630618163355
61,0.0325838997171868
62,0.0326415368424496
63,0.0325623747433009
64,-0.0777852038982695
65,-0.0778643659974181
66,-0.0778067288721554
67,-0.077885890971304
68,-0.0778132999479986
69,-0.0778924620471472
70,-0.0778348249218845
71,-0.0779139870210331
72,-0.0372064880625231
73,-0.0372856501616718
74,-0.037228013036409
75,-0.0373071751355576
76,-0.0372345841122522
77,-0.0373137462114008
78,-0.0372561090861381
79,-0.0373352711852867
80,-0.0039382462984531
81,-0.0040174083976018
82,-0.003959771272339
83,-0.0040389333714876
84,-0.0039663423481822
85,-0.0040455044473308
86,-0.0039878673220681
87,-0.0040670294212167
88,0.0366404695372932
89,0.0365613074381445
90,0.0366189445634073
91,0.0365397824642587
92,0.0366123734875641
93,0.0365332113884155
94,0.0365908485136782
95,0.0365116864145296
96,-0.0782116142054747
97,-0.0782907763046233
98,-0.0782331391793606
99,-0.0783123012785092
100,-0.0782397102552037
101,-0.0783188723543524
102,-0.0782612352290896
103,-0.0783403973282383
104,-0.0376328983697283
105,-0.0377120604688769
106,-0.0376544233436142
107,-0.0377335854427628
108,-0.0376609944194574
109,-0.037740156518606
110,-0.0376825193933432
111,-0.0377616814924919
112,-0.0043646566056583
113,-0.0044438187048069
114,-0.0043861815795442
115,-0.0044653436786928
116,-0.0043927526553874
117,-0.004471914754536
118,-0.0044142776292733
119,-0.0044934397284219
120,0.036214059230088
121,0.0361348971309394
122,0.0361925342562021
123,0.0361133721570535
124,0.0361859631803589
125,0.0361068010812103
126,0.036164438206473
127,0.0360852761073244
128,-0.0816891900315564
129,-0.0817683521307051
130,-0.0817107150054423
131,-0.081789877104591
132,-0.0817172860812855
133,-0.0817964481804342
134,-0.0817388110551714
135,-0.08181797315432
136,-0.04111047419581
137,-0.0411896362949587
138,-0.0411319991696959
139,-0.0412111612688446
140,-0.0411385702455391
141,-0.0412177323446878
142,-0.041160095219425
143,-0.0412392573185736
144,-0.0078422324317401
145,-0.0079213945308887
146,-0.0078637574056259
147,-0.0079429195047746
148,-0.0078703284814691
149,-0.0079494905806178
150,-0.007891853455355
151,-0.0079710155545036
152,0.0327364834040062
153,0.0326573213048576
154,0.0327149584301204
155,0.0326357963309717
156,0.0327083873542772
157,0.0326292252551285
158,0.0326868623803913
159,0.0326077002812427
160,-0.0821156003387616
161,-0.0821947624379103
162,-0.0821371253126475
163,-0.0822162874117961
164,-0.0821436963884907
165,-0.0822228584876393
166,-0.0821652213623766
167,-0.0822443834615252
168,-0.0415368845030152
169,-0.0416160466021639
170,-0.0415584094769011
171,-0.0416375715760497
172,-0.0415649805527443
173,-0.0416441426518929
174,-0.0415865055266302
175,-0.0416656676257788
176,-0.0082686427389452
177,-0.0083478048380939
178,-0.0082901677128311
179,-0.0083693298119798
180,-0.0082967387886743
181,-0.0083759008878229
182,-0.0083182637625602
183,-0.0083974258617088
184,0.0323100730968011
185,0.0322309109976524
186,0.0322885481229152
187,0.0322093860237665
188,0.032281977047072
189,0.0322028149479233
190,0.0322604520731861
191,0.0321812899740375
192,-0.078166288667533
193,-0.0782454507666816
194,-0.0781878136414189
195,-0.0782669757405675
196,-0.078194384717262
197,-0.0782735468164107
198,-0.0782159096911479
199,-0.0782950717902966
200,-0.0375875728317866
201,-0.0376667349309352
202,-0.0376090978056725
203,-0.0376882599048211
204,-0.0376156688815157
205,-0.0376948309806643
206,-0.0376371938554015
207,-0.0377163559545502
208,-0.0043193310677166
209,-0.0043984931668652
210,-0.0043408560416025
211,-0.0044200181407511
212,-0.0043474271174457
213,-0.0044265892165943
214,-0.0043689520913315
215,-0.0044481141904802
216,0.0362593847680297
217,0.0361802226688811
218,0.0362378597941438
219,0.0361586976949952
220,0.0362312887183006
221,0.036152126619152
222,0.0362097637444148
223,0.0361306016452661
224,-0.0785926989747382
225,-0.0786718610738868
226,-0.078614223948624
227,-0.0786933860477727
228,-0.0786207950244672
229,-0.0786999571236159
230,-0.0786423199983531
231,-0.0787214820975017
232,-0.0380139831389918
233,-0.0380931452381404
234,-0.0380355081128776
235,-0.0381146702120263
236,-0.0380420791887208
237,-0.0381212412878695
238,-0.0380636041626067
239,-0.0381427662617554
240,-0.0047457413749218
241,-0.0048249034740704
242,-0.0047672663488077
243,-0.0048464284479563
244,-0.0047738374246508
245,-0.0048529995237995
246,-0.0047953623985367
247,-0.0048745244976854
248,0.0358329744608245
249,0.0357538123616759
250,0.0358114494869386
251,0.03573228738779
252,0.0358048784110954
253,0.0357257163119468
254,0.0357833534372096
255,0.0357041913380609
256,-0.0763364816008083
257,-0.0764156436999569
258,-0.0763580065746942
259,-0.0764371686738428
260,-0.0763645776505374
261,-0.076443739749686
262,-0.0763861026244232
263,-0.0764652647235719
264,-0.0357577657650619
265,-0.0358369278642105
266,-0.0357792907389478
267,-0.0358584528380964
268,-0.035785861814791
269,-0.0358650239139396
270,-0.0358073867886768
271,-0.0358865488878255
272,-0.0024895240009919
273,-0.0025686861001405
274,-0.0025110489748778
275,-0.0025902110740264
276,-0.002517620050721
277,-0.0025967821498696
278,-0.0025391450246069
279,-0.0026183071237555
280,0.0380891918347544
281,0.0380100297356057
282,0.0380676668608685
283,0.0379885047617199
284,0.0380610957850253
285,0.0379819336858767
286,0.0380395708111394
287,0.0379604087119908
288,-0.0767628919080135
289,-0.0768420540071621
290,-0.0767844168818994
291,-0.076863578981048
292,-0.0767909879577426
293,-0.0768701500568912
294,-0.0768125129316284
295,-0.0768916750307771
296,-0.0361841760722671
297,-0.0362633381714157
298,-0.036205701046153
299,-0.0362848631453016
300,-0.0362122721219961
301,-0.0362914342211448
302,-0.036233797095882
303,-0.0363129591950307
304,-0.0029159343081971
305,-0.0029950964073457
306,-0.002937459282083
307,-0.0030166213812316
308,-0.0029440303579262
309,-0.0030231924570748
310,-0.002965555331812
311,-0.0030447174309607
312,0.0376627815275492
313,0.0375836194284006
314,0.0376412565536633
315,0.0375620944545147
316,0.0376346854778201
317,0.0375555233786715
318,0.0376131605039343
319,0.0375339984047856
320,-0.0728135802367848
321,-0.0728927423359335
322,-0.0728351052106707
323,-0.0729142673098193
324,-0.0728416762865139
325,-0.0729208383856625
326,-0.0728632012603998
327,-0.0729423633595484
328,-0.0322348644010384
329,-0.0323140265001871
330,-0.0322563893749243
331,-0.032335551474073
332,-0.0322629604507675
333,-0.0323421225499161
334,-0.0322844854246534
335,-0.032363647523802
336,0.0010333773630315
337,0.0009542152638828
338,0.0010118523891456
339,0.0009326902899969
340,0.0010052813133024
341,0.0009261192141538
342,0.0009837563394165
343,0.0009045942402679
344,0.0416120931987778
345,0.0415329310996292
346,0.041590568224892
347,0.0415114061257433
348,0.0415839971490488
349,0.0415048350499001
350,0.0415624721751629
351,0.0414833100760143
352,-0.07323999054399
353,-0.0733191526431387
354,-0.0732615155178759
355,-0.0733406776170245
356,-0.0732680865937191
357,-0.0733472486928677
358,-0.073289611567605
359,-0.0733687736667536
360,-0.0326612747082436
361,-0.0327404368073923
362,-0.0326827996821295
363,-0.0327619617812781
364,-0.0326893707579727
365,-0.0327685328571213
366,-0.0327108957318586
367,-0.0327900578310072
368,0.0006069670558263
369,0.0005278049566776
370,0.0005854420819404
371,0.0005062799827918
372,0.0005788710060972
373,0.0004997089069486
374,0.0005573460322113
375,0.0004781839330627
376,0.0411856828915727
377,0.041106520792424
378,0.0411641579176868
379,0.0410849958185381
380,0.0411575868418436
381,0.041078424742695
382,0.0411360618679577
383,0.0410568997688091
384,-0.0767175663700718
385,-0.0767967284692204
386,-0.0767390913439576
387,-0.0768182534431063
388,-0.0767456624198008
389,-0.0768248245189495
390,-0.0767671873936867
391,-0.0768463494928353
392,-0.0361388505343254
393,-0.036218012633474
394,-0.0361603755082112
395,-0.0362395376073599
396,-0.0361669465840544
397,-0.0362461086832031
398,-0.0361884715579403
399,-0.0362676336570889
400,-0.0028706087702554
401,-0.002949770869404
402,-0.0028921337441413
403,-0.0029712958432899
404,-0.0028987048199844
405,-0.0029778669191331
406,-0.0029202297938703
407,-0.002999391893019
408,0.0377081070654909
409,0.0376289449663423
410,0.037686582091605
411,0.0376074199924564
412,0.0376800110157619
413,0.0376008489166132
414,0.037658486041876
415,0.0375793239427273
416,-0.0771439766772769
417,-0.0772231387764256
418,-0.0771655016511628
419,-0.0772446637503115
420,-0.077172072727006
421,-0.0772512348261547
422,-0.0771935977008919
423,-0.0772727598000405
424,-0.0365652608415306
425,-0.0366444229406792
426,-0.0365867858154164
427,-0.0366659479145651
428,-0.0365933568912596
429,-0.0366725189904083
430,-0.0366148818651455
431,-0.0366940439642941
432,-0.0032970190774606
433,-0.0033761811766092
434,-0.0033185440513464
435,-0.0033977061504951
436,-0.0033251151271896
437,-0.0034042772263383
438,-0.0033466401010755
439,-0.0034258022002241
440,0.0372816967582857
441,0.0372025346591371
442,0.0372601717843999
443,0.0371810096852512
444,0.0372536007085567
445,0.037174438609408
446,0.0372320757346708
447,0.0371529136355222
448,-0.0731946650060483
449,-0.0732738271051969
450,-0.0732161899799342
451,-0.0732953520790828
452,-0.0732227610557774
453,-0.073301923154926
454,-0.0732442860296632
455,-0.0733234481288119
456,-0.0326159491703019
457,-0.0326951112694506
458,-0.0326374741441878
459,-0.0327166362433364
460,-0.032644045220031
461,-0.0327232073191796
462,-0.0326655701939169
463,-0.0327447322930655
464,0.000652292593768
465,0.0005731304946193
466,0.0006307676198821
467,0.0005516055207335
468,0.0006241965440389
469,0.0005450344448903
470,0.000602671570153
471,0.0005235094710044
472,0.0412310084295144
473,0.0411518463303657
474,0.0412094834556285
475,0.0411303213564799
476,0.0412029123797853
477,0.0411237502806367
478,0.0411813874058994
479,0.0411022253067508
480,-0.0736210753132535
481,-0.0737002374124021
482,-0.0736426002871394
483,-0.073721762386288
484,-0.0736491713629825
485,-0.0737283334621312
486,-0.0736706963368684
487,-0.0737498584360171
488,-0.0330423594775071
489,-0.0331215215766557
490,-0.033063884451393
491,-0.0331430465505416
492,-0.0330704555272362
493,-0.0331496176263848
494,-0.033091980501122
495,-0.0331711426002707
496,0.0002258822865628
497,0.0001467201874142
498,0.0002043573126769
499,0.0001251952135283
500,0.0001977862368337
501,0.0001186241376851
502,0.0001762612629479
503,9.709916379927094e-05
504,0.0408045981223092
505,0.0407254360231606
506,0.0407830731484233
507,0.0407039110492747
508,0.0407765020725801
509,0.0406973399734315
510,0.0407549770986942
511,0.0406758149995456
512,-0.05871996979255
513,-0.0587991318916986
514,-0.0587414947664359
515,-0.0588206568655845
516,-0.0587480658422791
517,-0.0588272279414277
518,-0.0587695908161649
519,-0.0588487529153136
520,-0.0181412539568036
521,-0.0182204160559522
522,-0.0181627789306895
523,-0.0182419410298381
524,-0.0181693500065327
525,-0.0182485121056813
526,-0.0181908749804186
527,-0.0182700370795672
528,0.0151269878072663
529,0.0150478257081177
530,0.0151054628333804
531,0.0150263007342318
532,0.0150988917575372
533,0.0150197296583886
534,0.0150773667836513
535,0.0149982046845027
536,0.0557057036430127
537,0.055626541543864
538,0.0556841786691268
539,0.0556050165699782
540,0.0556776075932836
541,0.055598445494135
542,0.0556560826193977
543,0.0555769205202491
544,-0.0591463800997552
545,-0.0592255421989038
546,-0.0591679050736411
547,-0.0592470671727897
548,-0.0591744761494842
549,-0.0592536382486329
550,-0.0591960011233701
551,-0.0592751632225188
552,-0.0185676642640088
553,-0.0186468263631574
554,-0.0185891892378947
555,-0.0186683513370433
556,-0.0185957603137379
557,-0.0186749224128865
558,-0.0186172852876237
559,-0.0186964473867724
560,0.0147005775000611
561,0.0146214154009125
562,0.0146790525261752
563,0.0145998904270266
564,0.014672481450332
565,0.0145933193511834
566,0.0146509564764462
567,0.0145717943772975
568,0.0552792933358075
569,0.0552001312366589
570,0.0552577683619216
571,0.055178606262773
572,0.0552511972860784
573,0.0551720351869298
574,0.0552296723121926
575,0.0551505102130439
576,-0.0551970684285265
577,-0.0552762305276752
578,-0.0552185934024124
579,-0.055297755501561
580,-0.0552251644782556
581,-0.0553043265774042
582,-0.0552466894521415
583,-0.0553258515512901
584,-0.0146183525927801
585,-0.0146975146919288
586,-0.014639877566666
587,-0.0147190396658147
588,-0.0146464486425092
589,-0.0147256107416578
590,-0.0146679736163951
591,-0.0147471357155437
592,0.0186498891712897
593,0.0185707270721411
594,0.0186283641974039
595,0.0185492020982552
596,0.0186217931215607
597,0.018542631022412
598,0.0186002681476748
599,0.0185211060485262
600,0.0592286050070361
601,0.0591494429078875
602,0.0592070800331503
603,0.0591279179340016
604,0.0592005089573071
605,0.0591213468581584
606,0.0591789839834212
607,0.0590998218842725
608,-0.0556234787357317
609,-0.0557026408348804
610,-0.0556450037096176
611,-0.0557241658087662
612,-0.0556515747854608
613,-0.0557307368846094
614,-0.0556730997593467
615,-0.0557522618584953
616,-0.0150447628999853
617,-0.015123924999134
618,-0.0150662878738712
619,-0.0151454499730198
620,-0.0150728589497144
621,-0.015152021048863
622,-0.0150943839236003
623,-0.0151735460227489
624,0.0182234788640846
625,0.0181443167649359
626,0.0182019538901987
627,0.0181227917910501
628,0.0181953828143555
629,0.0181162207152069
630,0.0181738578404696
631,0.018094695741321
632,0.0588021946998309
633,0.0587230326006823
634,0.0587806697259451
635,0.0587015076267964
636,0.0587740986501019
637,0.0586949365509533
638,0.058752573676216
639,0.0586734115770674
640,-0.0591010545618135
641,-0.0591802166609621
642,-0.0591225795356993
643,-0.059201741634848
644,-0.0591291506115425
645,-0.0592083127106912
646,-0.0591506755854284
647,-0.059229837684577
648,-0.0185223387260671
649,-0.0186015008252157
650,-0.018543863699953
651,-0.0186230257991016
652,-0.0185504347757961
653,-0.0186295968749448
654,-0.018571959749682
655,-0.0186511218488307
656,0.0147459030380028
657,0.0146667409388542
658,0.0147243780641169
659,0.0146452159649683
660,0.0147178069882738
661,0.0146386448891251
662,0.0146962820143879
663,0.0146171199152392
664,0.0553246188737492
665,0.0552454567746006
666,0.0553030938998633
667,0.0552239318007147
668,0.0552965228240201
669,0.0552173607248715
670,0.0552749978501343
671,0.0551958357509856
672,-0.0595274648690186
673,-0.0596066269681673
674,-0.0595489898429045
675,-0.0596281519420532
676,-0.0595555609187477
677,-0.0596347230178963
678,-0.0595770858926336
679,-0.0596562479917822
680,-0.0189487490332723
681,-0.0190279111324209
682,-0.0189702740071581
683,-0.0190494361063068
684,-0.0189768450830013
685,-0.01905600718215
686,-0.0189983700568872
687,-0.0190775321560358
688,0.0143194927307976
689,0.014240330631649
690,0.0142979677569118
691,0.0142188056577631
692,0.0142913966810686
693,0.0142122345819199
694,0.0142698717071827
695,0.0141907096080341
696,0.054898208566544
697,0.0548190464673954
698,0.0548766835926581
699,0.0547975214935095
700,0.054870112516815
701,0.0547909504176663
702,0.0548485875429291
703,0.0547694254437804
704,-0.05557815319779
705,-0.0556573152969386
706,-0.0555996781716759
707,-0.0556788402708245
708,-0.0556062492475191
709,-0.0556854113466677
710,-0.0556277742214049
711,-0.0557069363205536
712,-0.0149994373620436
713,-0.0150785994611923
714,-0.0150209623359295
715,-0.0151001244350781
716,-0.0150275334117727
717,-0.0151066955109213
718,-0.0150490583856586
719,-0.0151282204848072
720,0.0182688044020263
721,0.0181896423028776
722,0.0182472794281404
723,0.0181681173289918
724,0.0182407083522972
725,0.0181615462531486
726,0.0182191833784113
727,0.0181400212792627
728,0.0588475202377727
729,0.058768358138624
730,0.0588259952638868
731,0.0587468331647382
732,0.0588194241880436
733,0.058740262088895
734,0.0587978992141577
735,0.0587187371150091
736,-0.0560045635049952
737,-0.0560837256041438
738,-0.0560260884788811
739,-0.0561052505780297
740,-0.0560326595547242
741,-0.0561118216538729
742,-0.0560541845286101
743,-0.0561333466277588
744,-0.0154258476692488
745,-0.0155050097683974
746,-0.0154473726431347
747,-0.0155265347422833
748,-0.0154539437189779
749,-0.0155331058181265
750,-0.0154754686928637
751,-0.0155546307920124
752,0.0178423940948211
753,0.0177632319956725
754,0.0178208691209352
755,0.0177417070217866
756,0.017814298045092
757,0.0177351359459434
758,0.0177927730712062
759,0.0177136109720575
760,0.0584211099305675
761,0.0583419478314188
762,0.0583995849566816
763,0.058320422857533
764,0.0583930138808384
765,0.0583138517816898
766,0.0583714889069525
767,0.0582923268078039
768,-0.0537483461310653
769,-0.053827508230214
770,-0.0537698711049512
771,-0.0538490332040998
772,-0.0537764421807944
773,-0.053855604279943
774,-0.0537979671546803
775,-0.0538771292538289
776,-0.0131696302953189
777,-0.0132487923944676
778,-0.0131911552692048
779,-0.0132703173683534
780,-0.013197726345048
781,-0.0132768884441966
782,-0.0132192513189339
783,-0.0132984134180825
784,0.020098611468751
785,0.0200194493696023
786,0.0200770864948651
787,0.0199979243957165
788,0.0200705154190219
789,0.0199913533198733
790,0.020048990445136
791,0.0199698283459874
792,0.0606773273044973
793,0.0605981652053487
794,0.0606558023306115
795,0.0605766402314628
796,0.0606492312547683
797,0.0605700691556197
798,0.0606277062808824
799,0.0605485441817338
800,-0.0541747564382705
801,-0.0542539185374191
802,-0.0541962814121564
803,-0.054275443511305
804,-0.0542028524879996
805,-0.0542820145871482
806,-0.0542243774618854
807,-0.0543035395610341
808,-0.0135960406025241
809,-0.0136752027016727
810,-0.01361756557641
811,-0.0136967276755586
812,-0.0136241366522532
813,-0.0137032987514018
814,-0.0136456616261391
815,-0.0137248237252877
816,0.0196722011615458
817,0.0195930390623971
818,0.0196506761876599
819,0.0195715140885113
820,0.0196441051118167
821,0.0195649430126681
822,0.0196225801379308
823,0.0195434180387822
824,0.0602509169972922
825,0.0601717548981435
826,0.0602293920234063
827,0.0601502299242576
828,0.0602228209475631
829,0.0601436588484145
830,0.0602012959736772
831,0.0601221338745286
832,-0.0502254447670419
833,-0.0503046068661905
834,-0.0502469697409277
835,-0.0503261318400764
836,-0.0502535408167709
837,-0.0503327029159196
838,-0.0502750657906568
839,-0.0503542278898054
840,-0.0096467289312955
841,-0.0097258910304441
842,-0.0096682539051813
843,-0.00974741600433
844,-0.0096748249810245
845,-0.0097539870801732
846,-0.0096963499549104
847,-0.0097755120540591
848,0.0236215128327744
849,0.0235423507336258
850,0.0235999878588886
851,0.0235208257597399
852,0.0235934167830454
853,0.0235142546838967
854,0.0235718918091595
855,0.0234927297100108
856,0.0642002286685208
857,0.0641210665693722
858,0.0641787036946349
859,0.0640995415954863
860,0.0641721326187917
861,0.0640929705196431
862,0.0641506076449059
863,0.0640714455457572
864,-0.050651855074247
865,-0.0507310171733957
866,-0.0506733800481329
867,-0.0507525421472816
868,-0.0506799511239761
869,-0.0507591132231247
870,-0.050701476097862
871,-0.0507806381970106
872,-0.0100731392385007
873,-0.0101523013376493
874,-0.0100946642123865
875,-0.0101738263115352
876,-0.0101012352882297
877,-0.0101803973873784
878,-0.0101227602621156
879,-0.0102019223612642
880,0.0231951025255692
881,0.0231159404264206
882,0.0231735775516834
883,0.0230944154525347
884,0.0231670064758402
885,0.0230878443766915
886,0.0231454815019543
887,0.0230663194028057
888,0.0637738183613156
889,0.063694656262167
890,0.0637522933874298
891,0.0636731312882811
892,0.0637457223115866
893,0.0636665602124379
894,0.0637241973377007
895,0.063645035238552
896,-0.0541294309003288
897,-0.0542085929994774
898,-0.0541509558742147
899,-0.0542301179733633
900,-0.0541575269500579
901,-0.0542366890492065
902,-0.0541790519239437
903,-0.0542582140230924
904,-0.0135507150645824
905,-0.013629877163731
906,-0.0135722400384683
907,-0.0136514021376169
908,-0.0135788111143115
909,-0.0136579732134601
910,-0.0136003360881973
911,-0.013679498187346
912,0.0197175266994875
913,0.0196383646003389
914,0.0196960017256016
915,0.019616839626453
916,0.0196894306497584
917,0.0196102685506098
918,0.0196679056758726
919,0.0195887435767239
920,0.0602962425352339
921,0.0602170804360852
922,0.060274717561348
923,0.0601955554621994
924,0.0602681464855048
925,0.0601889843863562
926,0.0602466215116189
927,0.0601674594124703
928,-0.054555841207534
929,-0.0546350033066826
930,-0.0545773661814198
931,-0.0546565282805685
932,-0.054583937257263
933,-0.0546630993564117
934,-0.0546054622311489
935,-0.0546846243302975
936,-0.0139771253717876
937,-0.0140562874709362
938,-0.0139986503456735
939,-0.0140778124448221
940,-0.0140052214215166
941,-0.0140843835206653
942,-0.0140267463954025
943,-0.0141059084945512
944,0.0192911163922823
945,0.0192119542931337
946,0.0192695914183964
947,0.0191904293192478
948,0.0192630203425532
949,0.0191838582434046
950,0.0192414953686674
951,0.0191623332695187
952,0.0598698322280287
953,0.0597906701288801
954,0.0598483072541428
955,0.0597691451549942
956,0.0598417361782996
957,0.059762574079151
958,0.0598202112044137
959,0.0597410491052651
960,-0.0506065295363053
961,-0.050685691635454
962,-0.0506280545101912
963,-0.0507072166093398
964,-0.0506346255860344
965,-0.050713787685183
966,-0.0506561505599203
967,-0.0507353126590689
968,-0.0100278137005589
969,-0.0101069757997076
970,-0.0100493386744448
971,-0.0101285007735935
972,-0.010055909750288
973,-0.0101350718494366
974,-0.0100774347241739
975,-0.0101565968233225
976,0.023240428063511
977,0.0231612659643623
978,0.0232189030896251
979,0.0231397409904764
980,0.0232123320137819
981,0.0231331699146333
982,0.023190807039896
983,0.0231116449407474
984,0.0638191438992574
985,0.0637399818001087
986,0.0637976189253715
987,0.0637184568262228
988,0.0637910478495283
989,0.0637118857503796
990,0.0637695228756424
991,0.0636903607764938
992,-0.0510329398435105
993,-0.0511121019426591
994,-0.0510544648173964
995,-0.051133626916545
996,-0.0510610358932396
997,-0.0511401979923882
998,-0.0510825608671254
999,-0.0511617229662741
1000,-0.0104542240077641
1001,-0.0105333861069128
1002,-0.01047574898165
1003,-0.0105549110807986
1004,-0.0104823200574932
1005,-0.0105614821566418
1006,-0.0105038450313791
1007,-0.0105830071305277
1008,0.0228140177563058
1009,0.0227348556571571
1010,0.0227924927824199
1011,0.0227133306832713
1012,0.0227859217065767
1013,0.0227067596074281
1014,0.0227643967326908
1015,0.0226852346335422
1016,0.0633927335920521
1017,0.0633135714929035
1018,0.0633712086181663
1019,0.0632920465190177
1020,0.0633646375423231
1021,0.0632854754431745
1022,0.0633431125684372
1023,0.0632639504692886
1024,-0.081235902939313
1025,-0.0813150650384616
1026,-0.0812574279131989
1027,-0.0813365900123475
1028,-0.0812639989890421
1029,-0.0813431610881907
1030,-0.081285523962928
1031,-0.0813646860620766
1032,-0.0406571871035666
1033,-0.0407363492027152
1034,-0.0406787120774525
1035,-0.0407578741766011
1036,-0.0406852831532957
1037,-0.0407644452524443
1038,-0.0407068081271816
1039,-0.0407859702263302
1040,-0.0073889453394966
1041,-0.0074681074386453
1042,-0.0074104703133825
1043,-0.0074896324125311
1044,-0.0074170413892257
1045,-0.0074962034883743
1046,-0.0074385663631116
1047,-0.0075177284622602
1048,0.0331897704962497
1049,0.033110608397101
1050,0.0331682455223638
1051,0.0330890834232152
1052,0.0331616744465206
1053,0.033082512347372
1054,0.0331401494726347
1055,0.0330609873734861
1056,-0.0816623132465182
1057,-0.0817414753456668
1058,-0.0816838382204041
1059,-0.0817630003195527
1060,-0.0816904092962473
1061,-0.0817695713953959
1062,-0.0817119342701331
1063,-0.0817910963692818
1064,-0.0410835974107718
1065,-0.0411627595099204
1066,-0.0411051223846577
1067,-0.0411842844838063
1068,-0.0411116934605009
1069,-0.0411908555596495
1070,-0.0411332184343867
1071,-0.0412123805335354
1072,-0.0078153556467018
1073,-0.0078945177458504
1074,-0.0078368806205877
1075,-0.0079160427197363
1076,-0.0078434516964309
1077,-0.0079226137955795
1078,-0.0078649766703167
1079,-0.0079441387694654
1080,0.0327633601890445
1081,0.0326841980898959
1082,0.0327418352151586
1083,0.03266267311601
1084,0.0327352641393154
1085,0.0326561020401668
1086,0.0327137391654295
1087,0.0326345770662809
1088,-0.0777130015752896
1089,-0.0777921636744382
1090,-0.0777345265491754
1091,-0.0778136886483241
1092,-0.0777410976250186
1093,-0.0778202597241672
1094,-0.0777626225989045
1095,-0.0778417846980531
1096,-0.0371342857395432
1097,-0.0372134478386918
1098,-0.037155810713429
1099,-0.0372349728125777
1100,-0.0371623817892722
1101,-0.0372415438884209
1102,-0.0371839067631581
1103,-0.0372630688623067
1104,-0.0038660439754732
1105,-0.0039452060746218
1106,-0.003887568949359
1107,-0.0039667310485077
1108,-0.0038941400252022
1109,-0.0039733021243509
1110,-0.0039156649990881
1111,-0.0039948270982367
1112,0.0367126718602731
1113,0.0366335097611245
1114,0.0366911468863873
1115,0.0366119847872386
1116,0.0366845758105441
1117,0.0366054137113954
1118,0.0366630508366582
1119,0.0365838887375096
1120,-0.0781394118824947
1121,-0.0782185739816434
1122,-0.0781609368563806
1123,-0.0782400989555292
1124,-0.0781675079322238
1125,-0.0782466700313724
1126,-0.0781890329061097
1127,-0.0782681950052583
1128,-0.0375606960467483
1129,-0.037639858145897
1130,-0.0375822210206342
1131,-0.0376613831197828
1132,-0.0375887920964774
1133,-0.037667954195626
1134,-0.0376103170703633
1135,-0.0376894791695119
1136,-0.0042924542826783
1137,-0.004371616381827
1138,-0.0043139792565642
1139,-0.0043931413557129
1140,-0.0043205503324074
1141,-0.004399712431556
1142,-0.0043420753062933
1143,-0.0044212374054419
1144,0.036286261553068
1145,0.0362070994539193
1146,0.0362647365791821
1147,0.0361855744800334
1148,0.0362581655033389
1149,0.0361790034041903
1150,0.036236640529453
1151,0.0361574784303044
1152,-0.0816169877085765
1153,-0.0816961498077251
1154,-0.0816385126824623
1155,-0.081717674781611
1156,-0.0816450837583055
1157,-0.0817242458574542
1158,-0.0816666087321914
1159,-0.0817457708313401
1160,-0.0410382718728301
1161,-0.0411174339719787
1162,-0.041059796846716
1163,-0.0411389589458646
1164,-0.0410663679225591
1165,-0.0411455300217078
1166,-0.041087892896445
1167,-0.0411670549955937
1168,-0.0077700301087601
1169,-0.0078491922079087
1170,-0.007791555082646
1171,-0.0078707171817946
1172,-0.0077981261584892
1173,-0.0078772882576378
1174,-0.007819651132375
1175,-0.0078988132315237
1176,0.0328086857269862
1177,0.0327295236278376
1178,0.0327871607531003
1179,0.0327079986539517
1180,0.0327805896772571
1181,0.0327014275781085
1182,0.0327590647033713
1183,0.0326799026042226
1184,-0.0820433980157817
1185,-0.0821225601149303
1186,-0.0820649229896675
1187,-0.0821440850888162
1188,-0.0820714940655107
1189,-0.0821506561646594
1190,-0.0820930190393966
1191,-0.0821721811385452
1192,-0.0414646821800353
1193,-0.0415438442791839
1194,-0.0414862071539211
1195,-0.0415653692530698
1196,-0.0414927782297643
1197,-0.041571940328913
1198,-0.0415143032036502
1199,-0.0415934653027988
1200,-0.0081964404159653
1201,-0.0082756025151139
1202,-0.0082179653898511
1203,-0.0082971274889998
1204,-0.0082245364656943
1205,-0.008303698564843
1206,-0.0082460614395802
1207,-0.0083252235387288
1208,0.032382275419781
1209,0.0323031133206324
1210,0.0323607504458951
1211,0.0322815883467465
1212,0.032354179370052
1213,0.0322750172709033
1214,0.0323326543961661
1215,0.0322534922970174
1216,-0.078094086344553
1217,-0.0781732484437017
1218,-0.0781156113184389
1219,-0.0781947734175875
1220,-0.0781221823942821
1221,-0.0782013444934307
1222,-0.0781437073681679
1223,-0.0782228694673166
1224,-0.0375153705088066
1225,-0.0375945326079553
1226,-0.0375368954826925
1227,-0.0376160575818411
1228,-0.0375434665585357
1229,-0.0376226286576843
1230,-0.0375649915324216
1231,-0.0376441536315702
1232,-0.0042471287447366
1233,-0.0043262908438853
1234,-0.0042686537186225
1235,-0.0043478158177711
1236,-0.0042752247944657
1237,-0.0043543868936143
1238,-0.0042967497683516
1239,-0.0043759118675002
1240,0.0363315870910097
1241,0.036252424991861
1242,0.0363100621171238
1243,0.0362309000179752
1244,0.0363034910412806
1245,0.036224328942132
1246,0.0362819660673947
1247,0.0362028039682461
1248,-0.0785204966517582
1249,-0.0785996587509068
1250,-0.0785420216256441
1251,-0.0786211837247927
1252,-0.0785485927014873
1253,-0.0786277548006359
1254,-0.0785701176753732
1255,-0.0786492797745218
1256,-0.0379417808160118
1257,-0.0380209429151604
1258,-0.0379633057898977
1259,-0.0380424678890463
1260,-0.0379698768657409
1261,-0.0380490389648895
1262,-0.0379914018396267
1263,-0.0380705639387754
1264,-0.0046735390519418
1265,-0.0047527011510904
1266,-0.0046950640258277
1267,-0.0047742261249763
1268,-0.0047016351016709
1269,-0.0047807972008195
1270,-0.0047231600755568
1271,-0.0048023221747054
1272,0.0359051767838045
1273,0.0358260146846558
1274,0.0358836518099186
1275,0.03580448971077
1276,0.0358770807340754
1277,0.0357979186349268
1278,0.0358555557601895
1279,0.0357763936610409
1280,-0.0762642792778283
1281,-0.076343441376977
1282,-0.0762858042517142
1283,-0.0763649663508629
1284,-0.0762923753275574
1285,-0.076371537426706
1286,-0.0763139003014433
1287,-0.0763930624005919
1288,-0.0356855634420819
1289,-0.0357647255412306
1290,-0.0357070884159678
1291,-0.0357862505151165
1292,-0.035713659491811
1293,-0.0357928215909596
1294,-0.0357351844656969
1295,-0.0358143465648455
1296,-0.0024173216780119
1297,-0.0024964837771606
1298,-0.0024388466518978
1299,-0.0025180087510465
1300,-0.002445417727741
1301,-0.0025245798268896
1302,-0.0024669427016269
1303,-0.0025461048007755
1304,0.0381613941577344
1305,0.0380822320585857
1306,0.0381398691838485
1307,0.0380607070846998
1308,0.0381332981080053
1309,0.0380541360088566
1310,0.0381117731341194
1311,0.0380326110349708
1312,-0.0766906895850335
1313,-0.0767698516841821
1314,-0.0767122145589194
1315,-0.076791376658068
1316,-0.0767187856347626
1317,-0.0767979477339112
1318,-0.0767403106086485
1319,-0.0768194727077971
1320,-0.0361119737492871
1321,-0.0361911358484358
1322,-0.036133498723173
1323,-0.0362126608223216
1324,-0.0361400697990162
1325,-0.0362192318981648
1326,-0.0361615947729021
1327,-0.0362407568720507
1328,-0.0028437319852171
1329,-0.0029228940843658
1330,-0.002865256959103
1331,-0.0029444190582516
1332,-0.0028718280349462
1333,-0.0029509901340948
1334,-0.0028933530088321
1335,-0.0029725151079807
1336,0.0377349838505292
1337,0.0376558217513805
1338,0.0377134588766433
1339,0.0376342967774947
1340,0.0377068878008001
1341,0.0376277257016515
1342,0.0376853628269142
1343,0.0376062007277656
1344,-0.0727413779138049
1345,-0.0728205400129535
1346,-0.0727629028876907
1347,-0.0728420649868394
1348,-0.0727694739635339
1349,-0.0728486360626826
1350,-0.0727909989374198
1351,-0.0728701610365684
1352,-0.0321626620780585
1353,-0.0322418241772071
1354,-0.0321841870519444
1355,-0.032263349151093
1356,-0.0321907581277875
1357,-0.0322699202269362
1358,-0.0322122831016734
1359,-0.0322914452008221
1360,0.0011055796860114
1361,0.0010264175868628
1362,0.0010840547121255
1363,0.0010048926129769
1364,0.0010774836362824
1365,0.0009983215371337
1366,0.0010559586623965
1367,0.0009767965632478
1368,0.0416842955217578
1369,0.0416051334226092
1370,0.0416627705478719
1371,0.0415836084487233
1372,0.0416561994720287
1373,0.0415770373728801
1374,0.0416346744981429
1375,0.0415555123989942
1376,-0.07316778822101
1377,-0.0732469503201587
1378,-0.0731893131948959
1379,-0.0732684752940446
1380,-0.0731958842707391
1381,-0.0732750463698877
1382,-0.073217409244625
1383,-0.0732965713437736
1384,-0.0325890723852637
1385,-0.0326682344844123
1386,-0.0326105973591495
1387,-0.0326897594582982
1388,-0.0326171684349927
1389,-0.0326963305341414
1390,-0.0326386934088786
1391,-0.0327178555080272
1392,0.0006791693788062
1393,0.0006000072796576
1394,0.0006576444049204
1395,0.0005784823057717
1396,0.0006510733290772
1397,0.0005719112299285
1398,0.0006295483551913
1399,0.0005503862560427
1400,0.0412578852145526
1401,0.041178723115404
1402,0.0412363602406668
1403,0.0411571981415181
1404,0.0412297891648236
1405,0.0411506270656749
1406,0.0412082641909377
1407,0.0411291020917891
1408,-0.0766453640470918
1409,-0.0767245261462404
1410,-0.0766668890209777
1411,-0.0767460511201263
1412,-0.0766734600968209
1413,-0.0767526221959695
1414,-0.0766949850707068
1415,-0.0767741471698554
1416,-0.0360666482113454
1417,-0.036145810310494
1418,-0.0360881731852313
1419,-0.0361673352843799
1420,-0.0360947442610745
1421,-0.0361739063602231
1422,-0.0361162692349603
1423,-0.036195431334109
1424,-0.0027984064472754
1425,-0.002877568546424
1426,-0.0028199314211613
1427,-0.0028990935203099
1428,-0.0028265024970045
1429,-0.0029056645961531
1430,-0.0028480274708904
1431,-0.002927189570039
1432,0.0377803093884709
1433,0.0377011472893222
1434,0.037758784414585
1435,0.0376796223154364
1436,0.0377522133387418
1437,0.0376730512395932
1438,0.0377306883648559
1439,0.0376515262657073
1440,-0.077071774354297
1441,-0.0771509364534456
1442,-0.0770932993281829
1443,-0.0771724614273315
1444,-0.077099870404026
1445,-0.0771790325031747
1446,-0.0771213953779119
1447,-0.0772005574770606
1448,-0.0364930585185506
1449,-0.0365722206176992
1450,-0.0365145834924365
1451,-0.0365937455915851
1452,-0.0365211545682796
1453,-0.0366003166674283
1454,-0.0365426795421655
1455,-0.0366218416413142
1456,-0.0032248167544806
1457,-0.0033039788536292
1458,-0.0032463417283665
1459,-0.0033255038275151
1460,-0.0032529128042097
1461,-0.0033320749033583
1462,-0.0032744377780955
1463,-0.0033535998772442
1464,0.0373538990812657
1465,0.0372747369821171
1466,0.0373323741073798
1467,0.0372532120082312
1468,0.0373258030315366
1469,0.037246640932388
1470,0.0373042780576508
1471,0.0372251159585021
1472,-0.0731224626830683
1473,-0.073201624782217
1474,-0.0731439876569542
1475,-0.0732231497561028
1476,-0.0731505587327974
1477,-0.073229720831946
1478,-0.0731720837066833
1479,-0.0732512458058319
1480,-0.0325437468473219
1481,-0.0326229089464706
1482,-0.0325652718212078
1483,-0.0326444339203565
1484,-0.032571842897051
1485,-0.0326510049961996
1486,-0.0325933678709369
1487,-0.0326725299700855
1488,0.000724494916748
1489,0.0006453328175993
1490,0.0007029699428621
1491,0.0006238078437134
1492,0.0006963988670189
1493,0.0006172367678702
1494,0.000674873893133
1495,0.0005957117939844
1496,0.0413032107524943
1497,0.0412240486533457
1498,0.0412816857786085
1499,0.0412025236794598
1500,0.0412751147027653
1501,0.0411959526036166
1502,0.0412535897288794
1503,0.0411744276297308
1504,-0.0735488729902735
1505,-0.0736280350894222
1506,-0.0735703979641594
1507,-0.073649560063308
1508,-0.0735769690400026
1509,-0.0736561311391512
1510,-0.0735984940138885
1511,-0.0736776561130371
1512,-0.0329701571545271
1513,-0.0330493192536758
1514,-0.032991682128413
1515,-0.0330708442275616
1516,-0.0329982532042562
1517,-0.0330774153034048
1518,-0.0330197781781421
1519,-0.0330989402772907
1520,0.0002980846095428
1521,0.0002189225103941
1522,0.0002765596356569
1523,0.0001973975365083
1524,0.0002699885598137
1525,0.0001908264606651
1526,0.0002484635859278
1527,0.0001693014867792
1528,0.0408768004452892
1529,0.0407976383461405
1530,0.0408552754714033
1531,0.0407761133722546
1532,0.0408487043955601
1533,0.0407695422964115
1534,0.0408271794216742
1535,0.0407480173225256
1536,-0.05864776746957
1537,-0.0587269295687187
1538,-0.0586692924434559
1539,-0.0587484545426045
1540,-0.0586758635192991
1541,-0.0587550256184477
1542,-0.058697388493185
1543,-0.0587765505923336
1544,-0.0180690516338236
1545,-0.0181482137329723
1546,-0.0180905766077095
1547,-0.0181697387068582
1548,-0.0180971476835527
1549,-0.0181763097827013
1550,-0.0181186726574386
1551,-0.0181978347565872
1552,0.0151991901302463
1553,0.0151200280310976
1554,0.0151776651563604
1555,0.0150985030572117
1556,0.0151710940805172
1557,0.0150919319813686
1558,0.0151495691066313
1559,0.0150704070074827
1560,0.0557779059659927
1561,0.055698743866844
1562,0.0557563809921068
1563,0.0556772188929581
1564,0.0557498099162636
1565,0.0556706478171149
1566,0.0557282849423777
1567,0.0556491228432291
1568,-0.0590741777767752
1569,-0.0591533398759238
1570,-0.0590957027506611
1571,-0.0591748648498097
1572,-0.0591022738265043
1573,-0.0591814359256529
1574,-0.0591237988003902
1575,-0.0592029608995388
1576,-0.0184954619410288
1577,-0.0185746240401775
1578,-0.0185169869149147
1579,-0.0185961490140633
1580,-0.0185235579907579
1581,-0.0186027200899065
1582,-0.0185450829646438
1583,-0.0186242450637924
1584,0.0147727798230411
1585,0.0146936177238924
1586,0.0147512548491552
1587,0.0146720927500066
1588,0.014744683773312
1589,0.0146655216741634
1590,0.0147231587994261
1591,0.0146439967002775
1592,0.0553514956587875
1593,0.0552723335596388
1594,0.0553299706849016
1595,0.055250808585753
1596,0.0553233996090584
1597,0.0552442375099098
1598,0.0553018746351725
1599,0.0552227125360239
1600,-0.0551248661055466
1601,-0.0552040282046952
1602,-0.0551463910794324
1603,-0.0552255531785811
1604,-0.0551529621552756
1605,-0.0552321242544243
1606,-0.0551744871291615
1607,-0.0552536492283101
1608,-0.0145461502698002
1609,-0.0146253123689488
1610,-0.0145676752436861
1611,-0.0146468373428347
1612,-0.0145742463195292
1613,-0.0146534084186779
1614,-0.0145957712934151
1615,-0.0146749333925638
1616,0.0187220914942697
1617,0.0186429293951211
1618,0.0187005665203838
1619,0.0186214044212352
1620,0.0186939954445407
1621,0.018614833345392
1622,0.0186724704706548
1623,0.0185933083715061
1624,0.0593008073300161
1625,0.0592216452308675
1626,0.0592792823561302
1627,0.0592001202569816
1628,0.059272711280287
1629,0.0591935491811384
1630,0.0592511863064012
1631,0.0591720242072525
1632,-0.0555512764127517
1633,-0.0556304385119004
1634,-0.0555728013866376
1635,-0.0556519634857863
1636,-0.0555793724624808
1637,-0.0556585345616294
1638,-0.0556008974363667
1639,-0.0556800595355153
1640,-0.0149725605770054
1641,-0.015051722676154
1642,-0.0149940855508912
1643,-0.0150732476500399
1644,-0.0150006566267344
1645,-0.0150798187258831
1646,-0.0150221816006203
1647,-0.0151013436997689
1648,0.0182956811870645
1649,0.0182165190879159
1650,0.0182741562131787
1651,0.01819499411403
1652,0.0182675851373355
1653,0.0181884230381868
1654,0.0182460601634496
1655,0.018166898064301
1656,0.0588743970228109
1657,0.0587952349236623
1658,0.058852872048925
1659,0.0587737099497764
1660,0.0588463009730818
1661,0.0587671388739332
1662,0.058824775999196
1663,0.0587456139000473
1664,-0.0590288522388335
1665,-0.0591080143379821
1666,-0.0590503772127194
1667,-0.059129539311868
1668,-0.0590569482885626
1669,-0.0591361103877112
1670,-0.0590784732624484
1671,-0.0591576353615971
1672,-0.0184501364030871
1673,-0.0185292985022357
1674,-0.018471661376973
1675,-0.0185508234761216
1676,-0.0184782324528162
1677,-0.0185573945519648
1678,-0.0184997574267021
1679,-0.0185789195258507
1680,0.0148181053609828
1681,0.0147389432618342
1682,0.0147965803870969
1683,0.0147174182879483
1684,0.0147900093112537
1685,0.0147108472121051
1686,0.0147684843373678
1687,0.0146893222382192
1688,0.0553968211967292
1689,0.0553176590975805
1690,0.0553752962228433
1691,0.0552961341236947
1692,0.0553687251470001
1693,0.0552895630478515
1694,0.0553472001731142
1695,0.0552680380739656
1696,-0.0594552625460387
1697,-0.0595344246451873
1698,-0.0594767875199246
1699,-0.0595559496190732
1700,-0.0594833585957677
1701,-0.0595625206949164
1702,-0.0595048835696536
1703,-0.0595840456688023
1704,-0.0188765467102923
1705,-0.0189557088094409
1706,-0.0188980716841782
1707,-0.0189772337833268
1708,-0.0189046427600214
1709,-0.01898380485917
1710,-0.0189261677339072
1711,-0.0190053298330559
1712,0.0143916950537776
1713,0.014312532954629
1714,0.0143701700798917
1715,0.0142910079807431
1716,0.0143635990040485
1717,0.0142844369048999
1718,0.0143420740301627
1719,0.014262911931014
1720,0.054970410889524
1721,0.0548912487903754
1722,0.0549488859156381
1723,0.0548697238164895
1724,0.0549423148397949
1725,0.0548631527406463
1726,0.0549207898659091
1727,0.0548416277667604
1728,-0.05550595087481
1729,-0.0555851129739587
1730,-0.0555274758486959
1731,-0.0556066379478445
1732,-0.0555340469245391
1733,-0.0556132090236877
1734,-0.055555571898425
1735,-0.0556347339975736
1736,-0.0149272350390636
1737,-0.0150063971382123
1738,-0.0149487600129495
1739,-0.0150279221120982
1740,-0.0149553310887927
1741,-0.0150344931879414
1742,-0.0149768560626786
1743,-0.0150560181618272
1744,0.0183410067250062
1745,0.0182618446258576
1746,0.0183194817511204
1747,0.0182403196519717
1748,0.0183129106752772
1749,0.0182337485761285
1750,0.0182913857013913
1751,0.0182122236022427
1752,0.0589197225607526
1753,0.058840560461604
1754,0.0588981975868667
1755,0.0588190354877181
1756,0.0588916265110236
1757,0.0588124644118749
1758,0.0588701015371377
1759,0.0587909394379891
1760,-0.0559323611820152
1761,-0.0560115232811639
1762,-0.0559538861559011
1763,-0.0560330482550497
1764,-0.0559604572317443
1765,-0.0560396193308929
1766,-0.0559819822056302
1767,-0.0560611443047788
1768,-0.0153536453462688
1769,-0.0154328074454175
1770,-0.0153751703201547
1771,-0.0154543324193033
1772,-0.0153817413959979
1773,-0.0154609034951465
1774,-0.0154032663698838
1775,-0.0154824284690324
1776,0.0179145964178011
1777,0.0178354343186524
1778,0.0178930714439152
1779,0.0178139093447666
1780,0.017886500368072
1781,0.0178073382689234
1782,0.0178649753941861
1783,0.0177858132950375
1784,0.0584933122535475
1785,0.0584141501543988
1786,0.0584717872796616
1787,0.0583926251805129
1788,0.0584652162038184
1789,0.0583860541046697
1790,0.0584436912299325
1791,0.0583645291307839
1792,-0.0536761438080853
1793,-0.053755305907234
1794,-0.0536976687819712
1795,-0.0537768308811199
1796,-0.0537042398578144
1797,-0.053783401956963
1798,-0.0537257648317003
1799,-0.0538049269308489
1800,-0.013097427972339
1801,-0.0131765900714876
1802,-0.0131189529462248
1803,-0.0131981150453735
1804,-0.013125524022068
1805,-0.0132046861212167
1806,-0.0131470489959539
1807,-0.0132262110951025
1808,0.0201708137917309
1809,0.0200916516925823
1810,0.0201492888178451
1811,0.0200701267186964
1812,0.0201427177420019
1813,0.0200635556428532
1814,0.020121192768116
1815,0.0200420306689674
1816,0.0607495296274773
1817,0.0606703675283287
1818,0.0607280046535914
1819,0.0606488425544428
1820,0.0607214335777482
1821,0.0606422714785996
1822,0.0606999086038624
1823,0.0606207465047137
1824,-0.0541025541152905
1825,-0.0541817162144392
1826,-0.0541240790891764
1827,-0.054203241188325
1828,-0.0541306501650196
1829,-0.0542098122641682
1830,-0.0541521751389055
1831,-0.0542313372380541
1832,-0.0135238382795441
1833,-0.0136030003786928
1834,-0.01354536325343
1835,-0.0136245253525787
1836,-0.0135519343292732
1837,-0.0136310964284218
1838,-0.0135734593031591
1839,-0.0136526214023077
1840,0.0197444034845258
1841,0.0196652413853771
1842,0.0197228785106399
1843,0.0196437164114912
1844,0.0197163074347967
1845,0.019637145335648
1846,0.0196947824609108
1847,0.0196156203617622
1848,0.0603231193202721
1849,0.0602439572211235
1850,0.0603015943463863
1851,0.0602224322472376
1852,0.0602950232705431
1853,0.0602158611713944
1854,0.0602734982966572
1855,0.0601943361975085
1856,-0.0501532424440619
1857,-0.0502324045432105
1858,-0.0501747674179478
1859,-0.0502539295170964
1860,-0.050181338493791
1861,-0.0502605005929396
1862,-0.0502028634676768
1863,-0.0502820255668255
1864,-0.0095745266083155
1865,-0.0096536887074641
1866,-0.0095960515822014
1867,-0.00967521368135
1868,-0.0096026226580446
1869,-0.0096817847571932
1870,-0.0096241476319304
1871,-0.0097033097310791
1872,0.0236937151557544
1873,0.0236145530566058
1874,0.0236721901818685
1875,0.0235930280827199
1876,0.0236656191060253
1877,0.0235864570068767
1878,0.0236440941321395
1879,0.0235649320329908
1880,0.0642724309915008
1881,0.0641932688923521
1882,0.0642509060176149
1883,0.0641717439184663
1884,0.0642443349417717
1885,0.0641651728426231
1886,0.0642228099678858
1887,0.0641436478687372
1888,-0.0505796527512671
1889,-0.0506588148504157
1890,-0.050601177725153
1891,-0.0506803398243016
1892,-0.0506077488009961
1893,-0.0506869109001448
1894,-0.050629273774882
1895,-0.0507084358740307
1896,-0.0100009369155207
1897,-0.0100800990146693
1898,-0.0100224618894066
1899,-0.0101016239885552
1900,-0.0100290329652497
1901,-0.0101081950643984
1902,-0.0100505579391356
1903,-0.0101297200382843
1904,0.0232673048485492
1905,0.0231881427494006
1906,0.0232457798746633
1907,0.0231666177755147
1908,0.0232392087988201
1909,0.0231600466996715
1910,0.0232176838249343
1911,0.0231385217257856
1912,0.0638460206842956
1913,0.063766858585147
1914,0.0638244957104097
1915,0.0637453336112611
1916,0.0638179246345665
1917,0.0637387625354179
1918,0.0637963996606807
1919,0.063717237561532
1920,-0.0540572285773488
1921,-0.0541363906764974
1922,-0.0540787535512347
1923,-0.0541579156503833
1924,-0.0540853246270779
1925,-0.0541644867262265
1926,-0.0541068496009638
1927,-0.0541860117001124
1928,-0.0134785127416024
1929,-0.0135576748407511
1930,-0.0135000377154883
1931,-0.0135791998146369
1932,-0.0135066087913315
1933,-0.0135857708904801
1934,-0.0135281337652174
1935,-0.013607295864366
1936,0.0197897290224675
1937,0.0197105669233188
1938,0.0197682040485816
1939,0.019689041949433
1940,0.0197616329727384
1941,0.0196824708735898
1942,0.0197401079988525
1943,0.0196609458997039
1944,0.0603684448582139
1945,0.0602892827590652
1946,0.060346919884328
1947,0.0602677577851793
1948,0.0603403488084848
1949,0.0602611867093361
1950,0.0603188238345989
1951,0.0602396617354503
1952,-0.054483638884554
1953,-0.0545628009837026
1954,-0.0545051638584399
1955,-0.0545843259575885
1956,-0.0545117349342831
1957,-0.0545908970334317
1958,-0.0545332599081689
1959,-0.0546124220073176
1960,-0.0139049230488076
1961,-0.0139840851479563
1962,-0.0139264480226935
1963,-0.0140056101218421
1964,-0.0139330190985367
1965,-0.0140121811976853
1966,-0.0139545440724226
1967,-0.0140337061715712
1968,0.0193633187152623
1969,0.0192841566161136
1970,0.0193417937413764
1971,0.0192626316422278
1972,0.0193352226655332
1973,0.0192560605663846
1974,0.0193136976916473
1975,0.0192345355924987
1976,0.0599420345510087
1977,0.05986287245186
1978,0.0599205095771228
1979,0.0598413474779742
1980,0.0599139385012796
1981,0.059834776402131
1982,0.0598924135273937
1983,0.0598132514282451
1984,-0.0505343272133254
1985,-0.050613489312474
1986,-0.0505558521872112
1987,-0.0506350142863599
1988,-0.0505624232630544
1989,-0.0506415853622031
1990,-0.0505839482369403
1991,-0.0506631103360889
1992,-0.009955611377579
1993,-0.0100347734767276
1994,-0.0099771363514649
1995,-0.0100562984506135
1996,-0.009983707427308
1997,-0.0100628695264567
1998,-0.0100052324011939
1999,-0.0100843945003426
2000,0.0233126303864909
2001,0.0232334682873423
2002,0.023291105412605
2003,0.0232119433134564
2004,0.0232845343367619
2005,0.0232053722376132
2006,0.023263009362876
2007,0.0231838472637273
2008,0.0638913462222373
2009,0.0638121841230887
2010,0.0638698212483514
2011,0.0637906591492028
2012,0.0638632501725083
2013,0.0637840880733596
2014,0.0638417251986224
2015,0.0637625630994737
2016,-0.0509607375205305
2017,-0.0510398996196792
2018,-0.0509822624944164
2019,-0.0510614245935651
2020,-0.0509888335702596
2021,-0.0510679956694082
2022,-0.0510103585441455
2023,-0.0510895206432941
2024,-0.0103820216847842
2025,-0.0104611837839328
2026,-0.01040354665867
2027,-0.0104827087578187
2028,-0.0104101177345132
2029,-0.0104892798336619
2030,-0.0104316427083991
2031,-0.0105108048075477
2032,0.0228862200792857
2033,0.0228070579801371
2034,0.0228646951053999
2035,0.0227855330062512
2036,0.0228581240295567
2037,0.022778961930408
2038,0.0228365990556708
2039,0.0227574369565222
2040,0.0634649359150321
2041,0.0633857738158835
2042,0.0634434109411462
2043,0.0633642488419976
2044,0.0634368398653031
2045,0.0633576777661544
2046,0.0634153148914172
2047,0.0633361527922686
2048,-0.0813746131975827
2049,-0.0814537752967313
2050,-0.0813961381714686
2051,-0.0814753002706172
2052,-0.0814027092473118
2053,-0.0814818713464604
2054,-0.0814242342211977
2055,-0.0815033963203463
2056,-0.0407958973618363
2057,-0.0408750594609849
2058,-0.0408174223357222
2059,-0.0408965844348708
2060,-0.0408239934115654
2061,-0.040903155510714
2062,-0.0408455183854512
2063,-0.0409246804845999
2064,-0.0075276555977663
2065,-0.0076068176969149
2066,-0.0075491805716522
2067,-0.0076283426708008
2068,-0.0075557516474954
2069,-0.007634913746644
2070,-0.0075772766213813
2071,-0.0076564387205299
2072,0.03305106023798
2073,0.0329718981388313
2074,0.0330295352640941
2075,0.0329503731649455
2076,0.0330229641882509
2077,0.0329438020891023
2078,0.033001439214365
2079,0.0329222771152164
2080,-0.0818010235047879
2081,-0.0818801856039365
2082,-0.0818225484786738
2083,-0.0819017105778224
2084,-0.0818291195545169
2085,-0.0819082816536656
2086,-0.0818506445284028
2087,-0.0819298066275515
2088,-0.0412223076690415
2089,-0.0413014697681901
2090,-0.0412438326429274
2091,-0.041322994742076
2092,-0.0412504037187706
2093,-0.0413295658179192
2094,-0.0412719286926564
2095,-0.0413510907918051
2096,-0.0079540659049715
2097,-0.0080332280041201
2098,-0.0079755908788574
2099,-0.008054752978006
2100,-0.0079821619547006
2101,-0.0080613240538492
2102,-0.0080036869285864
2103,-0.0080828490277351
2104,0.0326246499307748
2105,0.0325454878316262
2106,0.0326031249568889
2107,0.0325239628577403
2108,0.0325965538810457
2109,0.0325173917818971
2110,0.0325750289071598
2111,0.0324958668080112
2112,-0.0778517118335593
2113,-0.0779308739327079
2114,-0.0778732368074451
2115,-0.0779523989065937
2116,-0.0778798078832883
2117,-0.0779589699824369
2118,-0.0779013328571742
2119,-0.0779804949563228
2120,-0.0372729959978128
2121,-0.0373521580969615
2122,-0.0372945209716987
2123,-0.0373736830708474
2124,-0.0373010920475419
2125,-0.0373802541466905
2126,-0.0373226170214278
2127,-0.0374017791205764
2128,-0.0040047542337429
2129,-0.0040839163328915
2130,-0.0040262792076287
2131,-0.0041054413067774
2132,-0.0040328502834719
2133,-0.0041120123826206
2134,-0.0040543752573578
2135,-0.0041335373565064
2136,0.0365739616020034
2137,0.0364947995028548
2138,0.0365524366281176
2139,0.0364732745289689
2140,0.0365458655522744
2141,0.0364667034531257
2142,0.0365243405783885
2143,0.0364451784792399
2144,-0.0782781221407644
2145,-0.0783572842399131
2146,-0.0782996471146503
2147,-0.0783788092137989
2148,-0.0783062181904935
2149,-0.0783853802896421
2150,-0.0783277431643794
2151,-0.078406905263528
2152,-0.037699406305018
2153,-0.0377785684041667
2154,-0.0377209312789039
2155,-0.0378000933780525
2156,-0.0377275023547471
2157,-0.0378066644538957
2158,-0.037749027328633
2159,-0.0378281894277816
2160,-0.004431164540948
2161,-0.0045103266400967
2162,-0.0044526895148339
2163,-0.0045318516139826
2164,-0.0044592605906771
2165,-0.0045384226898257
2166,-0.004480785564563
2167,-0.0045599476637116
2168,0.0361475512947983
2169,0.0360683891956496
2170,0.0361260263209124
2171,0.0360468642217637
2172,0.0361194552450692
2173,0.0360402931459206
2174,0.0360979302711833
2175,0.0360187681720347
2176,-0.0817556979668462
2177,-0.0818348600659948
2178,-0.081777222940732
2179,-0.0818563850398807
2180,-0.0817837940165752
2181,-0.0818629561157239
2182,-0.0818053189904611
2183,-0.0818844810896098
2184,-0.0411769821310998
2185,-0.0412561442302484
2186,-0.0411985071049857
2187,-0.0412776692041343
2188,-0.0412050781808288
2189,-0.0412842402799775
2190,-0.0412266031547147
2191,-0.0413057652538634
2192,-0.0079087403670298
2193,-0.0079879024661784
2194,-0.0079302653409157
2195,-0.0080094274400643
2196,-0.0079368364167588
2197,-0.0080159985159075
2198,-0.0079583613906447
2199,-0.0080375234897934
2200,0.0326699754687165
2201,0.0325908133695679
2202,0.0326484504948306
2203,0.032569288395682
2204,0.0326418794189874
2205,0.0325627173198388
2206,0.0326203544451016
2207,0.0325411923459529
2208,-0.0821821082740514
2209,-0.0822612703732
2210,-0.0822036332479372
2211,-0.0822827953470859
2212,-0.0822102043237804
2213,-0.0822893664229291
2214,-0.0822317292976663
2215,-0.0823108913968149
2216,-0.041603392438305
2217,-0.0416825545374536
2218,-0.0416249174121908
2219,-0.0417040795113395
2220,-0.041631488488034
2221,-0.0417106505871827
2222,-0.0416530134619199
2223,-0.0417321755610685
2224,-0.008335150674235
2225,-0.0084143127733836
2226,-0.0083566756481208
2227,-0.0084358377472695
2228,-0.008363246723964
2229,-0.0084424088231127
2230,-0.0083847716978499
2231,-0.0084639337969985
2232,0.0322435651615113
2233,0.0321644030623627
2234,0.0322220401876254
2235,0.0321428780884768
2236,0.0322154691117823
2237,0.0321363070126336
2238,0.0321939441378964
2239,0.0321147820387477
2240,-0.0782327966028227
2241,-0.0783119587019714
2242,-0.0782543215767086
2243,-0.0783334836758572
2244,-0.0782608926525518
2245,-0.0783400547517004
2246,-0.0782824176264376
2247,-0.0783615797255863
2248,-0.0376540807670763
2249,-0.037733242866225
2250,-0.0376756057409622
2251,-0.0377547678401108
2252,-0.0376821768168054
2253,-0.037761338915954
2254,-0.0377037017906913
2255,-0.0377828638898399
2256,-0.0043858390030063
2257,-0.004465001102155
2258,-0.0044073639768922
2259,-0.0044865260760408
2260,-0.0044139350527354
2261,-0.004493097151884
2262,-0.0044354600266213
2263,-0.0045146221257699
2264,0.03619287683274
2265,0.0361137147335913
2266,0.0361713518588541
2267,0.0360921897597055
2268,0.0361647807830109
2269,0.0360856186838623
2270,0.036143255809125
2271,0.0360640937099764
2272,-0.0786592069100279
2273,-0.0787383690091765
2274,-0.0786807318839138
2275,-0.0787598939830624
2276,-0.078687302959757
2277,-0.0787664650589056
2278,-0.0787088279336429
2279,-0.0787879900327915
2280,-0.0380804910742815
2281,-0.0381596531734301
2282,-0.0381020160481674
2283,-0.038181178147316
2284,-0.0381085871240106
2285,-0.0381877492231592
2286,-0.0381301120978964
2287,-0.0382092741970451
2288,-0.0048122493102115
2289,-0.0048914114093601
2290,-0.0048337742840974
2291,-0.004912936383246
2292,-0.0048403453599406
2293,-0.0049195074590892
2294,-0.0048618703338264
2295,-0.0049410324329751
2296,0.0357664665255348
2297,0.0356873044263862
2298,0.0357449415516489
2299,0.0356657794525003
2300,0.0357383704758057
2301,0.0356592083766571
2302,0.0357168455019198
2303,0.0356376834027712
2304,-0.076402989536098
2305,-0.0764821516352467
2306,-0.0764245145099839
2307,-0.0765036766091325
2308,-0.0764310855858271
2309,-0.0765102476849757
2310,-0.076452610559713
2311,-0.0765317726588616
2312,-0.0358242737003516
2313,-0.0359034357995003
2314,-0.0358457986742375
2315,-0.0359249607733861
2316,-0.0358523697500807
2317,-0.0359315318492293
2318,-0.0358738947239666
2319,-0.0359530568231152
2320,-0.0025560319362816
2321,-0.0026351940354303
2322,-0.0025775569101675
2323,-0.0026567190093162
2324,-0.0025841279860107
2325,-0.0026632900851593
2326,-0.0026056529598966
2327,-0.0026848150590452
2328,0.0380226838994647
2329,0.037943521800316
2330,0.0380011589255788
2331,0.0379219968264301
2332,0.0379945878497356
2333,0.037915425750587
2334,0.0379730628758497
2335,0.0378939007767011
2336,-0.0768293998433032
2337,-0.0769085619424518
2338,-0.0768509248171891
2339,-0.0769300869163377
2340,-0.0768574958930323
2341,-0.0769366579921809
2342,-0.0768790208669182
2343,-0.0769581829660668
2344,-0.0362506840075568
2345,-0.0363298461067055
2346,-0.0362722089814427
2347,-0.0363513710805913
2348,-0.0362787800572859
2349,-0.0363579421564345
2350,-0.0363003050311718
2351,-0.0363794671303204
2352,-0.0029824422434868
2353,-0.0030616043426355
2354,-0.0030039672173727
2355,-0.0030831293165213
2356,-0.0030105382932159
2357,-0.0030897003923645
2358,-0.0030320632671018
2359,-0.0031112253662504
2360,0.0375962735922595
2361,0.0375171114931108
2362,0.0375747486183736
2363,0.037495586519225
2364,0.0375681775425304
2365,0.0374890154433818
2366,0.0375466525686445
2367,0.0374674904694959
2368,-0.0728800881720746
2369,-0.0729592502712232
2370,-0.0729016131459604
2371,-0.0729807752451091
2372,-0.0729081842218036
2373,-0.0729873463209523
2374,-0.0729297091956895
2375,-0.0730088712948381
2376,-0.0323013723363282
2377,-0.0323805344354768
2378,-0.0323228973102141
2379,-0.0324020594093627
2380,-0.0323294683860572
2381,-0.0324086304852059
2382,-0.0323509933599431
2383,-0.0324301554590918
2384,0.0009668694277417
2385,0.0008877073285931
2386,0.0009453444538558
2387,0.0008661823547072
2388,0.0009387733780127
2389,0.000859611278864
2390,0.0009172484041268
2391,0.0008380863049781
2392,0.0415455852634881
2393,0.0414664231643395
2394,0.0415240602896022
2395,0.0414448981904536
2396,0.0415174892137591
2397,0.0414383271146104
2398,0.0414959642398732
2399,0.0414168021407245
2400,-0.0733064984792797
2401,-0.0733856605784284
2402,-0.0733280234531656
2403,-0.0734071855523143
2404,-0.0733345945290088
2405,-0.0734137566281574
2406,-0.0733561195028947
2407,-0.0734352816020433
2408,-0.0327277826435334
2409,-0.032806944742682
2410,-0.0327493076174192
2411,-0.0328284697165679
2412,-0.0327558786932624
2413,-0.0328350407924111
2414,-0.0327774036671483
2415,-0.0328565657662969
2416,0.0005404591205365
2417,0.0004612970213879
2418,0.0005189341466507
2419,0.000439772047502
2420,0.0005123630708075
2421,0.0004332009716588
2422,0.0004908380969216
2423,0.000411675997773
2424,0.0411191749562829
2425,0.0410400128571343
2426,0.0410976499823971
2427,0.0410184878832484
2428,0.0410910789065539
2429,0.0410119168074052
2430,0.041069553932668
2431,0.0409903918335194
2432,-0.0767840743053615
2433,-0.0768632364045101
2434,-0.0768055992792474
2435,-0.076884761378396
2436,-0.0768121703550906
2437,-0.0768913324542392
2438,-0.0768336953289764
2439,-0.0769128574281251
2440,-0.0362053584696151
2441,-0.0362845205687637
2442,-0.036226883443501
2443,-0.0363060455426496
2444,-0.0362334545193442
2445,-0.0363126166184928
2446,-0.03625497949323
2447,-0.0363341415923787
2448,-0.0029371167055451
2449,-0.0030162788046937
2450,-0.002958641679431
2451,-0.0030378037785796
2452,-0.0029652127552742
2453,-0.0030443748544228
2454,-0.00298673772916
2455,-0.0030658998283087
2456,0.0376415991302012
2457,0.0375624370310525
2458,0.0376200741563153
2459,0.0375409120571667
2460,0.0376135030804721
2461,0.0375343409813235
2462,0.0375919781065862
2463,0.0375128160074376
2464,-0.0772104846125667
2465,-0.0772896467117153
2466,-0.0772320095864525
2467,-0.0773111716856012
2468,-0.0772385806622957
2469,-0.0773177427614444
2470,-0.0772601056361816
2471,-0.0773392677353303
2472,-0.0366317687768203
2473,-0.0367109308759689
2474,-0.0366532937507062
2475,-0.0367324558498548
2476,-0.0366598648265493
2477,-0.036739026925698
2478,-0.0366813898004352
2479,-0.0367605518995839
2480,-0.0033635270127503
2481,-0.0034426891118989
2482,-0.0033850519866362
2483,-0.0034642140857848
2484,-0.0033916230624794
2485,-0.003470785161628
2486,-0.0034131480363652
2487,-0.0034923101355139
2488,0.037215188822996
2489,0.0371360267238474
2490,0.0371936638491101
2491,0.0371145017499615
2492,0.0371870927732669
2493,0.0371079306741183
2494,0.0371655677993811
2495,0.0370864057002324
2496,-0.073261172941338
2497,-0.0733403350404867
2498,-0.0732826979152239
2499,-0.0733618600143725
2500,-0.0732892689910671
2501,-0.0733684310902157
2502,-0.073310793964953
2503,-0.0733899560641016
2504,-0.0326824571055916
2505,-0.0327616192047403
2506,-0.0327039820794775
2507,-0.0327831441786262
2508,-0.0327105531553207
2509,-0.0327897152544693
2510,-0.0327320781292066
2511,-0.0328112402283552
2512,0.0005857846584783
2513,0.0005066225593296
2514,0.0005642596845924
2515,0.0004850975854437
2516,0.0005576886087492
2517,0.0004785265096006
2518,0.0005361636348633
2519,0.0004570015357147
2520,0.0411645004942246
2521,0.041085338395076
2522,0.0411429755203388
2523,0.0410638134211901
2524,0.0411364044444956
2525,0.0410572423453469
2526,0.0411148794706097
2527,0.0410357173714611
2528,-0.0736875832485432
2529,-0.0737667453476918
2530,-0.0737091082224291
2531,-0.0737882703215777
2532,-0.0737156792982723
2533,-0.0737948413974209
2534,-0.0737372042721582
2535,-0.0738163663713068
2536,-0.0331088674127968
2537,-0.0331880295119455
2538,-0.0331303923866827
2539,-0.0332095544858313
2540,-0.0331369634625259
2541,-0.0332161255616745
2542,-0.0331584884364118
2543,-0.0332376505355604
2544,0.0001593743512731
2545,8.021225212448599e-05
2546,0.0001378493773872
2547,5.868727823860794e-05
2548,0.000131278301544
2549,5.2116202395420994e-05
2550,0.0001097533276581
2551,3.059122850954295e-05
2552,0.0407380901870195
2553,0.0406589280878708
2554,0.0407165652131336
2555,0.040637403113985
2556,0.0407099941372904
2557,0.0406308320381418
2558,0.0406884691634045
2559,0.0406093070642559
2560,-0.0587864777278397
2561,-0.0588656398269884
2562,-0.0588080027017256
2563,-0.0588871648008742
2564,-0.0588145737775688
2565,-0.0588937358767174
2566,-0.0588360987514547
2567,-0.0589152608506033
2568,-0.0182077618920933
2569,-0.018286923991242
2570,-0.0182292868659792
2571,-0.0183084489651279
2572,-0.0182358579418224
2573,-0.018315020040971
2574,-0.0182573829157083
2575,-0.0183365450148569
2576,0.0150604798719766
2577,0.0149813177728279
2578,0.0150389548980907
2579,0.014959792798942
2580,0.0150323838222475
2581,0.0149532217230989
2582,0.0150108588483616
2583,0.014931696749213
2584,0.055639195707723
2585,0.0555600336085743
2586,0.0556176707338371
2587,0.0555385086346884
2588,0.0556110996579939
2589,0.0555319375588453
2590,0.055589574684108
2591,0.0555104125849594
2592,-0.0592128880350449
2593,-0.0592920501341935
2594,-0.0592344130089308
2595,-0.0593135751080794
2596,-0.059240984084774
2597,-0.0593201461839226
2598,-0.0592625090586598
2599,-0.0593416711578085
2600,-0.0186341721992985
2601,-0.0187133342984472
2602,-0.0186556971731844
2603,-0.018734859272333
2604,-0.0186622682490276
2605,-0.0187414303481762
2606,-0.0186837932229135
2607,-0.0187629553220621
2608,0.0146340695647714
2609,0.0145549074656227
2610,0.0146125445908855
2611,0.0145333824917369
2612,0.0146059735150423
2613,0.0145268114158937
2614,0.0145844485411564
2615,0.0145052864420078
2616,0.0552127854005178
2617,0.0551336233013691
2618,0.0551912604266319
2619,0.0551120983274833
2620,0.0551846893507887
2621,0.0551055272516401
2622,0.0551631643769028
2623,0.0550840022777542
2624,-0.0552635763638163
2625,-0.0553427384629649
2626,-0.0552851013377021
2627,-0.0553642634368508
2628,-0.0552916724135453
2629,-0.055370834512694
2630,-0.0553131973874312
2631,-0.0553923594865798
2632,-0.0146848605280699
2633,-0.0147640226272185
2634,-0.0147063855019558
2635,-0.0147855476011044
2636,-0.0147129565777989
2637,-0.0147921186769476
2638,-0.0147344815516848
2639,-0.0148136436508335
2640,0.018583381236
2641,0.0185042191368514
2642,0.0185618562621141
2643,0.0184826941629655
2644,0.018555285186271
2645,0.0184761230871223
2646,0.0185337602123851
2647,0.0184545981132364
2648,0.0591620970717464
2649,0.0590829349725978
2650,0.0591405720978605
2651,0.0590614099987119
2652,0.0591340010220173
2653,0.0590548389228687
2654,0.0591124760481315
2655,0.0590333139489828
2656,-0.0556899866710214
2657,-0.0557691487701701
2658,-0.0557115116449073
2659,-0.055790673744056
2660,-0.0557180827207505
2661,-0.0557972448198991
2662,-0.0557396076946364
2663,-0.055818769793785
2664,-0.0151112708352751
2665,-0.0151904329344237
2666,-0.0151327958091609
2667,-0.0152119579083096
2668,-0.0151393668850041
2669,-0.0152185289841528
2670,-0.01516089185889
2671,-0.0152400539580386
2672,0.0181569709287948
2673,0.0180778088296462
2674,0.018135445954909
2675,0.0180562838557603
2676,0.0181288748790658
2677,0.0180497127799171
2678,0.0181073499051799
2679,0.0180281878060313
2680,0.0587356867645412
2681,0.0586565246653926
2682,0.0587141617906553
2683,0.0586349996915067
2684,0.0587075907148122
2685,0.0586284286156635
2686,0.0586860657409263
2687,0.0586069036417776
2688,-0.0591675624971032
2689,-0.0592467245962518
2690,-0.0591890874709891
2691,-0.0592682495701377
2692,-0.0591956585468323
2693,-0.0592748206459809
2694,-0.0592171835207181
2695,-0.0592963456198668
2696,-0.0185888466613568
2697,-0.0186680087605054
2698,-0.0186103716352427
2699,-0.0186895337343913
2700,-0.0186169427110859
2701,-0.0186961048102345
2702,-0.0186384676849717
2703,-0.0187176297841204
2704,0.0146793951027131
2705,0.0146002330035645
2706,0.0146578701288272
2707,0.0145787080296786
2708,0.014651299052984
2709,0.0145721369538354
2710,0.0146297740790981
2711,0.0145506119799495
2712,0.0552581109384595
2713,0.0551789488393108
2714,0.0552365859645736
2715,0.055157423865425
2716,0.0552300148887304
2717,0.0551508527895818
2718,0.0552084899148445
2719,0.0551293278156959
2720,-0.0595939728043084
2721,-0.059673134903457
2722,-0.0596154977781943
2723,-0.0596946598773429
2724,-0.0596220688540374
2725,-0.0597012309531861
2726,-0.0596435938279233
2727,-0.059722755927072
2728,-0.019015256968562
2729,-0.0190944190677106
2730,-0.0190367819424479
2731,-0.0191159440415965
2732,-0.0190433530182911
2733,-0.0191225151174397
2734,-0.0190648779921769
2735,-0.0191440400913256
2736,0.0142529847955079
2737,0.0141738226963593
2738,0.014231459821622
2739,0.0141522977224734
2740,0.0142248887457788
2741,0.0141457266466302
2742,0.014203363771893
2743,0.0141242016727443
2744,0.0548317006312543
2745,0.0547525385321057
2746,0.0548101756573684
2747,0.0547310135582198
2748,0.0548036045815252
2749,0.0547244424823766
2750,0.0547820796076394
2751,0.0547029175084907
2752,-0.0556446611330797
2753,-0.0557238232322284
2754,-0.0556661861069656
2755,-0.0557453482061142
2756,-0.0556727571828088
2757,-0.0557519192819574
2758,-0.0556942821566947
2759,-0.0557734442558433
2760,-0.0150659452973333
2761,-0.015145107396482
2762,-0.0150874702712192
2763,-0.0151666323703679
2764,-0.0150940413470624
2765,-0.015173203446211
2766,-0.0151155663209483
2767,-0.0151947284200969
2768,0.0182022964667366
2769,0.0181231343675879
2770,0.0181807714928507
2771,0.018101609393702
2772,0.0181742004170075
2773,0.0180950383178589
2774,0.0181526754431216
2775,0.018073513343973
2776,0.0587810123024829
2777,0.0587018502033343
2778,0.0587594873285971
2779,0.0586803252294484
2780,0.0587529162527539
2781,0.0586737541536052
2782,0.058731391278868
2783,0.0586522291797194
2784,-0.0560710714402849
2785,-0.0561502335394335
2786,-0.0560925964141708
2787,-0.0561717585133194
2788,-0.056099167490014
2789,-0.0561783295891626
2790,-0.0561206924638999
2791,-0.0561998545630485
2792,-0.0154923556045385
2793,-0.0155715177036872
2794,-0.0155138805784244
2795,-0.015593042677573
2796,-0.0155204516542676
2797,-0.0155996137534162
2798,-0.0155419766281535
2799,-0.0156211387273021
2800,0.0177758861595314
2801,0.0176967240603827
2802,0.0177543611856455
2803,0.0176751990864969
2804,0.0177477901098023
2805,0.0176686280106537
2806,0.0177262651359164
2807,0.0176471030367678
2808,0.0583546019952778
2809,0.0582754398961291
2810,0.0583330770213919
2811,0.0582539149222432
2812,0.0583265059455487
2813,0.0582473438464
2814,0.0583049809716628
2815,0.0582258188725142
2816,-0.053814854066355
2817,-0.0538940161655037
2818,-0.0538363790402409
2819,-0.0539155411393896
2820,-0.0538429501160841
2821,-0.0539221122152327
2822,-0.05386447508997
2823,-0.0539436371891186
2824,-0.0132361382306087
2825,-0.0133153003297573
2826,-0.0132576632044945
2827,-0.0133368253036432
2828,-0.0132642342803377
2829,-0.0133433963794864
2830,-0.0132857592542236
2831,-0.0133649213533722
2832,0.0200321035334612
2833,0.0199529414343126
2834,0.0200105785595754
2835,0.0199314164604267
2836,0.0200040074837322
2837,0.0199248453845835
2838,0.0199824825098463
2839,0.0199033204106977
2840,0.0606108193692076
2841,0.060531657270059
2842,0.0605892943953217
2843,0.0605101322961731
2844,0.0605827233194785
2845,0.0605035612203299
2846,0.0605611983455927
2847,0.0604820362464441
2848,-0.0542412643735602
2849,-0.0543204264727089
2850,-0.0542627893474461
2851,-0.0543419514465947
2852,-0.0542693604232893
2853,-0.0543485225224379
2854,-0.0542908853971752
2855,-0.0543700474963238
2856,-0.0136625485378138
2857,-0.0137417106369625
2858,-0.0136840735116997
2859,-0.0137632356108484
2860,-0.0136906445875429
2861,-0.0137698066866915
2862,-0.0137121695614288
2863,-0.0137913316605774
2864,0.0196056932262561
2865,0.0195265311271074
2866,0.0195841682523702
2867,0.0195050061532215
2868,0.019577597176527
2869,0.0194984350773784
2870,0.0195560722026411
2871,0.0194769101034925
2872,0.0601844090620024
2873,0.0601052469628538
2874,0.0601628840881166
2875,0.0600837219889679
2876,0.0601563130122734
2877,0.0600771509131247
2878,0.0601347880383875
2879,0.0600556259392388
2880,-0.0502919527023316
2881,-0.0503711148014802
2882,-0.0503134776762175
2883,-0.0503926397753661
2884,-0.0503200487520606
2885,-0.0503992108512093
2886,-0.0503415737259465
2887,-0.0504207358250952
2888,-0.0097132368665852
2889,-0.0097923989657338
2890,-0.0097347618404711
2891,-0.0098139239396197
2892,-0.0097413329163143
2893,-0.0098204950154629
2894,-0.0097628578902001
2895,-0.0098420199893488
2896,0.0235550048974847
2897,0.0234758427983361
2898,0.0235334799235988
2899,0.0234543178244502
2900,0.0235269088477556
2901,0.023447746748607
2902,0.0235053838738698
2903,0.0234262217747211
2904,0.0641337207332311
2905,0.0640545586340825
2906,0.0641121957593452
2907,0.0640330336601966
2908,0.064105624683502
2909,0.0640264625843534
2910,0.0640840997096161
2911,0.0640049376104675
2912,-0.0507183630095368
2913,-0.0507975251086854
2914,-0.0507398879834226
2915,-0.0508190500825713
2916,-0.0507464590592658
2917,-0.0508256211584145
2918,-0.0507679840331517
2919,-0.0508471461323003
2920,-0.0101396471737904
2921,-0.010218809272939
2922,-0.0101611721476763
2923,-0.0102403342468249
2924,-0.0101677432235194
2925,-0.0102469053226681
2926,-0.0101892681974053
2927,-0.010268430296554
2928,0.0231285945902795
2929,0.0230494324911309
2930,0.0231070696163936
2931,0.023027907517245
2932,0.0231004985405505
2933,0.0230213364414018
2934,0.0230789735666646
2935,0.0229998114675159
2936,0.0637073104260259
2937,0.0636281483268773
2938,0.06368578545214
2939,0.0636066233529914
2940,0.0636792143762969
2941,0.0636000522771482
2942,0.063657689402411
2943,0.0635785273032623
2944,-0.0541959388356185
2945,-0.0542751009347671
2946,-0.0542174638095044
2947,-0.054296625908653
2948,-0.0542240348853476
2949,-0.0543031969844962
2950,-0.0542455598592335
2951,-0.0543247219583821
2952,-0.0136172229998721
2953,-0.0136963850990208
2954,-0.013638747973758
2955,-0.0137179100729066
2956,-0.0136453190496012
2957,-0.0137244811487498
2958,-0.0136668440234871
2959,-0.0137460061226357
2960,0.0196510187641978
2961,0.0195718566650491
2962,0.0196294937903119
2963,0.0195503316911633
2964,0.0196229227144687
2965,0.0195437606153201
2966,0.0196013977405828
2967,0.0195222356414342
2968,0.0602297345999442
2969,0.0601505725007955
2970,0.0602082096260583
2971,0.0601290475269096
2972,0.0602016385502151
2973,0.0601224764510664
2974,0.0601801135763292
2975,0.0601009514771806
2976,-0.0546223491428237
2977,-0.0547015112419723
2978,-0.0546438741167096
2979,-0.0547230362158582
2980,-0.0546504451925528
2981,-0.0547296072917014
2982,-0.0546719701664386
2983,-0.0547511322655873
2984,-0.0140436333070773
2985,-0.0141227954062259
2986,-0.0140651582809632
2987,-0.0141443203801118
2988,-0.0140717293568064
2989,-0.014150891455955
2990,-0.0140932543306923
2991,-0.0141724164298409
2992,0.0192246084569926
2993,0.0191454463578439
2994,0.0192030834831067
2995,0.0191239213839581
2996,0.0191965124072635
2997,0.0191173503081149
2998,0.0191749874333776
2999,0.019095825334229
3000,0.059803324292739
3001,0.0597241621935903
3002,0.0597817993188531
3003,0.0597026372197045
3004,0.0597752282430099
3005,0.0596960661438613
3006,0.059753703269124
3007,0.0596745411699754
3008,-0.0506730374715951
3009,-0.0507521995707437
3010,-0.0506945624454809
3011,-0.0507737245446296
3012,-0.0507011335213241
3013,-0.0507802956204728
3014,-0.05072265849521
3015,-0.0508018205943586
3016,-0.0100943216358487
3017,-0.0101734837349973
3018,-0.0101158466097345
3019,-0.0101950087088832
3020,-0.0101224176855777
3021,-0.0102015797847264
3022,-0.0101439426594636
3023,-0.0102231047586122
3024,0.0231739201282212
3025,0.0230947580290726
3026,0.0231523951543354
3027,0.0230732330551867
3028,0.0231458240784922
3029,0.0230666619793435
3030,0.0231242991046063
3031,0.0230451370054576
3032,0.0637526359639676
3033,0.063673473864819
3034,0.0637311109900817
3035,0.0636519488909331
3036,0.0637245399142386
3037,0.0636453778150899
3038,0.0637030149403527
3039,0.063623852841204
3040,-0.0510994477788002
3041,-0.0511786098779489
3042,-0.0511209727526861
3043,-0.0512001348518348
3044,-0.0511275438285293
3045,-0.0512067059276779
3046,-0.0511490688024152
3047,-0.0512282309015638
3048,-0.0105207319430538
3049,-0.0105998940422025
3050,-0.0105422569169397
3051,-0.0106214190160884
3052,-0.0105488279927829
3053,-0.0106279900919316
3054,-0.0105703529666688
3055,-0.0106495150658174
3056,0.022747509821016
3057,0.0226683477218674
3058,0.0227259848471302
3059,0.0226468227479815
3060,0.022719413771287
3061,0.0226402516721383
3062,0.0226978887974011
3063,0.0226187266982525
3064,0.0633262256567624
3065,0.0632470635576138
3066,0.0633047006828766
3067,0.0632255385837279
3068,0.0632981296070334
3069,0.0632189675078847
3070,0.0632766046331475
3071,0.0631974425339989
3072,-0.0813024108746027
3073,-0.0813815729737514
3074,-0.0813239358484886
3075,-0.0814030979476372
3076,-0.0813305069243318
3077,-0.0814096690234804
3078,-0.0813520318982177
3079,-0.0814311939973663
3080,-0.0407236950388563
3081,-0.040802857138005
3082,-0.0407452200127422
3083,-0.0408243821118909
3084,-0.0407517910885854
3085,-0.040830953187734
3086,-0.0407733160624713
3087,-0.0408524781616199
3088,-0.0074554532747863
3089,-0.007534615373935
3090,-0.0074769782486722
3091,-0.0075561403478209
3092,-0.0074835493245154
3093,-0.007562711423664
3094,-0.0075050742984013
3095,-0.0075842363975499
3096,0.0331232625609599
3097,0.0330441004618113
3098,0.0331017375870741
3099,0.0330225754879254
3100,0.0330951665112309
3101,0.0330160044120822
3102,0.033073641537345
3103,0.0329944794381964
3104,-0.0817288211818079
3105,-0.0818079832809566
3106,-0.0817503461556938
3107,-0.0818295082548424
3108,-0.081756917231537
3109,-0.0818360793306856
3110,-0.0817784422054229
3111,-0.0818576043045715
3112,-0.0411501053460615
3113,-0.0412292674452102
3114,-0.0411716303199474
3115,-0.041250792419096
3116,-0.0411782013957906
3117,-0.0412573634949392
3118,-0.0411997263696765
3119,-0.0412788884688251
3120,-0.0078818635819915
3121,-0.0079610256811402
3122,-0.0079033885558774
3123,-0.007982550655026
3124,-0.0079099596317206
3125,-0.0079891217308692
3126,-0.0079314846056065
3127,-0.0080106467047551
3128,0.0326968522537548
3129,0.0326176901546061
3130,0.0326753272798689
3131,0.0325961651807202
3132,0.0326687562040257
3133,0.0325895941048771
3134,0.0326472312301398
3135,0.0325680691309912
3136,-0.0777795095105793
3137,-0.0778586716097279
3138,-0.0778010344844652
3139,-0.0778801965836138
3140,-0.0778076055603083
3141,-0.077886767659457
3142,-0.0778291305341942
3143,-0.0779082926333429
3144,-0.0372007936748329
3145,-0.0372799557739815
3146,-0.0372223186487188
3147,-0.0373014807478674
3148,-0.0372288897245619
3149,-0.0373080518237106
3150,-0.0372504146984478
3151,-0.0373295767975965
3152,-0.0039325519107629
3153,-0.0040117140099115
3154,-0.0039540768846488
3155,-0.0040332389837974
3156,-0.003960647960492
3157,-0.0040398100596406
3158,-0.0039821729343778
3159,-0.0040613350335265
3160,0.0366461639249834
3161,0.0365670018258348
3162,0.0366246389510975
3163,0.0365454768519489
3164,0.0366180678752543
3165,0.0365389057761057
3166,0.0365965429013685
3167,0.0365173808022198
3168,-0.0782059198177844
3169,-0.0782850819169331
3170,-0.0782274447916703
3171,-0.078306606890819
3172,-0.0782340158675135
3173,-0.0783131779666622
3174,-0.0782555408413994
3175,-0.078334702940548
3176,-0.0376272039820381
3177,-0.0377063660811867
3178,-0.0376487289559239
3179,-0.0377278910550726
3180,-0.0376553000317671
3181,-0.0377344621309158
3182,-0.037676825005653
3183,-0.0377559871048016
3184,-0.0043589622179681
3185,-0.0044381243171167
3186,-0.0043804871918539
3187,-0.0044596492910026
3188,-0.0043870582676971
3189,-0.0044662203668458
3190,-0.004408583241583
3191,-0.0044877453407316
3192,0.0362197536177782
3193,0.0361405915186296
3194,0.0361982286438924
3195,0.0361190665447437
3196,0.0361916575680492
3197,0.0361124954689005
3198,0.0361701325941633
3199,0.0360909704950146
3200,-0.0816834956438662
3201,-0.0817626577430148
3202,-0.0817050206177521
3203,-0.0817841827169007
3204,-0.0817115916935953
3205,-0.0817907537927439
3206,-0.0817331166674811
3207,-0.0818122787666298
3208,-0.0411047798081198
3209,-0.0411839419072684
3210,-0.0411263047820057
3211,-0.0412054668811543
3212,-0.0411328758578489
3213,-0.0412120379569975
3214,-0.0411544008317348
3215,-0.0412335629308834
3216,-0.0078365380440498
3217,-0.0079157001431985
3218,-0.0078580630179357
3219,-0.0079372251170843
3220,-0.0078646340937789
3221,-0.0079437961929275
3222,-0.0078861590676648
3223,-0.0079653211668134
3224,0.0327421777916965
3225,0.0326630156925478
3226,0.0327206528178106
3227,0.032641490718662
3228,0.0327140817419674
3229,0.0326349196428188
3230,0.0326925567680815
3231,0.0326133946689329
3232,-0.0821099059510714
3233,-0.08218906805022
3234,-0.0821314309249573
3235,-0.0822105930241059
3236,-0.0821380020008005
3237,-0.0822171640999491
3238,-0.0821595269746863
3239,-0.082238689073835
3240,-0.041531190115325
3241,-0.0416103522144736
3242,-0.0415527150892109
3243,-0.0416318771883595
3244,-0.0415592861650541
3245,-0.0416384482642027
3246,-0.0415808111389399
3247,-0.0416599732380886
3248,-0.008262948351255
3249,-0.0083421104504036
3250,-0.0082844733251409
3251,-0.0083636354242895
3252,-0.0082910444009841
3253,-0.0083702065001327
3254,-0.0083125693748699
3255,-0.0083917314740186
3256,0.0323157674844913
3257,0.0322366053853427
3258,0.0322942425106054
3259,0.0322150804114568
3260,0.0322876714347622
3261,0.0322085093356136
3262,0.0322661464608763
3263,0.0321869843617277
3264,-0.0781605942798427
3265,-0.0782397563789914
3266,-0.0781821192537286
3267,-0.0782612813528773
3268,-0.0781886903295718
3269,-0.0782678524287205
3270,-0.0782102153034577
3271,-0.0782893774026063
3272,-0.0375818784440964
3273,-0.037661040543245
3274,-0.0376034034179822
3275,-0.0376825655171309
3276,-0.0376099744938254
3277,-0.0376891365929741
3278,-0.0376314994677113
3279,-0.0377106615668599
3280,-0.0043136366800264
3281,-0.004392798779175
3282,-0.0043351616539122
3283,-0.0044143237530609
3284,-0.0043417327297554
3285,-0.0044208948289041
3286,-0.0043632577036413
3287,-0.0044424198027899
3288,0.0362650791557199
3289,0.0361859170565713
3290,0.0362435541818341
3291,0.0361643920826854
3292,0.0362369831059909
3293,0.0361578210068422
3294,0.036215458132105
3295,0.0361362960329564
3296,-0.0785870045870479
3297,-0.0786661666861966
3298,-0.0786085295609338
3299,-0.0786876916600824
3300,-0.078615100636777
3301,-0.0786942627359256
3302,-0.0786366256106629
3303,-0.0787157877098115
3304,-0.0380082887513015
3305,-0.0380874508504502
3306,-0.0380298137251874
3307,-0.038108975824336
3308,-0.0380363848010306
3309,-0.0381155469001792
3310,-0.0380579097749165
3311,-0.0381370718740651
3312,-0.0047400469872315
3313,-0.0048192090863802
3314,-0.0047615719611174
3315,-0.0048407340602661
3316,-0.0047681430369606
3317,-0.0048473051361092
3318,-0.0047896680108465
3319,-0.0048688301099951
3320,0.0358386688485148
3321,0.0357595067493661
3322,0.0358171438746289
3323,0.0357379817754802
3324,0.0358105727987857
3325,0.0357314106996371
3326,0.0357890478248998
3327,0.0357098857257512
3328,-0.076330787213118
3329,-0.0764099493122667
3330,-0.0763523121870039
3331,-0.0764314742861526
3332,-0.0763588832628471
3333,-0.0764380453619958
3334,-0.076380408236733
3335,-0.0764595703358816
3336,-0.0357520713773717
3337,-0.0358312334765203
3338,-0.0357735963512575
3339,-0.0358527584504062
3340,-0.0357801674271007
3341,-0.0358593295262494
3342,-0.0358016924009866
3343,-0.0358808545001352
3344,-0.0024838296133017
3345,-0.0025629917124503
3346,-0.0025053545871875
3347,-0.0025845166863362
3348,-0.0025119256630307
3349,-0.0025910877621794
3350,-0.0025334506369166
3351,-0.0026126127360652
3352,0.0380948862224446
3353,0.038015724123296
3354,0.0380733612485587
3355,0.0379941991494101
3356,0.0380667901727156
3357,0.0379876280735669
3358,0.0380452651988297
3359,0.037966103099681
3360,-0.0767571975203233
3361,-0.0768363596194719
3362,-0.0767787224942091
3363,-0.0768578845933578
3364,-0.0767852935700523
3365,-0.0768644556692009
3366,-0.0768068185439382
3367,-0.0768859806430868
3368,-0.0361784816845768
3369,-0.0362576437837255
3370,-0.0362000066584627
3371,-0.0362791687576114
3372,-0.0362065777343059
3373,-0.0362857398334545
3374,-0.0362281027081918
3375,-0.0363072648073404
3376,-0.0029102399205069
3377,-0.0029894020196555
3378,-0.0029317648943927
3379,-0.0030109269935414
3380,-0.0029383359702359
3381,-0.0030174980693846
3382,-0.0029598609441218
3383,-0.0030390230432704
3384,0.0376684759152394
3385,0.0375893138160908
3386,0.0376469509413536
3387,0.0375677888422049
3388,0.0376403798655104
3389,0.0375612177663617
3390,0.0376188548916245
3391,0.0375396927924759
3392,-0.0728078858490946
3393,-0.0728870479482432
3394,-0.0728294108229805
3395,-0.0729085729221291
3396,-0.0728359818988237
3397,-0.0729151439979723
3398,-0.0728575068727095
3399,-0.0729366689718582
3400,-0.0322291700133482
3401,-0.0323083321124968
3402,-0.0322506949872341
3403,-0.0323298570863827
3404,-0.0322572660630773
3405,-0.0323364281622259
3406,-0.0322787910369632
3407,-0.0323579531361118
3408,0.0010390717507217
3409,0.0009599096515731
3410,0.0010175467768358
3411,0.0009383846776872
3412,0.0010109757009926
3413,0.000931813601844
3414,0.0009894507271068
3415,0.0009102886279581
3416,0.0416177875864681
3417,0.0415386254873194
3418,0.0415962626125822
3419,0.0415171005134336
3420,0.041589691536739
3421,0.0415105294375904
3422,0.0415681665628531
3423,0.0414890044637045
3424,-0.0732342961562998
3425,-0.0733134582554484
3426,-0.0732558211301857
3427,-0.0733349832293343
3428,-0.0732623922060288
3429,-0.0733415543051775
3430,-0.0732839171799147
3431,-0.0733630792790634
3432,-0.0326555803205534
3433,-0.032734742419702
3434,-0.0326771052944393
3435,-0.0327562673935879
3436,-0.0326836763702825
3437,-0.0327628384694311
3438,-0.0327052013441683
3439,-0.032784363443317
3440,0.0006126614435165
3441,0.0005334993443679
3442,0.0005911364696306
3443,0.000511974370482
3444,0.0005845653937874
3445,0.0005054032946388
3446,0.0005630404199016
3447,0.0004838783207529
3448,0.0411913772792629
3449,0.0411122151801143
3450,0.041169852305377
3451,0.0410906902062284
3452,0.0411632812295338
3453,0.0410841191303852
3454,0.041141756255648
3455,0.0410625941564993
3456,-0.0767118719823815
3457,-0.0767910340815302
3458,-0.0767333969562674
3459,-0.076812559055416
3460,-0.0767399680321106
3461,-0.0768191301312592
3462,-0.0767614930059965
3463,-0.0768406551051451
3464,-0.0361331561466351
3465,-0.0362123182457838
3466,-0.036154681120521
3467,-0.0362338432196696
3468,-0.0361612521963642
3469,-0.0362404142955128
3470,-0.0361827771702501
3471,-0.0362619392693987
3472,-0.0028649143825651
3473,-0.0029440764817138
3474,-0.002886439356451
3475,-0.0029656014555997
3476,-0.0028930104322942
3477,-0.0029721725314428
3478,-0.0029145354061801
3479,-0.0029936975053287
3480,0.0377138014531812
3481,0.0376346393540325
3482,0.0376922764792953
3483,0.0376131143801466
3484,0.0376857054034521
3485,0.0376065433043035
3486,0.0376641804295662
3487,0.0375850183304176
3488,-0.0771382822895867
3489,-0.0772174443887354
3490,-0.0771598072634726
3491,-0.0772389693626212
3492,-0.0771663783393158
3493,-0.0772455404384644
3494,-0.0771879033132016
3495,-0.0772670654123503
3496,-0.0365595664538403
3497,-0.036638728552989
3498,-0.0365810914277262
3499,-0.0366602535268748
3500,-0.0365876625035694
3501,-0.036666824602718
3502,-0.0366091874774553
3503,-0.0366883495766039
3504,-0.0032913246897703
3505,-0.003370486788919
3506,-0.0033128496636562
3507,-0.0033920117628048
3508,-0.0033194207394994
3509,-0.003398582838648
3510,-0.0033409457133853
3511,-0.0034201078125339
3512,0.037287391145976
3513,0.0372082290468273
3514,0.0372658661720901
3515,0.0371867040729415
3516,0.0372592950962469
3517,0.0371801329970983
3518,0.037237770122361
3519,0.0371586080232124
3520,-0.0731889706183581
3521,-0.0732681327175067
3522,-0.0732104955922439
3523,-0.0732896576913926
3524,-0.0732170666680871
3525,-0.0732962287672358
3526,-0.073238591641973
3527,-0.0733177537411216
3528,-0.0326102547826117
3529,-0.0326894168817603
3530,-0.0326317797564976
3531,-0.0327109418556462
3532,-0.0326383508323407
3533,-0.0327175129314894
3534,-0.0326598758062266
3535,-0.0327390379053753
3536,0.0006579869814582
3537,0.0005788248823096
3538,0.0006364620075723
3539,0.0005572999084237
3540,0.0006298909317292
3541,0.0005507288325805
3542,0.0006083659578433
3543,0.0005292038586946
3544,0.0412367028172046
3545,0.041157540718056
3546,0.0412151778433187
3547,0.0411360157441701
3548,0.0412086067674756
3549,0.0411294446683269
3550,0.0411870817935897
3551,0.041107919694441
3552,-0.0736153809255632
3553,-0.0736945430247119
3554,-0.0736369058994491
3555,-0.0737160679985978
3556,-0.0736434769752923
3557,-0.0737226390744409
3558,-0.0736650019491782
3559,-0.0737441640483268
3560,-0.0330366650898169
3561,-0.0331158271889655
3562,-0.0330581900637027
3563,-0.0331373521628514
3564,-0.0330647611395459
3565,-0.0331439232386946
3566,-0.0330862861134318
3567,-0.0331654482125804
3568,0.000231576674253
3569,0.0001524145751044
3570,0.0002100517003672
3571,0.0001308896012185
3572,0.000203480624524
3573,0.0001243185253753
3574,0.0001819556506381
3575,0.0001027935514895
3576,0.0408102925099994
3577,0.0407311304108508
3578,0.0407887675361136
3579,0.0407096054369649
3580,0.0407821964602704
3581,0.0407030343611217
3582,0.0407606714863845
3583,0.0406815093872359
3584,-0.0587142754048598
3585,-0.0587934375040084
3586,-0.0587358003787456
3587,-0.0588149624778943
3588,-0.0587423714545888
3589,-0.0588215335537375
3590,-0.0587638964284747
3591,-0.0588430585276233
3592,-0.0181355595691134
3593,-0.018214721668262
3594,-0.0181570845429992
3595,-0.0182362466421479
3596,-0.0181636556188424
3597,-0.0182428177179911
3598,-0.0181851805927283
3599,-0.0182643426918769
3600,0.0151326821949565
3601,0.0150535200958079
3602,0.0151111572210707
3603,0.015031995121922
3604,0.0151045861452275
3605,0.0150254240460788
3606,0.0150830611713416
3607,0.0150038990721929
3608,0.0557113980307029
3609,0.0556322359315543
3610,0.055689873056817
3611,0.0556107109576684
3612,0.0556833019809739
3613,0.0556041398818252
3614,0.055661777007088
3615,0.0555826149079393
3616,-0.0591406857120649
3617,-0.0592198478112136
3618,-0.0591622106859508
3619,-0.0592413727850994
3620,-0.059168781761794
3621,-0.0592479438609426
3622,-0.0591903067356799
3623,-0.0592694688348285
3624,-0.0185619698763186
3625,-0.0186411319754672
3626,-0.0185834948502044
3627,-0.0186626569493531
3628,-0.0185900659260476
3629,-0.0186692280251963
3630,-0.0186115908999335
3631,-0.0186907529990821
3632,0.0147062718877513
3633,0.0146271097886027
3634,0.0146847469138655
3635,0.0146055848147168
3636,0.0146781758380223
3637,0.0145990137388736
3638,0.0146566508641364
3639,0.0145774887649878
3640,0.0552849877234977
3641,0.0552058256243491
3642,0.0552634627496119
3643,0.0551843006504632
3644,0.0552568916737687
3645,0.05517772957462
3646,0.0552353666998828
3647,0.0551562046007342
3648,-0.0551913740408363
3649,-0.0552705361399849
3650,-0.0552128990147222
3651,-0.0552920611138708
3652,-0.0552194700905654
3653,-0.055298632189714
3654,-0.0552409950644512
3655,-0.0553201571635999
3656,-0.0146126582050899
3657,-0.0146918203042385
3658,-0.0146341831789758
3659,-0.0147133452781244
3660,-0.014640754254819
3661,-0.0147199163539676
3662,-0.0146622792287048
3663,-0.0147414413278535
3664,0.01865558355898
3665,0.0185764214598314
3666,0.0186340585850941
3667,0.0185548964859455
3668,0.0186274875092509
3669,0.0185483254101023
3670,0.018605962535365
3671,0.0185268004362164
3672,0.0592342993947264
3673,0.0591551372955777
3674,0.0592127744208405
3675,0.0591336123216919
3676,0.0592062033449973
3677,0.0591270412458487
3678,0.0591846783711114
3679,0.0591055162719628
3680,-0.0556177843480415
3681,-0.0556969464471901
3682,-0.0556393093219274
3683,-0.055718471421076
3684,-0.0556458803977705
3685,-0.0557250424969192
3686,-0.0556674053716564
3687,-0.0557465674708051
3688,-0.0150390685122951
3689,-0.0151182306114437
3690,-0.015060593486181
3691,-0.0151397555853296
3692,-0.0150671645620242
3693,-0.0151463266611728
3694,-0.01508868953591
3695,-0.0151678516350587
3696,0.0182291732517748
3697,0.0181500111526262
3698,0.0182076482778889
3699,0.0181284861787403
3700,0.0182010772020457
3701,0.0181219151028971
3702,0.0181795522281599
3703,0.0181003901290112
3704,0.0588078890875212
3705,0.0587287269883726
3706,0.0587863641136353
3707,0.0587072020144867
3708,0.0587797930377921
3709,0.0587006309386435
3710,0.0587582680639062
3711,0.0586791059647576
3712,-0.0590953601741232
3713,-0.0591745222732719
3714,-0.0591168851480091
3715,-0.0591960472471577
3716,-0.0591234562238523
3717,-0.0592026183230009
3718,-0.0591449811977382
3719,-0.0592241432968868
3720,-0.0185166443383768
3721,-0.0185958064375255
3722,-0.0185381693122627
3723,-0.0186173314114114
3724,-0.0185447403881059
3725,-0.0186239024872545
3726,-0.0185662653619918
3727,-0.0186454274611404
3728,0.0147515974256931
3729,0.0146724353265444
3730,0.0147300724518072
3731,0.0146509103526585
3732,0.014723501375964
3733,0.0146443392768154
3734,0.0147019764020781
3735,0.0146228143029295
3736,0.0553303132614394
3737,0.0552511511622908
3738,0.0553087882875536
3739,0.0552296261884049
3740,0.0553022172117104
3741,0.0552230551125617
3742,0.0552806922378245
3743,0.0552015301386759
3744,-0.0595217704813284
3745,-0.059600932580477
3746,-0.0595432954552143
3747,-0.0596224575543629
3748,-0.0595498665310575
3749,-0.0596290286302061
3750,-0.0595713915049433
3751,-0.059650553604092
3752,-0.018943054645582
3753,-0.0190222167447307
3754,-0.0189645796194679
3755,-0.0190437417186165
3756,-0.0189711506953111
3757,-0.0190503127944597
3758,-0.018992675669197
3759,-0.0190718377683456
3760,0.0143251871184879
3761,0.0142460250193392
3762,0.014303662144602
3763,0.0142245000454534
3764,0.0142970910687588
3765,0.0142179289696102
3766,0.0142755660948729
3767,0.0141964039957243
3768,0.0549039029542343
3769,0.0548247408550856
3770,0.0548823779803484
3771,0.0548032158811998
3772,0.0548758069045052
3773,0.0547966448053566
3774,0.0548542819306193
3775,0.0547751198314707
3776,-0.0555724588100998
3777,-0.0556516209092484
3778,-0.0555939837839856
3779,-0.0556731458831343
3780,-0.0556005548598288
3781,-0.0556797169589775
3782,-0.0556220798337147
3783,-0.0557012419328633
3784,-0.0149937429743534
3785,-0.015072905073502
3786,-0.0150152679482393
3787,-0.0150944300473879
3788,-0.0150218390240824
3789,-0.0151010011232311
3790,-0.0150433639979683
3791,-0.015122526097117
3792,0.0182744987897165
3793,0.0181953366905679
3794,0.0182529738158306
3795,0.018173811716682
3796,0.0182464027399875
3797,0.0181672406408388
3798,0.0182248777661016
3799,0.0181457156669529
3800,0.0588532146254629
3801,0.0587740525263143
3802,0.058831689651577
3803,0.0587525275524284
3804,0.0588251185757338
3805,0.0587459564765852
3806,0.0588035936018479
3807,0.0587244315026993
3808,-0.0559988691173049
3809,-0.0560780312164536
3810,-0.0560203940911908
3811,-0.0560995561903395
3812,-0.056026965167034
3813,-0.0561061272661826
3814,-0.0560484901409199
3815,-0.0561276522400685
3816,-0.0154201532815586
3817,-0.0154993153807072
3818,-0.0154416782554444
3819,-0.0155208403545931
3820,-0.0154482493312876
3821,-0.0155274114304363
3822,-0.0154697743051735
3823,-0.0155489364043221
3824,0.0178480884825113
3825,0.0177689263833627
3826,0.0178265635086255
3827,0.0177474014094768
3828,0.0178199924327823
3829,0.0177408303336336
3830,0.0177984674588964
3831,0.0177193053597478
3832,0.0584268043182577
3833,0.0583476422191091
3834,0.0584052793443718
3835,0.0583261172452232
3836,0.0583987082685287
3837,0.05831954616938
3838,0.0583771832946428
3839,0.0582980211954941
3840,-0.0537426517433751
3841,-0.0538218138425237
3842,-0.053764176717261
3843,-0.0538433388164096
3844,-0.0537707477931041
3845,-0.0538499098922528
3846,-0.05379227276699
3847,-0.0538714348661387
3848,-0.0131639359076287
3849,-0.0132430980067773
3850,-0.0131854608815146
3851,-0.0132646229806632
3852,-0.0131920319573578
3853,-0.0132711940565064
3854,-0.0132135569312436
3855,-0.0132927190303923
3856,0.0201043058564412
3857,0.0200251437572926
3858,0.0200827808825553
3859,0.0200036187834067
3860,0.0200762098067121
3861,0.0199970477075635
3862,0.0200546848328263
3863,0.0199755227336776
3864,0.0606830216921876
3865,0.060603859593039
3866,0.0606614967183017
3867,0.0605823346191531
3868,0.0606549256424585
3869,0.0605757635433099
3870,0.0606334006685726
3871,0.060554238569424
3872,-0.0541690620505803
3873,-0.0542482241497289
3874,-0.0541905870244661
3875,-0.0542697491236148
3876,-0.0541971581003093
3877,-0.054276320199458
3878,-0.0542186830741952
3879,-0.0542978451733438
3880,-0.0135903462148339
3881,-0.0136695083139825
3882,-0.0136118711887198
3883,-0.0136910332878684
3884,-0.0136184422645629
3885,-0.0136976043637116
3886,-0.0136399672384488
3887,-0.0137191293375975
3888,0.019677895549236
3889,0.0195987334500874
3890,0.0196563705753501
3891,0.0195772084762015
3892,0.019649799499507
3893,0.0195706374003583
3894,0.0196282745256211
3895,0.0195491124264724
3896,0.0602566113849824
3897,0.0601774492858338
3898,0.0602350864110965
3899,0.0601559243119479
3900,0.0602285153352534
3901,0.0601493532361047
3902,0.0602069903613675
3903,0.0601278282622188
3904,-0.0502197503793516
3905,-0.0502989124785002
3906,-0.0502412753532375
3907,-0.0503204374523861
3908,-0.0502478464290807
3909,-0.0503270085282293
3910,-0.0502693714029666
3911,-0.0503485335021152
3912,-0.0096410345436052
3913,-0.0097201966427539
3914,-0.0096625595174911
3915,-0.0097417216166397
3916,-0.0096691305933343
3917,-0.0097482926924829
3918,-0.0096906555672202
3919,-0.0097698176663688
3920,0.0236272072204647
3921,0.023548045121316
3922,0.0236056822465788
3923,0.0235265201474302
3924,0.0235991111707356
3925,0.023519949071587
3926,0.0235775861968497
3927,0.0234984240977011
3928,0.064205923056211
3929,0.0641267609570624
3930,0.0641843980823252
3931,0.0641052359831765
3932,0.064177827006482
3933,0.0640986649073334
3934,0.0641563020325961
3935,0.0640771399334475
3936,-0.0506461606865568
3937,-0.0507253227857054
3938,-0.0506676856604427
3939,-0.0507468477595913
3940,-0.0506742567362859
3941,-0.0507534188354345
3942,-0.0506957817101717
3943,-0.0507749438093204
3944,-0.0100674448508104
3945,-0.010146606949959
3946,-0.0100889698246963
3947,-0.0101681319238449
3948,-0.0100955409005395
3949,-0.0101747029996881
3950,-0.0101170658744254
3951,-0.010196227973574
3952,0.0232007969132595
3953,0.0231216348141108
3954,0.0231792719393736
3955,0.023100109840225
3956,0.0231727008635304
3957,0.0230935387643818
3958,0.0231511758896445
3959,0.0230720137904959
3960,0.0637795127490059
3961,0.0637003506498572
3962,0.06375798777512
3963,0.0636788256759714
3964,0.0637514166992768
3965,0.0636722546001282
3966,0.0637298917253909
3967,0.0636507296262423
3968,-0.0541237365126385
3969,-0.0542028986117872
3970,-0.0541452614865244
3971,-0.0542244235856731
3972,-0.0541518325623676
3973,-0.0542309946615162
3974,-0.0541733575362535
3975,-0.0542525196354021
3976,-0.0135450206768922
3977,-0.0136241827760408
3978,-0.013566545650778
3979,-0.0136457077499267
3980,-0.0135731167266212
3981,-0.0136522788257699
3982,-0.0135946417005071
3983,-0.0136738037996557
3984,0.0197232210871777
3985,0.0196440589880291
3986,0.0197016961132919
3987,0.0196225340141432
3988,0.0196951250374487
3989,0.0196159629383
3990,0.0196736000635628
3991,0.0195944379644142
3992,0.0603019369229241
3993,0.0602227748237755
3994,0.0602804119490383
3995,0.0602012498498896
3996,0.0602738408731951
3997,0.0601946787740464
3998,0.0602523158993092
3999,0.0601731538001605
4000,-0.0545501468198437
4001,-0.0546293089189924
4002,-0.0545716717937296
4003,-0.0546508338928782
4004,-0.0545782428695728
4005,-0.0546574049687214
4006,-0.0545997678434587
4007,-0.0546789299426073
4008,-0.0139714309840973
4009,-0.014050593083246
4010,-0.0139929559579832
4011,-0.0140721180571319
4012,-0.0139995270338264
4013,-0.014078689132975
4014,-0.0140210520077123
4015,-0.0141002141068609
4016,0.0192968107799726
4017,0.0192176486808239
4018,0.0192752858060867
4019,0.019196123706938
4020,0.0192687147302435
4021,0.0191895526310949
4022,0.0192471897563576
4023,0.019168027657209
4024,0.0598755266157189
4025,0.0597963645165703
4026,0.0598540016418331
4027,0.0597748395426844
4028,0.0598474305659899
4029,0.0597682684668412
4030,0.059825905592104
4031,0.0597467434929554
4032,-0.0506008351486151
4033,-0.0506799972477637
4034,-0.050622360122501
4035,-0.0507015222216496
4036,-0.0506289311983442
4037,-0.0507080932974928
4038,-0.05065045617223
4039,-0.0507296182713787
4040,-0.0100221193128687
4041,-0.0101012814120173
4042,-0.0100436442867546
4043,-0.0101228063859032
4044,-0.0100502153625978
4045,-0.0101293774617464
4046,-0.0100717403364836
4047,-0.0101509024356323
4048,0.0232461224512012
4049,0.0231669603520526
4050,0.0232245974773153
4051,0.0231454353781667
4052,0.0232180264014721
4053,0.0231388643023235
4054,0.0231965014275863
4055,0.0231173393284376
4056,0.0638248382869476
4057,0.0637456761877989
4058,0.0638033133130617
4059,0.0637241512139131
4060,0.0637967422372185
4061,0.0637175801380699
4062,0.0637752172633327
4063,0.063696055164184
4064,-0.0510272454558203
4065,-0.0511064075549689
4066,-0.0510487704297061
4067,-0.0511279325288548
4068,-0.0510553415055493
4069,-0.051134503604698
4070,-0.0510768664794352
4071,-0.0511560285785838
4072,-0.0104485296200739
4073,-0.0105276917192225
4074,-0.0104700545939598
4075,-0.0105492166931084
4076,-0.0104766256698029
4077,-0.0105557877689516
4078,-0.0104981506436888
4079,-0.0105773127428375
4080,0.022819712143996
4081,0.0227405500448474
4082,0.0227981871701101
4083,0.0227190250709615
4084,0.0227916160942669
4085,0.0227124539951183
4086,0.0227700911203811
4087,0.0226909290212324
4088,0.0633984279797424
4089,0.0633192658805938
4090,0.0633769030058565
4091,0.0632977409067079
4092,0.0633703319300133
4093,0.0632911698308647
4094,0.0633488069561274
4095,0.0632696448569788
4096,-0.0628903460529831
4097,-0.0629695081521318
4098,-0.062911871026869
4099,-0.0629910331260176
4100,-0.0629184421027122
4101,-0.0629976042018608
4102,-0.0629399670765981
4103,-0.0630191291757467
4104,-0.0223116302172367
4105,-0.0223907923163854
4106,-0.0223331551911226
4107,-0.0224123172902713
4108,-0.0223397262669658
4109,-0.0224188883661144
4110,-0.0223612512408517
4111,-0.0224404133400003
4112,0.0109566115468332
4113,0.0108774494476845
4114,0.0109350865729473
4115,0.0108559244737986
4116,0.0109285154971041
4117,0.0108493533979555
4118,0.0109069905232182
4119,0.0108278284240696
4120,0.0515353273825796
4121,0.0514561652834309
4122,0.0515138024086937
4123,0.051434640309545
4124,0.0515072313328505
4125,0.0514280692337019
4126,0.0514857063589646
4127,0.051406544259816
4128,-0.0633167563601883
4129,-0.063395918459337
4130,-0.0633382813340742
4131,-0.0634174434332228
4132,-0.0633448524099174
4133,-0.063424014509066
4134,-0.0633663773838033
4135,-0.0634455394829519
4136,-0.0227380405244419
4137,-0.0228172026235906
4138,-0.0227595654983278
4139,-0.0228387275974764
4140,-0.022766136574171
4141,-0.0228452986733196
4142,-0.0227876615480569
4143,-0.0228668236472055
4144,0.010530201239628
4145,0.0104510391404793
4146,0.0105086762657421
4147,0.0104295141665935
4148,0.0105021051898989
4149,0.0104229430907503
4150,0.010480580216013
4151,0.0104014181168644
4152,0.0511089170753744
4153,0.0510297549762257
4154,0.0510873921014885
4155,0.0510082300023399
4156,0.0510808210256453
4157,0.0510016589264967
4158,0.0510592960517594
4159,0.0509801339526108
4160,-0.0593674446889597
4161,-0.0594466067881083
4162,-0.0593889696628456
4163,-0.0594681317619942
4164,-0.0593955407386887
4165,-0.0594747028378374
4166,-0.0594170657125746
4167,-0.0594962278117232
4168,-0.0187887288532133
4169,-0.0188678909523619
4170,-0.0188102538270992
4171,-0.0188894159262478
4172,-0.0188168249029423
4173,-0.018895987002091
4174,-0.0188383498768282
4175,-0.0189175119759769
4176,0.0144795129108566
4177,0.014400350811708
4178,0.0144579879369707
4179,0.0143788258378221
4180,0.0144514168611276
4181,0.0143722547619789
4182,0.0144298918872417
4183,0.014350729788093
4184,0.055058228746603
4185,0.0549790666474544
4186,0.0550367037727171
4187,0.0549575416735685
4188,0.0550301326968739
4189,0.0549509705977253
4190,0.0550086077229881
4191,0.0549294456238394
4192,-0.0597938549961648
4193,-0.0598730170953135
4194,-0.0598153799700507
4195,-0.0598945420691994
4196,-0.0598219510458939
4197,-0.0599011131450426
4198,-0.0598434760197798
4199,-0.0599226381189284
4200,-0.0192151391604185
4201,-0.0192943012595671
4202,-0.0192366641343043
4203,-0.019315826233453
4204,-0.0192432352101475
4205,-0.0193223973092962
4206,-0.0192647601840334
4207,-0.019343922283182
4208,0.0140531026036514
4209,0.0139739405045028
4210,0.0140315776297656
4211,0.0139524155306169
4212,0.0140250065539224
4213,0.0139458444547737
4214,0.0140034815800365
4215,0.0139243194808879
4216,0.0546318184393978
4217,0.0545526563402492
4218,0.054610293465512
4219,0.0545311313663633
4220,0.0546037223896688
4221,0.0545245602905201
4222,0.0545821974157829
4223,0.0545030353166342
4224,-0.0632714308222466
4225,-0.0633505929213952
4226,-0.0632929557961325
4227,-0.0633721178952811
4228,-0.0632995268719757
4229,-0.0633786889711243
4230,-0.0633210518458615
4231,-0.0634002139450102
4232,-0.0226927149865002
4233,-0.0227718770856488
4234,-0.0227142399603861
4235,-0.0227934020595347
4236,-0.0227208110362293
4237,-0.0227999731353779
4238,-0.0227423360101152
4239,-0.0228214981092638
4240,0.0105755267775697
4241,0.0104963646784211
4242,0.0105540018036838
4243,0.0104748397045352
4244,0.0105474307278406
4245,0.010468268628692
4246,0.0105259057539547
4247,0.0104467436548061
4248,0.0511542426133161
4249,0.0510750805141674
4250,0.0511327176394302
4251,0.0510535555402816
4252,0.051126146563587
4253,0.0510469844644384
4254,0.0511046215897011
4255,0.0510254594905525
4256,-0.0636978411294518
4257,-0.0637770032286004
4258,-0.0637193661033377
4259,-0.0637985282024863
4260,-0.0637259371791809
4261,-0.0638050992783295
4262,-0.0637474621530667
4263,-0.0638266242522154
4264,-0.0231191252937054
4265,-0.023198287392854
4266,-0.0231406502675913
4267,-0.0232198123667399
4268,-0.0231472213434345
4269,-0.0232263834425831
4270,-0.0231687463173203
4271,-0.023247908416469
4272,0.0101491164703645
4273,0.0100699543712159
4274,0.0101275914964786
4275,0.01004842939733
4276,0.0101210204206354
4277,0.0100418583214868
4278,0.0100994954467496
4279,0.0100203333476009
4280,0.0507278323061109
4281,0.0506486702069623
4282,0.050706307332225
4283,0.0506271452330764
4284,0.0506997362563818
4285,0.0506205741572332
4286,0.050678211282496
4287,0.0505990491833473
4288,-0.0597485294582231
4289,-0.0598276915573718
4290,-0.059770054432109
4291,-0.0598492165312577
4292,-0.0597766255079522
4293,-0.0598557876071008
4294,-0.0597981504818381
4295,-0.0598773125809867
4296,-0.0191698136224767
4297,-0.0192489757216254
4298,-0.0191913385963626
4299,-0.0192705006955113
4300,-0.0191979096722058
4301,-0.0192770717713544
4302,-0.0192194346460917
4303,-0.0192985967452403
4304,0.0140984281415932
4305,0.0140192660424445
4306,0.0140769031677073
4307,0.0139977410685586
4308,0.0140703320918641
4309,0.0139911699927154
4310,0.0140488071179782
4311,0.0139696450188296
4312,0.0546771439773395
4313,0.0545979818781909
4314,0.0546556190034537
4315,0.054576456904305
4316,0.0546490479276105
4317,0.0545698858284618
4318,0.0546275229537246
4319,0.054548360854576
4320,-0.0601749397654283
4321,-0.060254101864577
4322,-0.0601964647393142
4323,-0.0602756268384628
4324,-0.0602030358151574
4325,-0.060282197914306
4326,-0.0602245607890433
4327,-0.0603037228881919
4328,-0.0195962239296819
4329,-0.0196753860288306
4330,-0.0196177489035678
4331,-0.0196969110027164
4332,-0.019624319979411
4333,-0.0197034820785596
4334,-0.0196458449532969
4335,-0.0197250070524455
4336,0.013672017834388
4337,0.0135928557352393
4338,0.0136504928605021
4339,0.0135713307613535
4340,0.0136439217846589
4341,0.0135647596855103
4342,0.013622396810773
4343,0.0135432347116244
4344,0.0542507336701344
4345,0.0541715715709857
4346,0.0542292086962485
4347,0.0541500465970998
4348,0.0542226376204053
4349,0.0541434755212567
4350,0.0542011126465194
4351,0.0541219505473708
4352,-0.0579187223914984
4353,-0.0579978844906471
4354,-0.0579402473653843
4355,-0.058019409464533
4356,-0.0579468184412275
4357,-0.0580259805403762
4358,-0.0579683434151134
4359,-0.058047505514262
4360,-0.0173400065557521
4361,-0.0174191686549007
4362,-0.0173615315296379
4363,-0.0174406936287866
4364,-0.0173681026054811
4365,-0.0174472647046298
4366,-0.017389627579367
4367,-0.0174687896785156
4368,0.0159282352083178
4369,0.0158490731091692
4370,0.015906710234432
4371,0.0158275481352833
4372,0.0159001391585888
4373,0.0158209770594401
4374,0.0158786141847029
4375,0.0157994520855543
4376,0.0565069510440642
4377,0.0564277889449156
4378,0.0564854260701783
4379,0.0564062639710297
4380,0.0564788549943352
4381,0.0563996928951865
4382,0.0564573300204493
4383,0.0563781679213006
4384,-0.0583451326987036
4385,-0.0584242947978523
4386,-0.0583666576725895
4387,-0.0584458197717381
4388,-0.0583732287484327
4389,-0.0584523908475813
4390,-0.0583947537223186
4391,-0.0584739158214672
4392,-0.0177664168629572
4393,-0.0178455789621059
4394,-0.0177879418368431
4395,-0.0178671039359918
4396,-0.0177945129126863
4397,-0.0178736750118349
4398,-0.0178160378865722
4399,-0.0178951999857208
4400,0.0155018249011127
4401,0.015422662801964
4402,0.0154802999272268
4403,0.0154011378280781
4404,0.0154737288513836
4405,0.015394566752235
4406,0.0154522038774977
4407,0.0153730417783491
4408,0.056080540736859
4409,0.0560013786377104
4410,0.0560590157629732
4411,0.0559798536638245
4412,0.05605244468713
4413,0.0559732825879813
4414,0.0560309197132441
4415,0.0559517576140955
4416,-0.054395821027475
4417,-0.0544749831266236
4418,-0.0544173460013609
4419,-0.0544965081005095
4420,-0.054423917077204
4421,-0.0545030791763527
4422,-0.0544454420510899
4423,-0.0545246041502386
4424,-0.0138171051917286
4425,-0.0138962672908772
4426,-0.0138386301656145
4427,-0.0139177922647631
4428,-0.0138452012414577
4429,-0.0139243633406063
4430,-0.0138667262153435
4431,-0.0139458883144922
4432,0.0194511365723413
4433,0.0193719744731927
4434,0.0194296115984554
4435,0.0193504494993068
4436,0.0194230405226122
4437,0.0193438784234636
4438,0.0194015155487264
4439,0.0193223534495777
4440,0.0600298524080877
4441,0.0599506903089391
4442,0.0600083274342018
4443,0.0599291653350532
4444,0.0600017563583586
4445,0.05992259425921
4446,0.0599802313844727
4447,0.0599010692853241
4448,-0.0548222313346802
4449,-0.0549013934338288
4450,-0.054843756308566
4451,-0.0549229184077147
4452,-0.0548503273844092
4453,-0.0549294894835579
4454,-0.0548718523582951
4455,-0.0549510144574437
4456,-0.0142435154989338
4457,-0.0143226775980824
4458,-0.0142650404728197
4459,-0.0143442025719683
4460,-0.0142716115486628
4461,-0.0143507736478115
4462,-0.0142931365225487
4463,-0.0143722986216974
4464,0.0190247262651361
4465,0.0189455641659875
4466,0.0190032012912502
4467,0.0189240391921016
4468,0.0189966302154071
4469,0.0189174681162584
4470,0.0189751052415212
4471,0.0188959431423725
4472,0.0596034421008825
4473,0.0595242800017339
4474,0.0595819171269966
4475,0.059502755027848
4476,0.0595753460511534
4477,0.0594961839520048
4478,0.0595538210772676
4479,0.0594746589781189
4480,-0.0582998071607619
4481,-0.0583789692599105
4482,-0.0583213321346478
4483,-0.0584004942337964
4484,-0.058327903210491
4485,-0.0584070653096396
4486,-0.0583494281843769
4487,-0.0584285902835255
4488,-0.0177210913250155
4489,-0.0178002534241642
4490,-0.0177426162989014
4491,-0.01782177839805
4492,-0.0177491873747446
4493,-0.0178283494738932
4494,-0.0177707123486305
4495,-0.0178498744477791
4496,0.0155471504390544
4497,0.0154679883399057
4498,0.0155256254651685
4499,0.0154464633660199
4500,0.0155190543893253
4501,0.0154398922901767
4502,0.0154975294154394
4503,0.0154183673162908
4504,0.0561258662748008
4505,0.0560467041756521
4506,0.0561043413009149
4507,0.0560251792017662
4508,0.0560977702250717
4509,0.0560186081259231
4510,0.0560762452511858
4511,0.0559970831520372
4512,-0.0587262174679671
4513,-0.0588053795671158
4514,-0.058747742441853
4515,-0.0588269045410016
4516,-0.0587543135176962
4517,-0.0588334756168448
4518,-0.058775838491582
4519,-0.0588550005907307
4520,-0.0181475016322207
4521,-0.0182266637313693
4522,-0.0181690266061066
4523,-0.0182481887052552
4524,-0.0181755976819498
4525,-0.0182547597810984
4526,-0.0181971226558357
4527,-0.0182762847549843
4528,0.0151207401318492
4529,0.0150415780327005
4530,0.0150992151579633
4531,0.0150200530588147
4532,0.0150926440821201
4533,0.0150134819829715
4534,0.0150711191082342
4535,0.0149919570090856
4536,0.0556994559675956
4537,0.0556202938684469
4538,0.0556779309937097
4539,0.0555987688945611
4540,0.0556713599178665
4541,0.0555921978187179
4542,0.0556498349439806
4543,0.055570672844832
4544,-0.0547769057967385
4545,-0.0548560678958871
4546,-0.0547984307706243
4547,-0.054877592869773
4548,-0.0548050018464675
4549,-0.0548841639456162
4550,-0.0548265268203534
4551,-0.054905688919502
4552,-0.0141981899609921
4553,-0.0142773520601407
4554,-0.0142197149348779
4555,-0.0142988770340266
4556,-0.0142262860107211
4557,-0.0143054481098698
4558,-0.014247810984607
4559,-0.0143269730837556
4560,0.0190700518030778
4561,0.0189908897039292
4562,0.019048526829192
4563,0.0189693647300433
4564,0.0190419557533488
4565,0.0189627936542001
4566,0.0190204307794629
4567,0.0189412686803143
4568,0.0596487676388242
4569,0.0595696055396756
4570,0.0596272426649383
4571,0.0595480805657897
4572,0.0596206715890952
4573,0.0595415094899465
4574,0.0595991466152093
4575,0.0595199845160606
4576,-0.0552033161039436
4577,-0.0552824782030923
4578,-0.0552248410778295
4579,-0.0553040031769781
4580,-0.0552314121536727
4581,-0.0553105742528213
4582,-0.0552529371275586
4583,-0.0553320992267072
4584,-0.0146246002681973
4585,-0.0147037623673459
4586,-0.0146461252420831
4587,-0.0147252873412318
4588,-0.0146526963179263
4589,-0.014731858417075
4590,-0.0146742212918122
4591,-0.0147533833909608
4592,0.0186436414958726
4593,0.018564479396724
4594,0.0186221165219868
4595,0.0185429544228381
4596,0.0186155454461436
4597,0.0185363833469949
4598,0.0185940204722577
4599,0.0185148583731091
4600,0.059222357331619
4601,0.0591431952324704
4602,0.0592008323577332
4603,0.0591216702585845
4604,0.05919426128189
4605,0.0591150991827413
4606,0.0591727363080041
4607,0.0590935742088555
4608,-0.0403022105832402
4609,-0.0403813726823888
4610,-0.040323735557126
4611,-0.0404028976562747
4612,-0.0403303066329692
4613,-0.0404094687321179
4614,-0.0403518316068551
4615,-0.0404309937060037
4616,0.0002765052525061
4617,0.0001973431533575
4618,0.0002549802786203
4619,0.0001758181794716
4620,0.0002484092027771
4621,0.0001692471036284
4622,0.0002268842288912
4623,0.0001477221297426
4624,0.0335447470165761
4625,0.0334655849174275
4626,0.0335232220426903
4627,0.0334440599435416
4628,0.0335166509668471
4629,0.0334374888676984
4630,0.0334951259929612
4631,0.0334159638938126
4632,0.0741234628523225
4633,0.0740443007531739
4634,0.0741019378784366
4635,0.074022775779288
4636,0.0740953668025935
4637,0.0740162047034448
4638,0.0740738418287076
4639,0.0739946797295589
4640,-0.0407286208904453
4641,-0.040807782989594
4642,-0.0407501458643312
4643,-0.0408293079634798
4644,-0.0407567169401744
4645,-0.040835879039323
4646,-0.0407782419140603
4647,-0.0408574040132089
4648,-0.0001499050546989
4649,-0.0002290671538476
4650,-0.0001714300285848
4651,-0.0002505921277335
4652,-0.000178001104428
4653,-0.0002571632035766
4654,-0.0001995260783139
4655,-0.0002786881774625
4656,0.033118336709371
4657,0.0330391746102223
4658,0.0330968117354851
4659,0.0330176496363364
4660,0.0330902406596419
4661,0.0330110785604933
4662,0.033068715685756
4663,0.0329895535866074
4664,0.0736970525451174
4665,0.0736178904459687
4666,0.0736755275712315
4667,0.0735963654720828
4668,0.0736689564953883
4669,0.0735897943962396
4670,0.0736474315215024
4671,0.0735682694223538
4672,-0.0367793092192167
4673,-0.0368584713183653
4674,-0.0368008341931026
4675,-0.0368799962922512
4676,-0.0368074052689458
4677,-0.0368865673680944
4678,-0.0368289302428316
4679,-0.0369080923419803
4680,0.0037994066165296
4681,0.003720244517381
4682,0.0037778816426437
4683,0.0036987195434951
4684,0.0037713105668005
4685,0.0036921484676519
4686,0.0037497855929147
4687,0.003670623493766
4688,0.0370676483805996
4689,0.036988486281451
4690,0.0370461234067137
4691,0.0369669613075651
4692,0.0370395523308705
4693,0.0369603902317219
4694,0.0370180273569847
4695,0.036938865257836
4696,0.077646364216346
4697,0.0775672021171973
4698,0.0776248392424601
4699,0.0775456771433115
4700,0.0776182681666169
4701,0.0775391060674683
4702,0.077596743192731
4703,0.0775175810935824
4704,-0.0372057195264219
4705,-0.0372848816255705
4706,-0.0372272445003077
4707,-0.0373064065994564
4708,-0.0372338155761509
4709,-0.0373129776752996
4710,-0.0372553405500368
4711,-0.0373345026491854
4712,0.0033729963093244
4713,0.0032938342101758
4714,0.0033514713354385
4715,0.0032723092362899
4716,0.0033449002595953
4717,0.0032657381604467
4718,0.0033233752857095
4719,0.0032442131865608
4720,0.0366412380733944
4721,0.0365620759742458
4722,0.0366197130995085
4723,0.0365405510003599
4724,0.0366131420236654
4725,0.0365339799245167
4726,0.0365916170497795
4727,0.0365124549506308
4728,0.0772199539091408
4729,0.0771407918099922
4730,0.0771984289352549
4731,0.0771192668361063
4732,0.0771918578594117
4733,0.0771126957602631
4734,0.0771703328855259
4735,0.0770911707863772
4736,-0.0406832953525036
4737,-0.0407624574516523
4738,-0.0407048203263895
4739,-0.0407839824255381
4740,-0.0407113914022327
4741,-0.0407905535013813
4742,-0.0407329163761186
4743,-0.0408120784752672
4744,-0.0001045795167572
4745,-0.0001837416159059
4746,-0.0001261044906431
4747,-0.0002052665897917
4748,-0.0001326755664863
4749,-0.0002118376656349
4750,-0.0001542005403722
4751,-0.0002333626395208
4752,0.0331636622473127
4753,0.033084500148164
4754,0.0331421372734268
4755,0.0330629751742782
4756,0.0331355661975836
4757,0.033056404098435
4758,0.0331140412236977
4759,0.0330348791245491
4760,0.0737423780830591
4761,0.0736632159839104
4762,0.0737208531091732
4763,0.0736416910100245
4764,0.07371428203333
4765,0.0736351199341814
4766,0.0736927570594441
4767,0.0736135949602955
4768,-0.0411097056597088
4769,-0.0411888677588574
4770,-0.0411312306335947
4771,-0.0412103927327433
4772,-0.0411378017094379
4773,-0.0412169638085865
4774,-0.0411593266833237
4775,-0.0412384887824724
4776,-0.0005309898239624
4777,-0.0006101519231111
4778,-0.0005525147978483
4779,-0.0006316768969969
4780,-0.0005590858736915
4781,-0.0006382479728401
4782,-0.0005806108475774
4783,-0.000659772946726
4784,0.0327372519401075
4785,0.0326580898409588
4786,0.0327157269662216
4787,0.032636564867073
4788,0.0327091558903784
4789,0.0326299937912298
4790,0.0326876309164925
4791,0.0326084688173439
4792,0.0733159677758539
4793,0.0732368056767052
4794,0.073294442801968
4795,0.0732152807028194
4796,0.0732878717261248
4797,0.0732087096269762
4798,0.0732663467522389
4799,0.0731871846530903
4800,-0.0371603939884802
4801,-0.0372395560876288
4802,-0.037181918962366
4803,-0.0372610810615147
4804,-0.0371884900382092
4805,-0.0372676521373579
4806,-0.0372100150120951
4807,-0.0372891771112437
4808,0.0034183218472661
4809,0.0033391597481175
4810,0.0033967968733802
4811,0.0033176347742316
4812,0.0033902257975371
4813,0.0033110636983884
4814,0.0033687008236512
4815,0.0032895387245025
4816,0.0366865636113361
4817,0.0366074015121875
4818,0.0366650386374503
4819,0.0365858765383016
4820,0.0366584675616071
4821,0.0365793054624584
4822,0.0366369425877212
4823,0.0365577804885726
4824,0.0772652794470825
4825,0.0771861173479339
4826,0.0772437544731966
4827,0.077164592374048
4828,0.0772371833973534
4829,0.0771580212982048
4830,0.0772156584234676
4831,0.0771364963243189
4832,-0.0375868042956853
4833,-0.037665966394834
4834,-0.0376083292695712
4835,-0.0376874913687199
4836,-0.0376149003454144
4837,-0.037694062444563
4838,-0.0376364253193003
4839,-0.0377155874184489
4840,0.0029919115400609
4841,0.0029127494409123
4842,0.0029703865661751
4843,0.0028912244670264
4844,0.0029638154903319
4845,0.0028846533911832
4846,0.002942290516446
4847,0.0028631284172974
4848,0.0362601533041309
4849,0.0361809912049823
4850,0.0362386283302451
4851,0.0361594662310964
4852,0.0362320572544019
4853,0.0361528951552532
4854,0.036210532280516
4855,0.0361313701813674
4856,0.0768388691398773
4857,0.0767597070407287
4858,0.0768173441659915
4859,0.0767381820668428
4860,0.0768107730901483
4861,0.0767316109909996
4862,0.0767892481162624
4863,0.0767100860171137
4864,-0.0353305869217555
4865,-0.0354097490209041
4866,-0.0353521118956413
4867,-0.03543127399479
4868,-0.0353586829714845
4869,-0.0354378450706332
4870,-0.0353802079453704
4871,-0.035459370044519
4872,0.0052481289139908
4873,0.0051689668148422
4874,0.0052266039401049
4875,0.0051474418409563
4876,0.0052200328642618
4877,0.0051408707651131
4878,0.0051985078903759
4879,0.0051193457912272
4880,0.0385163706780608
4881,0.0384372085789122
4882,0.0384948457041749
4883,0.0384156836050263
4884,0.0384882746283318
4885,0.0384091125291831
4886,0.0384667496544459
4887,0.0383875875552972
4888,0.0790950865138072
4889,0.0790159244146586
4890,0.0790735615399213
4891,0.0789943994407727
4892,0.0790669904640781
4893,0.0789878283649295
4894,0.0790454654901922
4895,0.0789663033910436
4896,-0.0357569972289607
4897,-0.0358361593281093
4898,-0.0357785222028465
4899,-0.0358576843019952
4900,-0.0357850932786897
4901,-0.0358642553778384
4902,-0.0358066182525756
4903,-0.0358857803517242
4904,0.0048217186067856
4905,0.004742556507637
4906,0.0048001936328998
4907,0.0047210315337511
4908,0.0047936225570566
4909,0.0047144604579079
4910,0.0047720975831707
4911,0.0046929354840221
4912,0.0380899603708556
4913,0.038010798271707
4914,0.0380684353969698
4915,0.0379892732978211
4916,0.0380618643211266
4917,0.0379827022219779
4918,0.0380403393472407
4919,0.0379611772480921
4920,0.078668676206602
4921,0.0785895141074534
4922,0.0786471512327161
4923,0.0785679891335675
4924,0.078640580156873
4925,0.0785614180577243
4926,0.0786190551829871
4927,0.0785398930838384
4928,-0.031807685557732
4929,-0.0318868476568807
4930,-0.0318292105316179
4931,-0.0319083726307665
4932,-0.0318357816074611
4933,-0.0319149437066097
4934,-0.031857306581347
4935,-0.0319364686804956
4936,0.0087710302780143
4937,0.0086918681788656
4938,0.0087495053041284
4939,0.0086703432049798
4940,0.0087429342282852
4941,0.0086637721291366
4942,0.0087214092543993
4943,0.0086422471552507
4944,0.0420392720420843
4945,0.0419601099429356
4946,0.0420177470681984
4947,0.0419385849690498
4948,0.0420111759923552
4949,0.0419320138932066
4950,0.0419896510184693
4951,0.0419104889193207
4952,0.0826179878778306
4953,0.082538825778682
4954,0.0825964629039448
4955,0.0825173008047961
4956,0.0825898918281016
4957,0.082510729728953
4958,0.0825683668542157
4959,0.0824892047550671
4960,-0.0322340958649372
4961,-0.0323132579640858
4962,-0.0322556208388231
4963,-0.0323347829379717
4964,-0.0322621919146663
4965,-0.0323413540138149
4966,-0.0322837168885521
4967,-0.0323628789877008
4968,0.0083446199708091
4969,0.0082654578716605
4970,0.0083230949969232
4971,0.0082439328977746
4972,0.00831652392108
4973,0.0082373618219314
4974,0.0082949989471942
4975,0.0082158368480455
4976,0.0416128617348791
4977,0.0415336996357305
4978,0.0415913367609932
4979,0.0415121746618446
4980,0.04158476568515
4981,0.0415056035860014
4982,0.0415632407112641
4983,0.0414840786121155
4984,0.0821915775706255
4985,0.0821124154714768
4986,0.0821700525967396
4987,0.082090890497591
4988,0.0821634815208964
4989,0.0820843194217478
4990,0.0821419565470105
4991,0.0820627944478619
4992,-0.0357116716910189
4993,-0.0357908337901676
4994,-0.0357331966649048
4995,-0.0358123587640535
4996,-0.035739767740748
4997,-0.0358189298398966
4998,-0.0357612927146339
4999,-0.0358404548137825
5000,0.0048670441447273
5001,0.0047878820455787
5002,0.0048455191708415
5003,0.0047663570716928
5004,0.0048389480949983
5005,0.0047597859958496
5006,0.0048174231211124
5007,0.0047382610219638
5008,0.0381352859087973
5009,0.0380561238096487
5010,0.0381137609349115
5011,0.0380345988357628
5012,0.0381071898590683
5013,0.0380280277599196
5014,0.0380856648851824
5015,0.0380065027860338
5016,0.0787140017445437
5017,0.0786348396453951
5018,0.0786924767706579
5019,0.0786133146715092
5020,0.0786859056948147
5021,0.078606743595666
5022,0.0786643807209288
5023,0.0785852186217801
5024,-0.0361380819982241
5025,-0.0362172440973728
5026,-0.03615960697211
5027,-0.0362387690712586
5028,-0.0361661780479532
5029,-0.0362453401471018
5030,-0.0361877030218391
5031,-0.0362668651209877
5032,0.0044406338375222
5033,0.0043614717383735
5034,0.0044191088636363
5035,0.0043399467644876
5036,0.0044125377877931
5037,0.0043333756886445
5038,0.0043910128139072
5039,0.0043118507147586
5040,0.0377088756015922
5041,0.0376297135024435
5042,0.0376873506277063
5043,0.0376081885285577
5044,0.0376807795518631
5045,0.0376016174527145
5046,0.0376592545779772
5047,0.0375800924788286
5048,0.0782875914373385
5049,0.0782084293381899
5050,0.0782660664634527
5051,0.078186904364304
5052,0.0782594953876095
5053,0.0781803332884609
5054,0.0782379704137236
5055,0.078158808314575
5056,-0.0321887703269955
5057,-0.0322679324261441
5058,-0.0322102953008814
5059,-0.03228945740003
5060,-0.0322168663767245
5061,-0.0322960284758732
5062,-0.0322383913506104
5063,-0.0323175534497591
5064,0.0083899455087508
5065,0.0083107834096022
5066,0.0083684205348649
5067,0.0082892584357163
5068,0.0083618494590217
5069,0.0082826873598731
5070,0.0083403244851359
5071,0.0082611623859872
5072,0.0416581872728208
5073,0.0415790251736722
5074,0.0416366622989349
5075,0.0415575001997863
5076,0.0416300912230917
5077,0.0415509291239431
5078,0.0416085662492059
5079,0.0415294041500572
5080,0.0822369031085672
5081,0.0821577410094185
5082,0.0822153781346813
5083,0.0821362160355327
5084,0.0822088070588381
5085,0.0821296449596895
5086,0.0821872820849523
5087,0.0821081199858036
5088,-0.0326151806342007
5089,-0.0326943427333493
5090,-0.0326367056080865
5091,-0.0327158677072352
5092,-0.0326432766839297
5093,-0.0327224387830784
5094,-0.0326648016578156
5095,-0.0327439637569642
5096,0.0079635352015456
5097,0.007884373102397
5098,0.0079420102276597
5099,0.0078628481285111
5100,0.0079354391518166
5101,0.0078562770526679
5102,0.0079139141779307
5103,0.007834752078782
5104,0.0412317769656156
5105,0.041152614866467
5106,0.0412102519917297
5107,0.0411310898925811
5108,0.0412036809158866
5109,0.0411245188167379
5110,0.0411821559420007
5111,0.041102993842852
5112,0.081810492801362
5113,0.0817313307022134
5114,0.0817889678274761
5115,0.0817098057283275
5116,0.0817823967516329
5117,0.0817032346524843
5118,0.0817608717777471
5119,0.0816817096785984
5120,-0.0628181437300032
5121,-0.0628973058291518
5122,-0.062839668703889
5123,-0.0629188308030377
5124,-0.0628462397797322
5125,-0.0629254018788809
5126,-0.0628677647536181
5127,-0.0629469268527667
5128,-0.0222394278942568
5129,-0.0223185899934054
5130,-0.0222609528681426
5131,-0.0223401149672913
5132,-0.0222675239439858
5133,-0.0223466860431345
5134,-0.0222890489178717
5135,-0.0223682110170203
5136,0.0110288138698131
5137,0.0109496517706645
5138,0.0110072888959273
5139,0.0109281267967786
5140,0.0110007178200841
5141,0.0109215557209354
5142,0.0109791928461982
5143,0.0109000307470495
5144,0.0516075297055595
5145,0.0515283676064109
5146,0.0515860047316736
5147,0.051506842632525
5148,0.0515794336558305
5149,0.0515002715566818
5150,0.0515579086819446
5151,0.0514787465827959
5152,-0.0632445540372083
5153,-0.063323716136357
5154,-0.0632660790110942
5155,-0.0633452411102429
5156,-0.0632726500869374
5157,-0.0633518121860861
5158,-0.0632941750608233
5159,-0.0633733371599719
5160,-0.022665838201462
5161,-0.0227450003006106
5162,-0.0226873631753478
5163,-0.0227665252744965
5164,-0.022693934251191
5165,-0.0227730963503397
5166,-0.0227154592250769
5167,-0.0227946213242255
5168,0.0106024035626079
5169,0.0105232414634593
5170,0.0105808785887221
5171,0.0105017164895734
5172,0.0105743075128789
5173,0.0104951454137302
5174,0.010552782538993
5175,0.0104736204398444
5176,0.0511811193983543
5177,0.0511019572992057
5178,0.0511595944244685
5179,0.0510804323253198
5180,0.0511530233486253
5181,0.0510738612494766
5182,0.0511314983747394
5183,0.0510523362755908
5184,-0.0592952423659797
5185,-0.0593744044651283
5186,-0.0593167673398656
5187,-0.0593959294390142
5188,-0.0593233384157088
5189,-0.0594025005148574
5190,-0.0593448633895946
5191,-0.0594240254887433
5192,-0.0187165265302333
5193,-0.0187956886293819
5194,-0.0187380515041192
5195,-0.0188172136032678
5196,-0.0187446225799624
5197,-0.018823784679111
5198,-0.0187661475538483
5199,-0.0188453096529969
5200,0.0145517152338366
5201,0.014472553134688
5202,0.0145301902599507
5203,0.0144510281608021
5204,0.0145236191841075
5205,0.0144444570849589
5206,0.0145020942102216
5207,0.014422932111073
5208,0.055130431069583
5209,0.0550512689704343
5210,0.0551089060956971
5211,0.0550297439965485
5212,0.0551023350198539
5213,0.0550231729207053
5214,0.055080810045968
5215,0.0550016479468194
5216,-0.0597216526731849
5217,-0.0598008147723335
5218,-0.0597431776470708
5219,-0.0598223397462194
5220,-0.0597497487229139
5221,-0.0598289108220626
5222,-0.0597712736967998
5223,-0.0598504357959485
5224,-0.0191429368374385
5225,-0.0192220989365871
5226,-0.0191644618113244
5227,-0.019243623910473
5228,-0.0191710328871676
5229,-0.0192501949863162
5230,-0.0191925578610534
5231,-0.0192717199602021
5232,0.0141253049266314
5233,0.0140461428274828
5234,0.0141037799527455
5235,0.0140246178535969
5236,0.0140972088769023
5237,0.0140180467777537
5238,0.0140756839030165
5239,0.0139965218038678
5240,0.0547040207623778
5241,0.0546248586632292
5242,0.0546824957884919
5243,0.0546033336893433
5244,0.0546759247126487
5245,0.0545967626135001
5246,0.0546543997387629
5247,0.0545752376396142
5248,-0.0631992284992666
5249,-0.0632783905984153
5250,-0.0632207534731525
5251,-0.0632999155723012
5252,-0.0632273245489957
5253,-0.0633064866481443
5254,-0.0632488495228816
5255,-0.0633280116220302
5256,-0.0226205126635202
5257,-0.0226996747626689
5258,-0.0226420376374061
5259,-0.0227211997365548
5260,-0.0226486087132493
5261,-0.0227277708123979
5262,-0.0226701336871352
5263,-0.0227492957862838
5264,0.0106477291005497
5265,0.010568567001401
5266,0.0106262041266638
5267,0.0105470420275151
5268,0.0106196330508206
5269,0.010540470951672
5270,0.0105981080769347
5271,0.0105189459777861
5272,0.0512264449362961
5273,0.0511472828371474
5274,0.0512049199624102
5275,0.0511257578632615
5276,0.051198348886567
5277,0.0511191867874184
5278,0.0511768239126811
5279,0.0510976618135325
5280,-0.0636256388064718
5281,-0.0637048009056204
5282,-0.0636471637803577
5283,-0.0637263258795063
5284,-0.0636537348562009
5285,-0.0637328969553495
5286,-0.0636752598300868
5287,-0.0637544219292354
5288,-0.0230469229707254
5289,-0.0231260850698741
5290,-0.0230684479446113
5291,-0.0231476100437599
5292,-0.0230750190204545
5293,-0.0231541811196031
5294,-0.0230965439943404
5295,-0.023175706093489
5296,0.0102213187933445
5297,0.0101421566941958
5298,0.0101997938194586
5299,0.01012063172031
5300,0.0101932227436154
5301,0.0101140606444668
5302,0.0101716977697295
5303,0.0100925356705809
5304,0.0508000346290909
5305,0.0507208725299422
5306,0.050778509655205
5307,0.0506993475560564
5308,0.0507719385793618
5309,0.0506927764802132
5310,0.0507504136054759
5311,0.0506712515063273
5312,-0.0596763271352432
5313,-0.0597554892343918
5314,-0.059697852109129
5315,-0.0597770142082777
5316,-0.0597044231849722
5317,-0.0597835852841209
5318,-0.0597259481588581
5319,-0.0598051102580068
5320,-0.0190976112994968
5321,-0.0191767733986454
5322,-0.0191191362733827
5323,-0.0191982983725313
5324,-0.0191257073492258
5325,-0.0192048694483745
5326,-0.0191472323231117
5327,-0.0192263944222604
5328,0.0141706304645731
5329,0.0140914683654245
5330,0.0141491054906872
5331,0.0140699433915386
5332,0.0141425344148441
5333,0.0140633723156954
5334,0.0141210094409582
5335,0.0140418473418095
5336,0.0547493463003195
5337,0.0546701842011709
5338,0.0547278213264336
5339,0.054648659227285
5340,0.0547212502505904
5341,0.0546420881514418
5342,0.0546997252767046
5343,0.0546205631775559
5344,-0.0601027374424484
5345,-0.060181899541597
5346,-0.0601242624163342
5347,-0.0602034245154829
5348,-0.0601308334921774
5349,-0.060209995591326
5350,-0.0601523584660633
5351,-0.0602315205652119
5352,-0.019524021606702
5353,-0.0196031837058506
5354,-0.0195455465805878
5355,-0.0196247086797365
5356,-0.019552117656431
5357,-0.0196312797555797
5358,-0.0195736426303169
5359,-0.0196528047294655
5360,0.0137442201573679
5361,0.0136650580582193
5362,0.0137226951834821
5363,0.0136435330843334
5364,0.0137161241076389
5365,0.0136369620084902
5366,0.013694599133753
5367,0.0136154370346044
5368,0.0543229359931143
5369,0.0542437738939657
5370,0.0543014110192284
5371,0.0542222489200798
5372,0.0542948399433853
5373,0.0542156778442366
5374,0.0542733149694994
5375,0.0541941528703507
5376,-0.0578465200685185
5377,-0.0579256821676671
5378,-0.0578680450424044
5379,-0.057947207141553
5380,-0.0578746161182475
5381,-0.0579537782173962
5382,-0.0578961410921334
5383,-0.0579753031912821
5384,-0.0172678042327721
5385,-0.0173469663319207
5386,-0.017289329206658
5387,-0.0173684913058066
5388,-0.0172959002825012
5389,-0.0173750623816498
5390,-0.017317425256387
5391,-0.0173965873555357
5392,0.0160004375312978
5393,0.0159212754321492
5394,0.0159789125574119
5395,0.0158997504582633
5396,0.0159723414815687
5397,0.0158931793824201
5398,0.0159508165076829
5399,0.0158716544085342
5400,0.0565791533670442
5401,0.0564999912678956
5402,0.0565576283931583
5403,0.0564784662940097
5404,0.0565510573173151
5405,0.0564718952181665
5406,0.0565295323434293
5407,0.0564503702442806
5408,-0.0582729303757237
5409,-0.0583520924748723
5410,-0.0582944553496096
5411,-0.0583736174487582
5412,-0.0583010264254527
5413,-0.0583801885246014
5414,-0.0583225513993386
5415,-0.0584017134984872
5416,-0.0176942145399773
5417,-0.0177733766391259
5418,-0.0177157395138632
5419,-0.0177949016130118
5420,-0.0177223105897063
5421,-0.017801472688855
5422,-0.0177438355635922
5423,-0.0178229976627409
5424,0.0155740272240926
5425,0.015494865124944
5426,0.0155525022502067
5427,0.0154733401510581
5428,0.0155459311743636
5429,0.0154667690752149
5430,0.0155244062004777
5431,0.015445244101329
5432,0.056152743059839
5433,0.0560735809606904
5434,0.0561312180859531
5435,0.0560520559868045
5436,0.0561246470101099
5437,0.0560454849109613
5438,0.0561031220362241
5439,0.0560239599370754
5440,-0.054323618704495
5441,-0.0544027808036437
5442,-0.0543451436783809
5443,-0.0544243057775295
5444,-0.0543517147542241
5445,-0.0544308768533727
5446,-0.05437323972811
5447,-0.0544524018272586
5448,-0.0137449028687486
5449,-0.0138240649678973
5450,-0.0137664278426345
5451,-0.0138455899417831
5452,-0.0137729989184777
5453,-0.0138521610176263
5454,-0.0137945238923636
5455,-0.0138736859915122
5456,0.0195233388953213
5457,0.0194441767961726
5458,0.0195018139214354
5459,0.0194226518222868
5460,0.0194952428455922
5461,0.0194160807464436
5462,0.0194737178717063
5463,0.0193945557725577
5464,0.0601020547310677
5465,0.060022892631919
5466,0.0600805297571818
5467,0.0600013676580331
5468,0.0600739586813386
5469,0.05999479658219
5470,0.0600524337074527
5471,0.0599732716083041
5472,-0.0547500290117002
5473,-0.0548291911108488
5474,-0.0547715539855861
5475,-0.0548507160847347
5476,-0.0547781250614293
5477,-0.0548572871605779
5478,-0.0547996500353151
5479,-0.0548788121344638
5480,-0.0141713131759538
5481,-0.0142504752751025
5482,-0.0141928381498397
5483,-0.0142720002489883
5484,-0.0141994092256829
5485,-0.0142785713248315
5486,-0.0142209341995688
5487,-0.0143000962987174
5488,0.0190969285881161
5489,0.0190177664889674
5490,0.0190754036142302
5491,0.0189962415150816
5492,0.019068832538387
5493,0.0189896704392384
5494,0.0190473075645011
5495,0.0189681454653525
5496,0.0596756444238625
5497,0.0595964823247138
5498,0.0596541194499766
5499,0.059574957350828
5500,0.0596475483741334
5501,0.0595683862749848
5502,0.0596260234002475
5503,0.0595468613010989
5504,-0.058227604837782
5505,-0.0583067669369306
5506,-0.0582491298116678
5507,-0.0583282919108165
5508,-0.058255700887511
5509,-0.0583348629866596
5510,-0.0582772258613969
5511,-0.0583563879605455
5512,-0.0176488890020356
5513,-0.0177280511011842
5514,-0.0176704139759214
5515,-0.0177495760750701
5516,-0.0176769850517646
5517,-0.0177561471509133
5518,-0.0176985100256505
5519,-0.0177776721247991
5520,0.0156193527620343
5521,0.0155401906628857
5522,0.0155978277881485
5523,0.0155186656889998
5524,0.0155912567123053
5525,0.0155120946131566
5526,0.0155697317384194
5527,0.0154905696392708
5528,0.0561980685977807
5529,0.0561189064986321
5530,0.0561765436238948
5531,0.0560973815247462
5532,0.0561699725480517
5533,0.056090810448903
5534,0.0561484475741658
5535,0.0560692854750171
5536,-0.0586540151449871
5537,-0.0587331772441358
5538,-0.058675540118873
5539,-0.0587547022180217
5540,-0.0586821111947162
5541,-0.0587612732938648
5542,-0.0587036361686021
5543,-0.0587827982677507
5544,-0.0180752993092407
5545,-0.0181544614083894
5546,-0.0180968242831266
5547,-0.0181759863822753
5548,-0.0181033953589698
5549,-0.0181825574581184
5550,-0.0181249203328557
5551,-0.0182040824320043
5552,0.0151929424548292
5553,0.0151137803556805
5554,0.0151714174809433
5555,0.0150922553817946
5556,0.0151648464051001
5557,0.0150856843059515
5558,0.0151433214312142
5559,0.0150641593320656
5560,0.0557716582905755
5561,0.0556924961914269
5562,0.0557501333166897
5563,0.055670971217541
5564,0.0557435622408465
5565,0.0556644001416978
5566,0.0557220372669606
5567,0.055642875167812
5568,-0.0547047034737585
5569,-0.0547838655729071
5570,-0.0547262284476444
5571,-0.054805390546793
5572,-0.0547327995234876
5573,-0.0548119616226362
5574,-0.0547543244973734
5575,-0.0548334865965221
5576,-0.0141259876380121
5577,-0.0142051497371607
5578,-0.014147512611898
5579,-0.0142266747110466
5580,-0.0141540836877412
5581,-0.0142332457868898
5582,-0.014175608661627
5583,-0.0142547707607757
5584,0.0191422541260578
5585,0.0190630920269092
5586,0.0191207291521719
5587,0.0190415670530233
5588,0.0191141580763287
5589,0.0190349959771801
5590,0.0190926331024429
5591,0.0190134710032942
5592,0.0597209699618042
5593,0.0596418078626556
5594,0.0596994449879183
5595,0.0596202828887697
5596,0.0596928739120751
5597,0.0596137118129265
5598,0.0596713489381892
5599,0.0595921868390406
5600,-0.0551311137809637
5601,-0.0552102758801123
5602,-0.0551526387548495
5603,-0.0552318008539982
5604,-0.0551592098306927
5605,-0.0552383719298414
5606,-0.0551807348045786
5607,-0.0552598969037273
5608,-0.0145523979452173
5609,-0.0146315600443659
5610,-0.0145739229191032
5611,-0.0146530850182518
5612,-0.0145804939949463
5613,-0.014659656094095
5614,-0.0146020189688322
5615,-0.0146811810679809
5616,0.0187158438188526
5617,0.018636681719704
5618,0.0186943188449667
5619,0.0186151567458181
5620,0.0186877477691235
5621,0.0186085856699749
5622,0.0186662227952377
5623,0.018587060696089
5624,0.059294559654599
5625,0.0592153975554504
5626,0.0592730346807131
5627,0.0591938725815645
5628,0.0592664636048699
5629,0.0591873015057213
5630,0.0592449386309841
5631,0.0591657765318354
5632,-0.0402300082602602
5633,-0.0403091703594088
5634,-0.0402515332341461
5635,-0.0403306953332947
5636,-0.0402581043099892
5637,-0.0403372664091379
5638,-0.0402796292838751
5639,-0.0403587913830238
5640,0.0003487075754861
5641,0.0002695454763375
5642,0.0003271826016002
5643,0.0002480205024516
5644,0.000320611525757
5645,0.0002414494266084
5646,0.0002990865518712
5647,0.0002199244527225
5648,0.0336169493395561
5649,0.0335377872404075
5650,0.0335954243656702
5651,0.0335162622665216
5652,0.033588853289827
5653,0.0335096911906784
5654,0.0335673283159412
5655,0.0334881662167925
5656,0.0741956651753025
5657,0.0741165030761539
5658,0.0741741402014166
5659,0.074094978102268
5660,0.0741675691255734
5661,0.0740884070264248
5662,0.0741460441516876
5663,0.0740668820525389
5664,-0.0406564185674654
5665,-0.040735580666614
5666,-0.0406779435413512
5667,-0.0407571056404999
5668,-0.0406845146171944
5669,-0.0407636767163431
5670,-0.0407060395910803
5671,-0.0407852016902289
5672,-7.770273171902783e-05
5673,-0.0001568648308676
5674,-9.922770560490586e-05
5675,-0.0001783898047535
5676,-0.000105798781448
5677,-0.0001849608805967
5678,-0.0001273237553339
5679,-0.0002064858544826
5680,0.0331905390323509
5681,0.0331113769332023
5682,0.033169014058465
5683,0.0330898519593164
5684,0.0331624429826219
5685,0.0330832808834732
5686,0.033140918008736
5687,0.0330617559095873
5688,0.0737692548680973
5689,0.0736900927689487
5690,0.0737477298942114
5691,0.0736685677950628
5692,0.0737411588183682
5693,0.0736619967192196
5694,0.0737196338444824
5695,0.0736404717453337
5696,-0.0367071068962367
5697,-0.0367862689953854
5698,-0.0367286318701226
5699,-0.0368077939692712
5700,-0.0367352029459658
5701,-0.0368143650451144
5702,-0.0367567279198517
5703,-0.0368358900190003
5704,0.0038716089395096
5705,0.0037924468403609
5706,0.0038500839656237
5707,0.0037709218664751
5708,0.0038435128897805
5709,0.0037643507906319
5710,0.0038219879158946
5711,0.003742825816746
5712,0.0371398507035796
5713,0.0370606886044309
5714,0.0371183257296937
5715,0.037039163630545
5716,0.0371117546538505
5717,0.0370325925547019
5718,0.0370902296799646
5719,0.037011067580816
5720,0.077718566539326
5721,0.0776394044401773
5722,0.0776970415654401
5723,0.0776178794662914
5724,0.0776904704895969
5725,0.0776113083904482
5726,0.077668945515711
5727,0.0775897834165624
5728,-0.0371335172034419
5729,-0.0372126793025905
5730,-0.0371550421773278
5731,-0.0372342042764764
5732,-0.037161613253171
5733,-0.0372407753523196
5734,-0.0371831382270568
5735,-0.0372623003262055
5736,0.0034451986323044
5737,0.0033660365331557
5738,0.0034236736584185
5739,0.0033445115592699
5740,0.0034171025825753
5741,0.0033379404834267
5742,0.0033955776086894
5743,0.0033164155095408
5744,0.0367134403963744
5745,0.0366342782972257
5746,0.0366919154224885
5747,0.0366127533233399
5748,0.0366853443466453
5749,0.0366061822474967
5750,0.0366638193727594
5751,0.0365846572736108
5752,0.0772921562321208
5753,0.0772129941329721
5754,0.0772706312582349
5755,0.0771914691590863
5756,0.0772640601823917
5757,0.0771848980832431
5758,0.0772425352085058
5759,0.0771633731093572
5760,-0.0406110930295237
5761,-0.0406902551286723
5762,-0.0406326180034095
5763,-0.0407117801025582
5764,-0.0406391890792527
5765,-0.0407183511784014
5766,-0.0406607140531386
5767,-0.0407398761522872
5768,-3.237719377731467e-05
5769,-0.0001115392929259
5770,-5.39021676631927e-05
5771,-0.0001330642668118
5772,-6.047324350637965e-05
5773,-0.000139635342655
5774,-8.199821739225769e-05
5775,-0.0001611603165408
5776,0.0332358645702926
5777,0.033156702471144
5778,0.0332143395964068
5779,0.0331351774972581
5780,0.0332077685205636
5781,0.0331286064214149
5782,0.0331862435466777
5783,0.0331070814475291
5784,0.073814580406039
5785,0.0737354183068904
5786,0.0737930554321531
5787,0.0737138933330045
5788,0.07378648435631
5789,0.0737073222571613
5790,0.0737649593824241
5791,0.0736857972832754
5792,-0.0410375033367288
5793,-0.0411166654358775
5794,-0.0410590283106147
5795,-0.0411381904097633
5796,-0.0410655993864579
5797,-0.0411447614856065
5798,-0.0410871243603438
5799,-0.0411662864594924
5800,-0.0004587875009824
5801,-0.0005379496001311
5802,-0.0004803124748683
5803,-0.000559474574017
5804,-0.0004868835507115
5805,-0.0005660456498601
5806,-0.0005084085245974
5807,-0.000587570623746
5808,0.0328094542630875
5809,0.0327302921639388
5810,0.0327879292892016
5811,0.0327087671900529
5812,0.0327813582133584
5813,0.0327021961142098
5814,0.0327598332394725
5815,0.0326806711403239
5816,0.0733881700988338
5817,0.0733090079996852
5818,0.073366645124948
5819,0.0732874830257993
5820,0.0733600740491048
5821,0.0732809119499561
5822,0.0733385490752189
5823,0.0732593869760703
5824,-0.0370881916655002
5825,-0.0371673537646488
5826,-0.0371097166393861
5827,-0.0371888787385347
5828,-0.0371162877152293
5829,-0.0371954498143779
5830,-0.0371378126891151
5831,-0.0372169747882638
5832,0.0034905241702461
5833,0.0034113620710975
5834,0.0034689991963602
5835,0.0033898370972116
5836,0.003462428120517
5837,0.0033832660213684
5838,0.0034409031466312
5839,0.0033617410474825
5840,0.0367587659343161
5841,0.0366796038351675
5842,0.0367372409604302
5843,0.0366580788612816
5844,0.036730669884587
5845,0.0366515077854384
5846,0.0367091449107012
5847,0.0366299828115525
5848,0.0773374817700625
5849,0.0772583196709138
5850,0.0773159567961766
5851,0.077236794697028
5852,0.0773093857203334
5853,0.0772302236211848
5854,0.0772878607464475
5855,0.0772086986472989
5856,-0.0375146019727054
5857,-0.037593764071854
5858,-0.0375361269465912
5859,-0.0376152890457399
5860,-0.0375426980224344
5861,-0.0376218601215831
5862,-0.0375642229963203
5863,-0.037643385095469
5864,0.0030641138630409
5865,0.0029849517638923
5866,0.003042588889155
5867,0.0029634267900064
5868,0.0030360178133118
5869,0.0029568557141632
5870,0.003014492839426
5871,0.0029353307402773
5872,0.0363323556271109
5873,0.0362531935279623
5874,0.036310830653225
5875,0.0362316685540764
5876,0.0363042595773819
5877,0.0362250974782332
5878,0.036282734603496
5879,0.0362035725043473
5880,0.0769110714628573
5881,0.0768319093637086
5882,0.0768895464889714
5883,0.0768103843898228
5884,0.0768829754131282
5885,0.0768038133139796
5886,0.0768614504392424
5887,0.0767822883400937
5888,-0.0352583845987755
5889,-0.0353375466979241
5890,-0.0352799095726614
5891,-0.03535907167181
5892,-0.0352864806485046
5893,-0.0353656427476532
5894,-0.0353080056223904
5895,-0.0353871677215391
5896,0.0053203312369708
5897,0.0052411691378221
5898,0.0052988062630849
5899,0.0052196441639363
5900,0.0052922351872417
5901,0.0052130730880931
5902,0.0052707102133558
5903,0.0051915481142072
5904,0.0385885730010408
5905,0.0385094109018921
5906,0.0385670480271549
5907,0.0384878859280063
5908,0.0385604769513117
5909,0.0384813148521631
5910,0.0385389519774258
5911,0.0384597898782772
5912,0.0791672888367872
5913,0.0790881267376385
5914,0.0791457638629013
5915,0.0790666017637527
5916,0.0791391927870581
5917,0.0790600306879095
5918,0.0791176678131722
5919,0.0790385057140236
5920,-0.0356847949059807
5921,-0.0357639570051293
5922,-0.0357063198798666
5923,-0.0357854819790152
5924,-0.0357128909557098
5925,-0.0357920530548584
5926,-0.0357344159295956
5927,-0.0358135780287443
5928,0.0048939209297656
5929,0.004814758830617
5930,0.0048723959558797
5931,0.0047932338567311
5932,0.0048658248800365
5933,0.0047866627808879
5934,0.0048442999061507
5935,0.004765137807002
5936,0.0381621626938356
5937,0.038083000594687
5938,0.0381406377199497
5939,0.0380614756208011
5940,0.0381340666441065
5941,0.0380549045449579
5942,0.0381125416702207
5943,0.038033379571072
5944,0.078740878529582
5945,0.0786617164304333
5946,0.0787193535556961
5947,0.0786401914565475
5948,0.0787127824798529
5949,0.0786336203807043
5950,0.078691257505967
5951,0.0786120954068184
5952,-0.031735483234752
5953,-0.0318146453339007
5954,-0.0317570082086379
5955,-0.0318361703077866
5956,-0.0317635792844811
5957,-0.0318427413836297
5958,-0.031785104258367
5959,-0.0318642663575156
5960,0.0088432326009942
5961,0.0087640705018456
5962,0.0088217076271084
5963,0.0087425455279597
5964,0.0088151365512652
5965,0.0087359744521165
5966,0.0087936115773793
5967,0.0087144494782307
5968,0.0421114743650642
5969,0.0420323122659156
5970,0.0420899493911784
5971,0.0420107872920297
5972,0.0420833783153352
5973,0.0420042162161865
5974,0.0420618533414493
5975,0.0419826912423007
5976,0.0826901902008106
5977,0.082611028101662
5978,0.0826686652269247
5979,0.0825895031277761
5980,0.0826620941510816
5981,0.0825829320519329
5982,0.0826405691771957
5983,0.0825614070780471
5984,-0.0321618935419572
5985,-0.0322410556411059
5986,-0.0321834185158431
5987,-0.0322625806149917
5988,-0.0321899895916863
5989,-0.0322691516908349
5990,-0.0322115145655722
5991,-0.0322906766647208
5992,0.0084168222937891
5993,0.0083376601946404
5994,0.0083952973199032
5995,0.0083161352207545
5996,0.00838872624406
5997,0.0083095641449114
5998,0.0083672012701741
5999,0.0082880391710255
6000,0.0416850640578591
6001,0.0416059019587104
6002,0.0416635390839732
6003,0.0415843769848245
6004,0.04165696800813
6005,0.0415778059089814
6006,0.0416354430342441
6007,0.0415562809350955
6008,0.0822637798936054
6009,0.0821846177944568
6010,0.0822422549197196
6011,0.0821630928205709
6012,0.0822356838438764
6013,0.0821565217447277
6014,0.0822141588699905
6015,0.0821349967708418
6016,-0.035639469368039
6017,-0.0357186314671876
6018,-0.0356609943419249
6019,-0.0357401564410735
6020,-0.035667565417768
6021,-0.0357467275169167
6022,-0.0356890903916539
6023,-0.0357682524908026
6024,0.0049392464677073
6025,0.0048600843685587
6026,0.0049177214938214
6027,0.0048385593946728
6028,0.0049111504179782
6029,0.0048319883188296
6030,0.0048896254440924
6031,0.0048104633449437
6032,0.0382074882317773
6033,0.0381283261326287
6034,0.0381859632578914
6035,0.0381068011587428
6036,0.0381793921820482
6037,0.0381002300828996
6038,0.0381578672081624
6039,0.0380787051090137
6040,0.0787862040675237
6041,0.0787070419683751
6042,0.0787646790936378
6043,0.0786855169944892
6044,0.0787581080177946
6045,0.078678945918646
6046,0.0787365830439088
6047,0.0786574209447601
6048,-0.0360658796752442
6049,-0.0361450417743928
6050,-0.03608740464913
6051,-0.0361665667482787
6052,-0.0360939757249732
6053,-0.0361731378241219
6054,-0.0361155006988591
6055,-0.0361946627980077
6056,0.0045128361605021
6057,0.0044336740613535
6058,0.0044913111866163
6059,0.0044121490874676
6060,0.0044847401107731
6061,0.0044055780116244
6062,0.0044632151368872
6063,0.0043840530377386
6064,0.0377810779245721
6065,0.0377019158254235
6066,0.0377595529506863
6067,0.0376803908515376
6068,0.0377529818748431
6069,0.0376738197756944
6070,0.0377314569009572
6071,0.0376522948018086
6072,0.0783597937603185
6073,0.0782806316611699
6074,0.0783382687864326
6075,0.078259106687284
6076,0.0783316977105894
6077,0.0782525356114408
6078,0.0783101727367036
6079,0.0782310106375549
6080,-0.0321165680040155
6081,-0.0321957301031642
6082,-0.0321380929779014
6083,-0.03221725507705
6084,-0.0321446640537446
6085,-0.0322238261528932
6086,-0.0321661890276305
6087,-0.0322453511267791
6088,0.0084621478317308
6089,0.0083829857325821
6090,0.0084406228578449
6091,0.0083614607586963
6092,0.0084340517820017
6093,0.0083548896828531
6094,0.0084125268081158
6095,0.0083333647089672
6096,0.0417303895958008
6097,0.0416512274966521
6098,0.0417088646219149
6099,0.0416297025227663
6100,0.0417022935460717
6101,0.0416231314469231
6102,0.0416807685721858
6103,0.0416016064730372
6104,0.0823091054315472
6105,0.0822299433323985
6106,0.0822875804576613
6107,0.0822084183585126
6108,0.0822810093818181
6109,0.0822018472826695
6110,0.0822594844079322
6111,0.0821803223087836
6112,-0.0325429783112207
6113,-0.0326221404103693
6114,-0.0325645032851066
6115,-0.0326436653842552
6116,-0.0325710743609498
6117,-0.0326502364600984
6118,-0.0325925993348356
6119,-0.0326717614339843
6120,0.0080357375245256
6121,0.007956575425377
6122,0.0080142125506397
6123,0.0079350504514911
6124,0.0080076414747965
6125,0.0079284793756479
6126,0.0079861165009106
6127,0.007906954401762
6128,0.0413039792885956
6129,0.041224817189447
6130,0.0412824543147097
6131,0.0412032922155611
6132,0.0412758832388665
6133,0.0411967211397179
6134,0.0412543582649806
6135,0.041175196165832
6136,0.081882695124342
6137,0.0818035330251933
6138,0.0818611701504561
6139,0.0817820080513075
6140,0.0818545990746129
6141,0.0817754369754643
6142,0.081833074100727
6143,0.0817539120015784
6144,-0.0629568539882729
6145,-0.0630360160874215
6146,-0.0629783789621587
6147,-0.0630575410613074
6148,-0.0629849500380019
6149,-0.0630641121371506
6150,-0.0630064750118878
6151,-0.0630856371110364
6152,-0.0223781381525265
6153,-0.0224573002516751
6154,-0.0223996631264123
6155,-0.022478825225561
6156,-0.0224062342022555
6157,-0.0224853963014042
6158,-0.0224277591761414
6159,-0.02250692127529
6160,0.0108901036115434
6161,0.0108109415123948
6162,0.0108685786376576
6163,0.0107894165385089
6164,0.0108620075618144
6165,0.0107828454626657
6166,0.0108404825879285
6167,0.0107613204887799
6168,0.0514688194472898
6169,0.0513896573481412
6170,0.0514472944734039
6171,0.0513681323742553
6172,0.0514407233975608
6173,0.0513615612984121
6174,0.0514191984236749
6175,0.0513400363245262
6176,-0.063383264295478
6177,-0.0634624263946267
6178,-0.0634047892693639
6179,-0.0634839513685126
6180,-0.0634113603452071
6181,-0.0634905224443558
6182,-0.063432885319093
6183,-0.0635120474182416
6184,-0.0228045484597316
6185,-0.0228837105588803
6186,-0.0228260734336175
6187,-0.0229052355327662
6188,-0.0228326445094607
6189,-0.0229118066086094
6190,-0.0228541694833466
6191,-0.0229333315824952
6192,0.0104636933043382
6193,0.0103845312051896
6194,0.0104421683304524
6195,0.0103630062313037
6196,0.0104355972546092
6197,0.0103564351554605
6198,0.0104140722807233
6199,0.0103349101815747
6200,0.0510424091400846
6201,0.050963247040936
6202,0.0510208841661988
6203,0.0509417220670501
6204,0.0510143130903556
6205,0.0509351509912069
6206,0.0509927881164697
6207,0.0509136260173211
6208,-0.0594339526242494
6209,-0.059513114723398
6210,-0.0594554775981353
6211,-0.0595346396972839
6212,-0.0594620486739785
6213,-0.0595412107731271
6214,-0.0594835736478643
6215,-0.059562735747013
6216,-0.018855236788503
6217,-0.0189343988876516
6218,-0.0188767617623889
6219,-0.0189559238615375
6220,-0.0188833328382321
6221,-0.0189624949373807
6222,-0.0189048578121179
6223,-0.0189840199112666
6224,0.0144130049755669
6225,0.0143338428764183
6226,0.014391480001681
6227,0.0143123179025324
6228,0.0143849089258378
6229,0.0143057468266892
6230,0.0143633839519519
6231,0.0142842218528033
6232,0.0549917208113133
6233,0.0549125587121646
6234,0.0549701958374274
6235,0.0548910337382788
6236,0.0549636247615842
6237,0.0548844626624356
6238,0.0549420997876983
6239,0.0548629376885497
6240,-0.0598603629314546
6241,-0.0599395250306032
6242,-0.0598818879053405
6243,-0.0599610500044891
6244,-0.0598884589811836
6245,-0.0599676210803323
6246,-0.0599099839550695
6247,-0.0599891460542182
6248,-0.0192816470957082
6249,-0.0193608091948568
6250,-0.0193031720695941
6251,-0.0193823341687427
6252,-0.0193097431454373
6253,-0.0193889052445859
6254,-0.0193312681193231
6255,-0.0194104302184718
6256,0.0139865946683617
6257,0.0139074325692131
6258,0.0139650696944758
6259,0.0138859075953272
6260,0.0139584986186326
6261,0.013879336519484
6262,0.0139369736447468
6263,0.0138578115455981
6264,0.0545653105041081
6265,0.0544861484049595
6266,0.0545437855302222
6267,0.0544646234310736
6268,0.054537214454379
6269,0.0544580523552304
6270,0.0545156894804932
6271,0.0544365273813445
6272,-0.0633379387575363
6273,-0.063417100856685
6274,-0.0633594637314222
6275,-0.0634386258305708
6276,-0.0633660348072654
6277,-0.063445196906414
6278,-0.0633875597811513
6279,-0.0634667218802999
6280,-0.0227592229217899
6281,-0.0228383850209386
6282,-0.0227807478956758
6283,-0.0228599099948244
6284,-0.022787318971519
6285,-0.0228664810706676
6286,-0.0228088439454049
6287,-0.0228880060445535
6288,0.01050901884228
6289,0.0104298567431313
6290,0.0104874938683941
6291,0.0104083317692454
6292,0.0104809227925509
6293,0.0104017606934023
6294,0.010459397818665
6295,0.0103802357195164
6296,0.0510877346780264
6297,0.0510085725788777
6298,0.0510662097041405
6299,0.0509870476049918
6300,0.0510596386282973
6301,0.0509804765291487
6302,0.0510381136544114
6303,0.0509589515552628
6304,-0.0637643490647415
6305,-0.0638435111638901
6306,-0.0637858740386274
6307,-0.063865036137776
6308,-0.0637924451144706
6309,-0.0638716072136192
6310,-0.0638139700883565
6311,-0.0638931321875051
6312,-0.0231856332289951
6313,-0.0232647953281438
6314,-0.023207158202881
6315,-0.0232863203020296
6316,-0.0232137292787242
6317,-0.0232928913778728
6318,-0.0232352542526101
6319,-0.0233144163517587
6320,0.0100826085350748
6321,0.0100034464359261
6322,0.0100610835611889
6323,0.0099819214620403
6324,0.0100545124853457
6325,0.0099753503861971
6326,0.0100329875114598
6327,0.0099538254123112
6328,0.0506613243708212
6329,0.0505821622716725
6330,0.0506397993969353
6331,0.0505606372977867
6332,0.0506332283210921
6333,0.0505540662219435
6334,0.0506117033472062
6335,0.0505325412480576
6336,-0.0598150373935129
6337,-0.0598941994926615
6338,-0.0598365623673987
6339,-0.0599157244665474
6340,-0.0598431334432419
6341,-0.0599222955423906
6342,-0.0598646584171278
6343,-0.0599438205162764
6344,-0.0192363215577665
6345,-0.0193154836569151
6346,-0.0192578465316524
6347,-0.019337008630801
6348,-0.0192644176074955
6349,-0.0193435797066442
6350,-0.0192859425813814
6351,-0.0193651046805301
6352,0.0140319202063034
6353,0.0139527581071548
6354,0.0140103952324175
6355,0.0139312331332689
6356,0.0140038241565744
6357,0.0139246620574257
6358,0.0139822991826885
6359,0.0139031370835398
6360,0.0546106360420498
6361,0.0545314739429012
6362,0.0545891110681639
6363,0.0545099489690153
6364,0.0545825399923207
6365,0.0545033778931721
6366,0.0545610150184349
6367,0.0544818529192862
6368,-0.0602414477007181
6369,-0.0603206097998667
6370,-0.0602629726746039
6371,-0.0603421347737526
6372,-0.0602695437504471
6373,-0.0603487058495957
6374,-0.060291068724333
6375,-0.0603702308234816
6376,-0.0196627318649717
6377,-0.0197418939641203
6378,-0.0196842568388575
6379,-0.0197634189380062
6380,-0.0196908279147007
6381,-0.0197699900138494
6382,-0.0197123528885866
6383,-0.0197915149877352
6384,0.0136055098990982
6385,0.0135263477999496
6386,0.0135839849252124
6387,0.0135048228260637
6388,0.0135774138493692
6389,0.0134982517502205
6390,0.0135558888754833
6391,0.0134767267763347
6392,0.0541842257348446
6393,0.054105063635696
6394,0.0541627007609588
6395,0.0540835386618101
6396,0.0541561296851156
6397,0.0540769675859669
6398,0.0541346047112297
6399,0.054055442612081
6400,-0.0579852303267882
6401,-0.0580643924259368
6402,-0.0580067553006741
6403,-0.0580859173998227
6404,-0.0580133263765172
6405,-0.0580924884756659
6406,-0.0580348513504031
6407,-0.0581140134495518
6408,-0.0174065144910418
6409,-0.0174856765901904
6410,-0.0174280394649277
6411,-0.0175072015640763
6412,-0.0174346105407709
6413,-0.0175137726399195
6414,-0.0174561355146567
6415,-0.0175352976138054
6416,0.0158617272730281
6417,0.0157825651738795
6418,0.0158402022991422
6419,0.0157610401999936
6420,0.015833631223299
6421,0.0157544691241504
6422,0.0158121062494132
6423,0.0157329441502645
6424,0.0564404431087745
6425,0.0563612810096259
6426,0.0564189181348886
6427,0.05633975603574
6428,0.0564123470590454
6429,0.0563331849598968
6430,0.0563908220851596
6431,0.0563116599860109
6432,-0.0584116406339934
6433,-0.058490802733142
6434,-0.0584331656078792
6435,-0.0585123277070279
6436,-0.0584397366837224
6437,-0.0585188987828711
6438,-0.0584612616576083
6439,-0.0585404237567569
6440,-0.017832924798247
6441,-0.0179120868973956
6442,-0.0178544497721328
6443,-0.0179336118712815
6444,-0.017861020847976
6445,-0.0179401829471247
6446,-0.0178825458218619
6447,-0.0179617079210105
6448,0.0154353169658229
6449,0.0153561548666743
6450,0.015413791991937
6451,0.0153346298927884
6452,0.0154072209160939
6453,0.0153280588169452
6454,0.015385695942208
6455,0.0153065338430593
6456,0.0560140328015693
6457,0.0559348707024207
6458,0.0559925078276834
6459,0.0559133457285348
6460,0.0559859367518403
6461,0.0559067746526916
6462,0.0559644117779544
6463,0.0558852496788057
6464,-0.0544623289627647
6465,-0.0545414910619133
6466,-0.0544838539366506
6467,-0.0545630160357992
6468,-0.0544904250124938
6469,-0.0545695871116424
6470,-0.0545119499863797
6471,-0.0545911120855283
6472,-0.0138836131270183
6473,-0.013962775226167
6474,-0.0139051381009042
6475,-0.0139843002000528
6476,-0.0139117091767474
6477,-0.013990871275896
6478,-0.0139332341506333
6479,-0.0140123962497819
6480,0.0193846286370516
6481,0.0193054665379029
6482,0.0193631036631657
6483,0.0192839415640171
6484,0.0193565325873225
6485,0.0192773704881739
6486,0.0193350076134366
6487,0.019255845514288
6488,0.059963344472798
6489,0.0598841823736493
6490,0.0599418194989121
6491,0.0598626573997634
6492,0.0599352484230689
6493,0.0598560863239203
6494,0.059913723449183
6495,0.0598345613500344
6496,-0.0548887392699699
6497,-0.0549679013691185
6498,-0.0549102642438558
6499,-0.0549894263430044
6500,-0.054916835319699
6501,-0.0549959974188476
6502,-0.0549383602935848
6503,-0.0550175223927335
6504,-0.0143100234342235
6505,-0.0143891855333721
6506,-0.0143315484081094
6507,-0.014410710507258
6508,-0.0143381194839526
6509,-0.0144172815831012
6510,-0.0143596444578385
6511,-0.0144388065569871
6512,0.0189582183298464
6513,0.0188790562306978
6514,0.0189366933559605
6515,0.0188575312568119
6516,0.0189301222801173
6517,0.0188509601809687
6518,0.0189085973062314
6519,0.0188294352070828
6520,0.0595369341655928
6521,0.0594577720664441
6522,0.0595154091917069
6523,0.0594362470925583
6524,0.0595088381158637
6525,0.0594296760167151
6526,0.0594873131419778
6527,0.0594081510428292
6528,-0.0583663150960517
6529,-0.0584454771952003
6530,-0.0583878400699375
6531,-0.0584670021690862
6532,-0.0583944111457807
6533,-0.0584735732449293
6534,-0.0584159361196666
6535,-0.0584950982188152
6536,-0.0177875992603053
6537,-0.0178667613594539
6538,-0.0178091242341911
6539,-0.0178882863333398
6540,-0.0178156953100343
6541,-0.017894857409183
6542,-0.0178372202839202
6543,-0.0179163823830688
6544,0.0154806425037646
6545,0.015401480404616
6546,0.0154591175298788
6547,0.0153799554307301
6548,0.0154525464540356
6549,0.0153733843548869
6550,0.0154310214801497
6551,0.0153518593810011
6552,0.056059358339511
6553,0.0559801962403624
6554,0.0560378333656252
6555,0.0559586712664765
6556,0.056031262289782
6557,0.0559521001906333
6558,0.0560097373158961
6559,0.0559305752167475
6560,-0.0587927254032568
6561,-0.0588718875024055
6562,-0.0588142503771427
6563,-0.0588934124762914
6564,-0.0588208214529859
6565,-0.0588999835521345
6566,-0.0588423464268718
6567,-0.0589215085260204
6568,-0.0182140095675104
6569,-0.0182931716666591
6570,-0.0182355345413963
6571,-0.018314696640545
6572,-0.0182421056172395
6573,-0.0183212677163881
6574,-0.0182636305911254
6575,-0.018342792690274
6576,0.0150542321965595
6577,0.0149750700974108
6578,0.0150327072226736
6579,0.0149535451235249
6580,0.0150261361468304
6581,0.0149469740476818
6582,0.0150046111729445
6583,0.0149254490737959
6584,0.0556329480323058
6585,0.0555537859331572
6586,0.05561142305842
6587,0.0555322609592713
6588,0.0556048519825768
6589,0.0555256898834281
6590,0.0555833270086909
6591,0.0555041649095423
6592,-0.0548434137320282
6593,-0.0549225758311768
6594,-0.0548649387059141
6595,-0.0549441008050627
6596,-0.0548715097817572
6597,-0.0549506718809059
6598,-0.0548930347556431
6599,-0.0549721968547918
6600,-0.0142646978962818
6601,-0.0143438599954304
6602,-0.0142862228701677
6603,-0.0143653849693163
6604,-0.0142927939460109
6605,-0.0143719560451595
6606,-0.0143143189198967
6607,-0.0143934810190454
6608,0.0190035438677881
6609,0.0189243817686395
6610,0.0189820188939022
6611,0.0189028567947536
6612,0.018975447818059
6613,0.0188962857189104
6614,0.0189539228441732
6615,0.0188747607450245
6616,0.0595822597035345
6617,0.0595030976043859
6618,0.0595607347296486
6619,0.0594815726305
6620,0.0595541636538054
6621,0.0594750015546568
6622,0.0595326386799196
6623,0.0594534765807709
6624,-0.0552698240392334
6625,-0.055348986138382
6626,-0.0552913490131192
6627,-0.0553705111122679
6628,-0.0552979200889624
6629,-0.0553770821881111
6630,-0.0553194450628483
6631,-0.0553986071619969
6632,-0.014691108203487
6633,-0.0147702703026356
6634,-0.0147126331773729
6635,-0.0147917952765215
6636,-0.014719204253216
6637,-0.0147983663523647
6638,-0.0147407292271019
6639,-0.0148198913262506
6640,0.0185771335605829
6641,0.0184979714614343
6642,0.018555608586697
6643,0.0184764464875484
6644,0.0185490375108539
6645,0.0184698754117052
6646,0.018527512536968
6647,0.0184483504378193
6648,0.0591558493963293
6649,0.0590766872971807
6650,0.0591343244224434
6651,0.0590551623232948
6652,0.0591277533466002
6653,0.0590485912474516
6654,0.0591062283727144
6655,0.0590270662735657
6656,-0.0403687185185299
6657,-0.0404478806176785
6658,-0.0403902434924158
6659,-0.0404694055915644
6660,-0.0403968145682589
6661,-0.0404759766674076
6662,-0.0404183395421448
6663,-0.0404975016412935
6664,0.0002099973172164
6665,0.0001308352180678
6666,0.0001884723433305
6667,0.0001093102441819
6668,0.0001819012674873
6669,0.0001027391683387
6670,0.0001603762936015
6671,8.121419445287955e-05
6672,0.0334782390812864
6673,0.0333990769821378
6674,0.0334567141074005
6675,0.0333775520082519
6676,0.0334501430315573
6677,0.0333709809324087
6678,0.0334286180576715
6679,0.0333494559585228
6680,0.0740569549170328
6681,0.0739777928178842
6682,0.0740354299431469
6683,0.0739562678439983
6684,0.0740288588673037
6685,0.0739496967681551
6686,0.0740073338934179
6687,0.0739281717942692
6688,-0.0407951288257351
6689,-0.0408742909248837
6690,-0.0408166537996209
6691,-0.0408958158987696
6692,-0.0408232248754641
6693,-0.0409023869746128
6694,-0.04084474984935
6695,-0.0409239119484986
6696,-0.0002164129899887
6697,-0.0002955750891373
6698,-0.0002379379638746
6699,-0.0003171000630232
6700,-0.0002445090397177
6701,-0.0003236711388664
6702,-0.0002660340136036
6703,-0.0003451961127523
6704,0.0330518287740812
6705,0.0329726666749326
6706,0.0330303038001953
6707,0.0329511417010467
6708,0.0330237327243522
6709,0.0329445706252035
6710,0.0330022077504663
6711,0.0329230456513176
6712,0.0736305446098276
6713,0.073551382510679
6714,0.0736090196359417
6715,0.0735298575367931
6716,0.0736024485600986
6717,0.0735232864609499
6718,0.0735809235862127
6719,0.073501761487064
6720,-0.0368458171545064
6721,-0.0369249792536551
6722,-0.0368673421283923
6723,-0.0369465042275409
6724,-0.0368739132042355
6725,-0.0369530753033841
6726,-0.0368954381781214
6727,-0.03697460027727
6728,0.0037328986812399
6729,0.0036537365820912
6730,0.003711373707354
6731,0.0036322116082054
6732,0.0037048026315108
6733,0.0036256405323622
6734,0.0036832776576249
6735,0.0036041155584763
6736,0.0370011404453099
6737,0.0369219783461612
6738,0.036979615471424
6739,0.0369004533722754
6740,0.0369730443955808
6741,0.0368938822964322
6742,0.0369515194216949
6743,0.0368723573225463
6744,0.0775798562810563
6745,0.0775006941819076
6746,0.0775583313071704
6747,0.0774791692080217
6748,0.0775517602313272
6749,0.0774725981321785
6750,0.0775302352574413
6751,0.0774510731582927
6752,-0.0372722274617116
6753,-0.0373513895608602
6754,-0.0372937524355975
6755,-0.0373729145347461
6756,-0.0373003235114407
6757,-0.0373794856105893
6758,-0.0373218484853265
6759,-0.0374010105844752
6760,0.0033064883740347
6761,0.0032273262748861
6762,0.0032849634001488
6763,0.0032058013010002
6764,0.0032783923243056
6765,0.003199230225157
6766,0.0032568673504197
6767,0.0031777052512711
6768,0.0365747301381047
6769,0.0364955680389561
6770,0.0365532051642188
6771,0.0364740430650702
6772,0.0365466340883756
6773,0.036467471989227
6774,0.0365251091144897
6775,0.0364459470153411
6776,0.0771534459738511
6777,0.0770742838747024
6778,0.0771319209999652
6779,0.0770527589008166
6780,0.077125349924122
6781,0.0770461878249734
6782,0.0771038249502361
6783,0.0770246628510875
6784,-0.0407498032877933
6785,-0.040828965386942
6786,-0.0407713282616792
6787,-0.0408504903608279
6788,-0.0407778993375224
6789,-0.040857061436671
6790,-0.0407994243114083
6791,-0.0408785864105569
6792,-0.000171087452047
6793,-0.0002502495511956
6794,-0.0001926124259328
6795,-0.0002717745250815
6796,-0.000199183501776
6797,-0.0002783456009247
6798,-0.0002207084756619
6799,-0.0002998705748105
6800,0.0330971543120229
6801,0.0330179922128743
6802,0.0330756293381371
6803,0.0329964672389884
6804,0.0330690582622939
6805,0.0329898961631452
6806,0.033047533288408
6807,0.0329683711892594
6808,0.0736758701477693
6809,0.0735967080486207
6810,0.0736543451738835
6811,0.0735751830747348
6812,0.0736477740980403
6813,0.0735686119988916
6814,0.0736262491241544
6815,0.0735470870250058
6816,-0.0411762135949985
6817,-0.0412553756941472
6818,-0.0411977385688844
6819,-0.041276900668033
6820,-0.0412043096447276
6821,-0.0412834717438762
6822,-0.0412258346186135
6823,-0.0413049967177621
6824,-0.0005974977592521
6825,-0.0006766598584008
6826,-0.000619022733138
6827,-0.0006981848322867
6828,-0.0006255938089812
6829,-0.0007047559081298
6830,-0.0006471187828671
6831,-0.0007262808820157
6832,0.0326707440048178
6833,0.0325915819056691
6834,0.0326492190309319
6835,0.0325700569317832
6836,0.0326426479550887
6837,0.0325634858559401
6838,0.0326211229812028
6839,0.0325419608820542
6840,0.0732494598405641
6841,0.0731702977414155
6842,0.0732279348666783
6843,0.0731487727675296
6844,0.0732213637908351
6845,0.0731422016916864
6846,0.0731998388169492
6847,0.0731206767178006
6848,-0.0372269019237699
6849,-0.0373060640229185
6850,-0.0372484268976558
6851,-0.0373275889968044
6852,-0.0372549979734989
6853,-0.0373341600726476
6854,-0.0372765229473848
6855,-0.0373556850465335
6856,0.0033518139119764
6857,0.0032726518128278
6858,0.0033302889380905
6859,0.0032511268389419
6860,0.0033237178622473
6861,0.0032445557630987
6862,0.0033021928883615
6863,0.0032230307892128
6864,0.0366200556760464
6865,0.0365408935768978
6866,0.0365985307021605
6867,0.0365193686030119
6868,0.0365919596263173
6869,0.0365127975271687
6870,0.0365704346524315
6871,0.0364912725532828
6872,0.0771987715117928
6873,0.0771196094126442
6874,0.0771772465379069
6875,0.0770980844387583
6876,0.0771706754620637
6877,0.0770915133629151
6878,0.0771491504881778
6879,0.0770699883890292
6880,-0.0376533122309751
6881,-0.0377324743301237
6882,-0.0376748372048609
6883,-0.0377539993040096
6884,-0.0376814082807041
6885,-0.0377605703798528
6886,-0.03770293325459
6887,-0.0377820953537386
6888,0.0029254036047712
6889,0.0028462415056226
6890,0.0029038786308853
6891,0.0028247165317367
6892,0.0028973075550422
6893,0.0028181454558935
6894,0.0028757825811563
6895,0.0027966204820076
6896,0.0361936453688412
6897,0.0361144832696926
6898,0.0361721203949553
6899,0.0360929582958067
6900,0.0361655493191122
6901,0.0360863872199635
6902,0.0361440243452263
6903,0.0360648622460776
6904,0.0767723612045876
6905,0.076693199105439
6906,0.0767508362307017
6907,0.0766716741315531
6908,0.0767442651548585
6909,0.0766651030557099
6910,0.0767227401809727
6911,0.076643578081824
6912,-0.0353970948570452
6913,-0.0354762569561938
6914,-0.0354186198309311
6915,-0.0354977819300797
6916,-0.0354251909067743
6917,-0.0355043530059229
6918,-0.0354467158806601
6919,-0.0355258779798088
6920,0.0051816209787011
6921,0.0051024588795525
6922,0.0051600960048152
6923,0.0050809339056666
6924,0.005153524928972
6925,0.0050743628298234
6926,0.0051319999550861
6927,0.0050528378559375
6928,0.0384498627427711
6929,0.0383707006436224
6930,0.0384283377688852
6931,0.0383491756697366
6932,0.038421766693042
6933,0.0383426045938934
6934,0.0384002417191561
6935,0.0383210796200075
6936,0.0790285785785175
6937,0.0789494164793688
6938,0.0790070536046316
6939,0.078927891505483
6940,0.0790004825287884
6941,0.0789213204296398
6942,0.0789789575549025
6943,0.0788997954557539
6944,-0.0358235051642504
6945,-0.035902667263399
6946,-0.0358450301381363
6947,-0.0359241922372849
6948,-0.0358516012139794
6949,-0.0359307633131281
6950,-0.0358731261878653
6951,-0.035952288287014
6952,0.0047552106714959
6953,0.0046760485723473
6954,0.00473368569761
6955,0.0046545235984614
6956,0.0047271146217668
6957,0.0046479525226182
6958,0.004705589647881
6959,0.0046264275487323
6960,0.0380234524355659
6961,0.0379442903364173
6962,0.03800192746168
6963,0.0379227653625314
6964,0.0379953563858368
6965,0.0379161942866882
6966,0.037973831411951
6967,0.0378946693128023
6968,0.0786021682713123
6969,0.0785230061721636
6970,0.0785806432974264
6971,0.0785014811982778
6972,0.0785740722215832
6973,0.0784949101224346
6974,0.0785525472476973
6975,0.0784733851485487
6976,-0.0318741934930217
6977,-0.0319533555921704
6978,-0.0318957184669076
6979,-0.0319748805660563
6980,-0.0319022895427508
6981,-0.0319814516418994
6982,-0.0319238145166367
6983,-0.0320029766157853
6984,0.0087045223427245
6985,0.0086253602435759
6986,0.0086829973688387
6987,0.00860383526969
6988,0.0086764262929955
6989,0.0085972641938468
6990,0.0086549013191096
6991,0.008575739219961
6992,0.0419727641067946
6993,0.0418936020076459
6994,0.0419512391329087
6995,0.04187207703376
6996,0.0419446680570655
6997,0.0418655059579168
6998,0.0419231430831796
6999,0.041843980984031
7000,0.0825514799425409
7001,0.0824723178433923
7002,0.082529954968655
7003,0.0824507928695064
7004,0.0825233838928119
7005,0.0824442217936632
7006,0.082501858918926
7007,0.0824226968197774
7008,-0.0323006038002269
7009,-0.0323797658993756
7010,-0.0323221287741128
7011,-0.0324012908732614
7012,-0.032328699849956
7013,-0.0324078619491046
7014,-0.0323502248238419
7015,-0.0324293869229905
7016,0.0082781120355194
7017,0.0081989499363707
7018,0.0082565870616335
7019,0.0081774249624848
7020,0.0082500159857903
7021,0.0081708538866417
7022,0.0082284910119044
7023,0.0081493289127558
7024,0.0415463537995894
7025,0.0414671917004407
7026,0.0415248288257035
7027,0.0414456667265549
7028,0.0415182577498603
7029,0.0414390956507117
7030,0.0414967327759744
7031,0.0414175706768258
7032,0.0821250696353357
7033,0.0820459075361871
7034,0.0821035446614499
7035,0.0820243825623012
7036,0.0820969735856067
7037,0.082017811486458
7038,0.0820754486117208
7039,0.0819962865125722
7040,-0.0357781796263087
7041,-0.0358573417254573
7042,-0.0357997046001945
7043,-0.0358788666993432
7044,-0.0358062756760377
7045,-0.0358854377751864
7046,-0.0358278006499236
7047,-0.0359069627490723
7048,0.0048005362094376
7049,0.004721374110289
7050,0.0047790112355517
7051,0.0046998491364031
7052,0.0047724401597086
7053,0.0046932780605599
7054,0.0047509151858227
7055,0.004671753086674
7056,0.0380687779735076
7057,0.037989615874359
7058,0.0380472529996217
7059,0.0379680909004731
7060,0.0380406819237786
7061,0.0379615198246299
7062,0.0380191569498927
7063,0.037939994850744
7064,0.078647493809254
7065,0.0785683317101054
7066,0.0786259688353681
7067,0.0785468067362195
7068,0.0786193977595249
7069,0.0785402356603763
7070,0.0785978727856391
7071,0.0785187106864904
7072,-0.0362045899335139
7073,-0.0362837520326625
7074,-0.0362261149073997
7075,-0.0363052770065484
7076,-0.0362326859832429
7077,-0.0363118480823916
7078,-0.0362542109571288
7079,-0.0363333730562774
7080,0.0043741259022324
7081,0.0042949638030838
7082,0.0043526009283466
7083,0.0042734388291979
7084,0.0043460298525034
7085,0.0042668677533547
7086,0.0043245048786175
7087,0.0042453427794689
7088,0.0376423676663024
7089,0.0375632055671538
7090,0.0376208426924166
7091,0.0375416805932679
7092,0.0376142716165734
7093,0.0375351095174247
7094,0.0375927466426875
7095,0.0375135845435389
7096,0.0782210835020488
7097,0.0781419214029002
7098,0.0781995585281629
7099,0.0781203964290143
7100,0.0781929874523197
7101,0.0781138253531711
7102,0.0781714624784339
7103,0.0780923003792852
7104,-0.0322552782622852
7105,-0.0323344403614338
7106,-0.0322768032361711
7107,-0.0323559653353197
7108,-0.0322833743120143
7109,-0.0323625364111629
7110,-0.0323048992859002
7111,-0.0323840613850488
7112,0.0083234375734611
7113,0.0082442754743124
7114,0.0083019125995752
7115,0.0082227505004266
7116,0.008295341523732
7117,0.0082161794245834
7118,0.0082738165498461
7119,0.0081946544506975
7120,0.0415916793375311
7121,0.0415125172383824
7122,0.0415701543636452
7123,0.0414909922644966
7124,0.041563583287802
7125,0.0414844211886534
7126,0.0415420583139161
7127,0.0414628962147675
7128,0.0821703951732775
7129,0.0820912330741288
7130,0.0821488701993916
7131,0.0820697081002429
7132,0.0821422991235484
7133,0.0820631370243998
7134,0.0821207741496625
7135,0.0820416120505139
7136,-0.0326816885694904
7137,-0.032760850668639
7138,-0.0327032135433763
7139,-0.0327823756425249
7140,-0.0327097846192195
7141,-0.0327889467183681
7142,-0.0327313095931053
7143,-0.032810471692254
7144,0.0078970272662559
7145,0.0078178651671073
7146,0.00787550229237
7147,0.0077963401932214
7148,0.0078689312165268
7149,0.0077897691173782
7150,0.007847406242641
7151,0.0077682441434923
7152,0.0411652690303259
7153,0.0410861069311773
7154,0.04114374405644
7155,0.0410645819572914
7156,0.0411371729805968
7157,0.0410580108814482
7158,0.041115648006711
7159,0.0410364859075623
7160,0.0817439848660723
7161,0.0816648227669236
7162,0.0817224598921864
7163,0.0816432977930378
7164,0.0817158888163432
7165,0.0816367267171946
7166,0.0816943638424573
7167,0.0816152017433087
7168,-0.0628846516652929
7169,-0.0629638137644415
7170,-0.0629061766391788
7171,-0.0629853387383274
7172,-0.062912747715022
7173,-0.0629919098141706
7174,-0.0629342726889078
7175,-0.0630134347880565
7176,-0.0223059358295465
7177,-0.0223850979286951
7178,-0.0223274608034324
7179,-0.022406622902581
7180,-0.0223340318792756
7181,-0.0224131939784242
7182,-0.0223555568531614
7183,-0.0224347189523101
7184,0.0109623059345234
7185,0.0108831438353748
7186,0.0109407809606375
7187,0.0108616188614889
7188,0.0109342098847943
7189,0.0108550477856457
7190,0.0109126849109085
7191,0.0108335228117598
7192,0.0515410217702698
7193,0.0514618596711212
7194,0.0515194967963839
7195,0.0514403346972353
7196,0.0515129257205407
7197,0.0514337636213921
7198,0.0514914007466549
7199,0.0514122386475062
7200,-0.0633110619724981
7201,-0.0633902240716467
7202,-0.0633325869463839
7203,-0.0634117490455326
7204,-0.0633391580222271
7205,-0.0634183201213758
7206,-0.063360682996113
7207,-0.0634398450952617
7208,-0.0227323461367517
7209,-0.0228115082359003
7210,-0.0227538711106376
7211,-0.0228330332097862
7212,-0.0227604421864807
7213,-0.0228396042856294
7214,-0.0227819671603666
7215,-0.0228611292595153
7216,0.0105358956273182
7217,0.0104567335281696
7218,0.0105143706534323
7219,0.0104352085542837
7220,0.0105077995775892
7221,0.0104286374784405
7222,0.0104862746037033
7223,0.0104071125045546
7224,0.0511146114630646
7225,0.051035449363916
7226,0.0510930864891787
7227,0.0510139243900301
7228,0.0510865154133355
7229,0.0510073533141869
7230,0.0510649904394497
7231,0.050985828340301
7232,-0.0593617503012694
7233,-0.0594409124004181
7234,-0.0593832752751553
7235,-0.0594624373743039
7236,-0.0593898463509985
7237,-0.0594690084501471
7238,-0.0594113713248844
7239,-0.059490533424033
7240,-0.018783034465523
7241,-0.0188621965646717
7242,-0.0188045594394089
7243,-0.0188837215385576
7244,-0.0188111305152521
7245,-0.0188902926144007
7246,-0.018832655489138
7247,-0.0189118175882866
7248,0.0144852072985469
7249,0.0144060451993982
7250,0.014463682324661
7251,0.0143845202255123
7252,0.0144571112488178
7253,0.0143779491496692
7254,0.0144355862749319
7255,0.0143564241757833
7256,0.0550639231342933
7257,0.0549847610351446
7258,0.0550423981604074
7259,0.0549632360612587
7260,0.0550358270845642
7261,0.0549566649854156
7262,0.0550143021106783
7263,0.0549351400115297
7264,-0.0597881606084746
7265,-0.0598673227076233
7266,-0.0598096855823605
7267,-0.0598888476815091
7268,-0.0598162566582037
7269,-0.0598954187573523
7270,-0.0598377816320895
7271,-0.0599169437312382
7272,-0.0192094447727282
7273,-0.0192886068718769
7274,-0.0192309697466141
7275,-0.0193101318457627
7276,-0.0192375408224573
7277,-0.0193167029216059
7278,-0.0192590657963432
7279,-0.0193382278954918
7280,0.0140587969913417
7281,0.013979634892193
7282,0.0140372720174558
7283,0.0139581099183072
7284,0.0140307009416126
7285,0.013951538842464
7286,0.0140091759677267
7287,0.0139300138685781
7288,0.0546375128270881
7289,0.0545583507279394
7290,0.0546159878532022
7291,0.0545368257540536
7292,0.054609416777359
7293,0.0545302546782104
7294,0.0545878918034731
7295,0.0545087297043245
7296,-0.0632657364345564
7297,-0.063344898533705
7298,-0.0632872614084422
7299,-0.0633664235075909
7300,-0.0632938324842854
7301,-0.0633729945834341
7302,-0.0633153574581713
7303,-0.0633945195573199
7304,-0.02268702059881
7305,-0.0227661826979586
7306,-0.0227085455726958
7307,-0.0227877076718445
7308,-0.022715116648539
7309,-0.0227942787476877
7310,-0.0227366416224249
7311,-0.0228158037215735
7312,0.0105812211652599
7313,0.0105020590661113
7314,0.0105596961913741
7315,0.0104805340922254
7316,0.0105531251155309
7317,0.0104739630163822
7318,0.010531600141645
7319,0.0104524380424964
7320,0.0511599370010063
7321,0.0510807749018577
7322,0.0511384120271204
7323,0.0510592499279718
7324,0.0511318409512773
7325,0.0510526788521286
7326,0.0511103159773914
7327,0.0510311538782427
7328,-0.0636921467417615
7329,-0.0637713088409102
7330,-0.0637136717156474
7331,-0.0637928338147961
7332,-0.0637202427914906
7333,-0.0637994048906392
7334,-0.0637417677653765
7335,-0.0638209298645251
7336,-0.0231134309060151
7337,-0.0231925930051638
7338,-0.023134955879901
7339,-0.0232141179790497
7340,-0.0231415269557442
7341,-0.0232206890548929
7342,-0.0231630519296301
7343,-0.0232422140287787
7344,0.0101548108580547
7345,0.0100756487589061
7346,0.0101332858841689
7347,0.0100541237850202
7348,0.0101267148083257
7349,0.010047552709177
7350,0.0101051898344398
7351,0.0100260277352912
7352,0.0507335266938011
7353,0.0506543645946525
7354,0.0507120017199153
7355,0.0506328396207666
7356,0.0507054306440721
7357,0.0506262685449234
7358,0.0506839056701862
7359,0.0506047435710376
7360,-0.0597428350705329
7361,-0.0598219971696815
7362,-0.0597643600444188
7363,-0.0598435221435674
7364,-0.059770931120262
7365,-0.0598500932194106
7366,-0.0597924560941478
7367,-0.0598716181932965
7368,-0.0191641192347865
7369,-0.0192432813339351
7370,-0.0191856442086724
7371,-0.019264806307821
7372,-0.0191922152845156
7373,-0.0192713773836642
7374,-0.0192137402584014
7375,-0.0192929023575501
7376,0.0141041225292834
7377,0.0140249604301348
7378,0.0140825975553975
7379,0.0140034354562489
7380,0.0140760264795543
7381,0.0139968643804057
7382,0.0140545015056684
7383,0.0139753394065198
7384,0.0546828383650298
7385,0.0546036762658811
7386,0.0546613133911439
7387,0.0545821512919953
7388,0.0546547423153007
7389,0.0545755802161521
7390,0.0546332173414148
7391,0.0545540552422662
7392,-0.0601692453777381
7393,-0.0602484074768867
7394,-0.060190770351624
7395,-0.0602699324507726
7396,-0.0601973414274672
7397,-0.0602765035266158
7398,-0.060218866401353
7399,-0.0602980285005017
7400,-0.0195905295419917
7401,-0.0196696916411403
7402,-0.0196120545158776
7403,-0.0196912166150262
7404,-0.0196186255917208
7405,-0.0196977876908694
7406,-0.0196401505656066
7407,-0.0197193126647553
7408,0.0136777122220782
7409,0.0135985501229296
7410,0.0136561872481923
7411,0.0135770251490437
7412,0.0136496161723491
7413,0.0135704540732005
7414,0.0136280911984633
7415,0.0135489290993146
7416,0.0542564280578246
7417,0.054177265958676
7418,0.0542349030839387
7419,0.0541557409847901
7420,0.0542283320080955
7421,0.0541491699089469
7422,0.0542068070342097
7423,0.054127644935061
7424,-0.0579130280038082
7425,-0.0579921901029569
7426,-0.0579345529776941
7427,-0.0580137150768427
7428,-0.0579411240535373
7429,-0.0580202861526859
7430,-0.0579626490274231
7431,-0.0580418111265718
7432,-0.0173343121680618
7433,-0.0174134742672105
7434,-0.0173558371419477
7435,-0.0174349992410963
7436,-0.0173624082177909
7437,-0.0174415703169395
7438,-0.0173839331916768
7439,-0.0174630952908254
7440,0.0159339295960081
7441,0.0158547674968594
7442,0.0159124046221222
7443,0.0158332425229736
7444,0.015905833546279
7445,0.0158266714471304
7446,0.0158843085723931
7447,0.0158051464732445
7448,0.0565126454317545
7449,0.0564334833326058
7450,0.0564911204578686
7451,0.05641195835872
7452,0.0564845493820254
7453,0.0564053872828768
7454,0.0564630244081395
7455,0.0563838623089909
7456,-0.0583394383110134
7457,-0.058418600410162
7458,-0.0583609632848993
7459,-0.0584401253840479
7460,-0.0583675343607425
7461,-0.0584466964598911
7462,-0.0583890593346283
7463,-0.058468221433777
7464,-0.017760722475267
7465,-0.0178398845744156
7466,-0.0177822474491529
7467,-0.0178614095483015
7468,-0.0177888185249961
7469,-0.0178679806241447
7470,-0.0178103434988819
7471,-0.0178895055980306
7472,0.0155075192888029
7473,0.0154283571896543
7474,0.015485994314917
7475,0.0154068322157684
7476,0.0154794232390738
7477,0.0154002611399252
7478,0.015457898265188
7479,0.0153787361660393
7480,0.0560862351245493
7481,0.0560070730254006
7482,0.0560647101506634
7483,0.0559855480515148
7484,0.0560581390748202
7485,0.0559789769756716
7486,0.0560366141009343
7487,0.0559574520017857
7488,-0.0543901266397847
7489,-0.0544692887389334
7490,-0.0544116516136706
7491,-0.0544908137128193
7492,-0.0544182226895138
7493,-0.0544973847886624
7494,-0.0544397476633997
7495,-0.0545189097625483
7496,-0.0138114108040384
7497,-0.013890572903187
7498,-0.0138329357779242
7499,-0.0139120978770729
7500,-0.0138395068537674
7501,-0.0139186689529161
7502,-0.0138610318276533
7503,-0.0139401939268019
7504,0.0194568309600315
7505,0.0193776688608829
7506,0.0194353059861457
7507,0.019356143886997
7508,0.0194287349103025
7509,0.0193495728111538
7510,0.0194072099364166
7511,0.019328047837268
7512,0.0600355467957779
7513,0.0599563846966293
7514,0.0600140218218921
7515,0.0599348597227434
7516,0.0600074507460489
7517,0.0599282886469002
7518,0.059985925772163
7519,0.0599067636730143
7520,-0.0548165369469899
7521,-0.0548956990461386
7522,-0.0548380619208758
7523,-0.0549172240200244
7524,-0.054844632996719
7525,-0.0549237950958676
7526,-0.0548661579706049
7527,-0.0549453200697535
7528,-0.0142378211112435
7529,-0.0143169832103922
7530,-0.0142593460851294
7531,-0.0143385081842781
7532,-0.0142659171609726
7533,-0.0143450792601212
7534,-0.0142874421348585
7535,-0.0143666042340071
7536,0.0190304206528264
7537,0.0189512585536777
7538,0.0190088956789405
7539,0.0189297335797918
7540,0.0190023246030973
7541,0.0189231625039487
7542,0.0189807996292114
7543,0.0189016375300628
7544,0.0596091364885727
7545,0.0595299743894241
7546,0.0595876115146869
7547,0.0595084494155382
7548,0.0595810404388437
7549,0.059501878339695
7550,0.0595595154649578
7551,0.0594803533658092
7552,-0.0582941127730717
7553,-0.0583732748722203
7554,-0.0583156377469576
7555,-0.0583947998461062
7556,-0.0583222088228008
7557,-0.0584013709219494
7558,-0.0583437337966866
7559,-0.0584228958958353
7560,-0.0177153969373253
7561,-0.0177945590364739
7562,-0.0177369219112112
7563,-0.0178160840103598
7564,-0.0177434929870544
7565,-0.017822655086203
7566,-0.0177650179609402
7567,-0.0178441800600889
7568,0.0155528448267446
7569,0.015473682727596
7570,0.0155313198528587
7571,0.0154521577537101
7572,0.0155247487770155
7573,0.0154455866778669
7574,0.0155032238031297
7575,0.015424061703981
7576,0.056131560662491
7577,0.0560523985633424
7578,0.0561100356886051
7579,0.0560308735894565
7580,0.0561034646127619
7581,0.0560243025136133
7582,0.0560819396388761
7583,0.0560027775397274
7584,-0.0587205230802769
7585,-0.0587996851794255
7586,-0.0587420480541627
7587,-0.0588212101533114
7588,-0.0587486191300059
7589,-0.0588277812291546
7590,-0.0587701441038918
7591,-0.0588493062030405
7592,-0.0181418072445305
7593,-0.0182209693436791
7594,-0.0181633322184163
7595,-0.018242494317565
7596,-0.0181699032942595
7597,-0.0182490653934082
7598,-0.0181914282681454
7599,-0.0182705903672941
7600,0.0151264345195394
7601,0.0150472724203908
7602,0.0151049095456535
7603,0.0150257474465049
7604,0.0150983384698104
7605,0.0150191763706617
7606,0.0150768134959245
7607,0.0149976513967758
7608,0.0557051503552858
7609,0.0556259882561372
7610,0.0556836253813999
7611,0.0556044632822513
7612,0.0556770543055568
7613,0.0555978922064081
7614,0.0556555293316709
7615,0.0555763672325222
7616,-0.0547712114090482
7617,-0.0548503735081968
7618,-0.0547927363829341
7619,-0.0548718984820827
7620,-0.0547993074587773
7621,-0.0548784695579259
7622,-0.0548208324326632
7623,-0.0548999945318118
7624,-0.0141924955733018
7625,-0.0142716576724505
7626,-0.0142140205471877
7627,-0.0142931826463363
7628,-0.0142205916230309
7629,-0.0142997537221795
7630,-0.0142421165969168
7631,-0.0143212786960654
7632,0.0190757461907681
7633,0.0189965840916194
7634,0.0190542212168822
7635,0.0189750591177336
7636,0.019047650141039
7637,0.0189684880418904
7638,0.0190261251671531
7639,0.0189469630680045
7640,0.0596544620265145
7641,0.0595752999273658
7642,0.0596329370526286
7643,0.0595537749534799
7644,0.0596263659767854
7645,0.0595472038776368
7646,0.0596048410028995
7647,0.0595256789037509
7648,-0.0551976217162534
7649,-0.055276783815402
7650,-0.0552191466901393
7651,-0.0552983087892879
7652,-0.0552257177659825
7653,-0.0553048798651311
7654,-0.0552472427398683
7655,-0.055326404839017
7656,-0.014618905880507
7657,-0.0146980679796556
7658,-0.0146404308543929
7659,-0.0147195929535415
7660,-0.0146470019302361
7661,-0.0147261640293847
7662,-0.014668526904122
7663,-0.0147476890032706
7664,0.0186493358835629
7665,0.0185701737844142
7666,0.018627810909677
7667,0.0185486488105284
7668,0.0186212398338338
7669,0.0185420777346852
7670,0.0185997148599479
7671,0.0185205527607993
7672,0.0592280517193093
7673,0.0591488896201606
7674,0.0592065267454234
7675,0.0591273646462748
7676,0.0591999556695802
7677,0.0591207935704316
7678,0.0591784306956943
7679,0.0590992685965457
7680,-0.0402965161955499
7681,-0.0403756782946985
7682,-0.0403180411694358
7683,-0.0403972032685844
7684,-0.040324612245279
7685,-0.0404037743444276
7686,-0.0403461372191649
7687,-0.0404252993183135
7688,0.0002821996401964
7689,0.0002030375410477
7690,0.0002606746663105
7691,0.0001815125671619
7692,0.0002541035904673
7693,0.0001749414913187
7694,0.0002325786165814
7695,0.0001534165174328
7696,0.0335504414042664
7697,0.0334712793051177
7698,0.0335289164303805
7699,0.0334497543312319
7700,0.0335223453545373
7701,0.0334431832553887
7702,0.0335008203806514
7703,0.0334216582815028
7704,0.0741291572400128
7705,0.0740499951408641
7706,0.0741076322661269
7707,0.0740284701669782
7708,0.0741010611902837
7709,0.0740218990911351
7710,0.0740795362163978
7711,0.0740003741172492
7712,-0.0407229265027551
7713,-0.0408020886019037
7714,-0.040744451476641
7715,-0.0408236135757896
7716,-0.0407510225524842
7717,-0.0408301846516328
7718,-0.04077254752637
7719,-0.0408517096255187
7720,-0.0001442106670087
7721,-0.0002233727661573
7722,-0.0001657356408946
7723,-0.0002448977400432
7724,-0.0001723067167378
7725,-0.0002514688158864
7726,-0.0001938316906236
7727,-0.0002729937897723
7728,0.0331240310970612
7729,0.0330448689979126
7730,0.0331025061231753
7731,0.0330233440240267
7732,0.0330959350473321
7733,0.0330167729481835
7734,0.0330744100734462
7735,0.0329952479742976
7736,0.0737027469328076
7737,0.073623584833659
7738,0.0736812219589217
7739,0.0736020598597731
7740,0.0736746508830785
7741,0.0735954887839299
7742,0.0736531259091926
7743,0.073573963810044
7744,-0.0367736148315265
7745,-0.0368527769306751
7746,-0.0367951398054123
7747,-0.036874301904561
7748,-0.0368017108812555
7749,-0.0368808729804042
7750,-0.0368232358551414
7751,-0.03690239795429
7752,0.0038051010042198
7753,0.0037259389050712
7754,0.003783576030334
7755,0.0037044139311853
7756,0.0037770049544908
7757,0.0036978428553421
7758,0.0037554799806049
7759,0.0036763178814563
7760,0.0370733427682898
7761,0.0369941806691412
7762,0.037051817794404
7763,0.0369726556952553
7764,0.0370452467185608
7765,0.0369660846194121
7766,0.0370237217446749
7767,0.0369445596455263
7768,0.0776520586040362
7769,0.0775728965048876
7770,0.0776305336301503
7771,0.0775513715310017
7772,0.0776239625543072
7773,0.0775448004551585
7774,0.0776024375804213
7775,0.0775232754812726
7776,-0.0372000251387316
7777,-0.0372791872378803
7778,-0.0372215501126175
7779,-0.0373007122117661
7780,-0.0372281211884607
7781,-0.0373072832876093
7782,-0.0372496461623466
7783,-0.0373288082614952
7784,0.0033786906970147
7785,0.003299528597866
7786,0.0033571657231288
7787,0.0032780036239801
7788,0.0033505946472856
7789,0.003271432548137
7790,0.0033290696733997
7791,0.0032499075742511
7792,0.0366469324610847
7793,0.036567770361936
7794,0.0366254074871988
7795,0.0365462453880501
7796,0.0366188364113556
7797,0.036539674312207
7798,0.0365973114374697
7799,0.0365181493383211
7800,0.077225648296831
7801,0.0771464861976824
7802,0.0772041233229452
7803,0.0771249612237965
7804,0.077197552247102
7805,0.0771183901479533
7806,0.0771760272732161
7807,0.0770968651740675
7808,-0.0406776009648134
7809,-0.040756763063962
7810,-0.0406991259386993
7811,-0.0407782880378479
7812,-0.0407056970145424
7813,-0.0407848591136911
7814,-0.0407272219884283
7815,-0.040806384087577
7816,-9.888512906704264e-05
7817,-0.0001780472282156
7818,-0.0001204101029529
7819,-0.0001995722021015
7820,-0.0001269811787961
7821,-0.0002061432779447
7822,-0.0001485061526819
7823,-0.0002276682518306
7824,0.0331693566350029
7825,0.0330901945358543
7826,0.033147831661117
7827,0.0330686695619684
7828,0.0331412605852738
7829,0.0330620984861252
7830,0.033119735611388
7831,0.0330405735122393
7832,0.0737480724707493
7833,0.0736689103716007
7834,0.0737265474968634
7835,0.0736473853977148
7836,0.0737199764210202
7837,0.0736408143218716
7838,0.0736984514471344
7839,0.0736192893479857
7840,-0.0411040112720186
7841,-0.0411831733711672
7842,-0.0411255362459044
7843,-0.0412046983450531
7844,-0.0411321073217476
7845,-0.0412112694208963
7846,-0.0411536322956335
7847,-0.0412327943947821
7848,-0.0005252954362722
7849,-0.0006044575354208
7850,-0.0005468204101581
7851,-0.0006259825093067
7852,-0.0005533914860012
7853,-0.0006325535851499
7854,-0.0005749164598871
7855,-0.0006540785590358
7856,0.0327429463277977
7857,0.0326637842286491
7858,0.0327214213539118
7859,0.0326422592547632
7860,0.0327148502780687
7861,0.03263568817892
7862,0.0326933253041828
7863,0.0326141632050341
7864,0.0733216621635441
7865,0.0732425000643955
7866,0.0733001371896582
7867,0.0732209750905096
7868,0.073293566113815
7869,0.0732144040146664
7870,0.0732720411399292
7871,0.0731928790407805
7872,-0.0371546996007899
7873,-0.0372338616999386
7874,-0.0371762245746758
7875,-0.0372553866738244
7876,-0.037182795650519
7877,-0.0372619577496676
7878,-0.0372043206244049
7879,-0.0372834827235535
7880,0.0034240162349564
7881,0.0033448541358077
7882,0.0034024912610705
7883,0.0033233291619219
7884,0.0033959201852273
7885,0.0033167580860787
7886,0.0033743952113414
7887,0.0032952331121928
7888,0.0366922579990264
7889,0.0366130958998777
7890,0.0366707330251405
7891,0.0365915709259919
7892,0.0366641619492973
7893,0.0365849998501487
7894,0.0366426369754114
7895,0.0365634748762628
7896,0.0772709738347727
7897,0.0771918117356241
7898,0.0772494488608869
7899,0.0771702867617382
7900,0.0772428777850437
7901,0.0771637156858951
7902,0.0772213528111578
7903,0.0771421907120092
7904,-0.0375811099079951
7905,-0.0376602720071437
7906,-0.037602634881881
7907,-0.0376817969810296
7908,-0.0376092059577242
7909,-0.0376883680568728
7910,-0.03763073093161
7911,-0.0377098930307587
7912,0.0029976059277512
7913,0.0029184438286025
7914,0.0029760809538653
7915,0.0028969188547167
7916,0.0029695098780221
7917,0.0028903477788735
7918,0.0029479849041362
7919,0.0028688228049876
7920,0.0362658476918212
7921,0.0361866855926725
7922,0.0362443227179353
7923,0.0361651606187867
7924,0.0362377516420921
7925,0.0361585895429435
7926,0.0362162266682062
7927,0.0361370645690576
7928,0.0768445635275676
7929,0.0767654014284189
7930,0.0768230385536817
7931,0.0767438764545331
7932,0.0768164674778385
7933,0.0767373053786899
7934,0.0767949425039526
7935,0.076715780404804
7936,-0.0353248925340652
7937,-0.0354040546332139
7938,-0.0353464175079511
7939,-0.0354255796070997
7940,-0.0353529885837943
7941,-0.0354321506829429
7942,-0.0353745135576802
7943,-0.0354536756568288
7944,0.0052538233016811
7945,0.0051746612025324
7946,0.0052322983277952
7947,0.0051531362286465
7948,0.005225727251952
7949,0.0051465651528034
7950,0.0052042022780661
7951,0.0051250401789175
7952,0.0385220650657511
7953,0.0384429029666024
7954,0.0385005400918652
7955,0.0384213779927165
7956,0.038493969016022
7957,0.0384148069168734
7958,0.0384724440421361
7959,0.0383932819429875
7960,0.0791007809014974
7961,0.0790216188023488
7962,0.0790792559276116
7963,0.0790000938284629
7964,0.0790726848517684
7965,0.0789935227526197
7966,0.0790511598778825
7967,0.0789719977787339
7968,-0.0357513028412704
7969,-0.035830464940419
7970,-0.0357728278151563
7971,-0.0358519899143049
7972,-0.0357793988909995
7973,-0.0358585609901481
7974,-0.0358009238648854
7975,-0.035880085964034
7976,0.0048274129944759
7977,0.0047482508953272
7978,0.00480588802059
7979,0.0047267259214414
7980,0.0047993169447468
7981,0.0047201548455982
7982,0.0047777919708609
7983,0.0046986298717123
7984,0.0380956547585459
7985,0.0380164926593972
7986,0.03807412978466
7987,0.0379949676855114
7988,0.0380675587088168
7989,0.0379883966096682
7990,0.0380460337349309
7991,0.0379668716357823
7992,0.0786743705942923
7993,0.0785952084951436
7994,0.0786528456204064
7995,0.0785736835212577
7996,0.0786462745445632
7997,0.0785671124454145
7998,0.0786247495706773
7999,0.0785455874715287
8000,-0.0318019911700418
8001,-0.0318811532691904
8002,-0.0318235161439277
8003,-0.0319026782430763
8004,-0.0318300872197708
8005,-0.0319092493189195
8006,-0.0318516121936567
8007,-0.0319307742928054
8008,0.0087767246657045
8009,0.0086975625665559
8010,0.0087551996918186
8011,0.00867603759267
8012,0.0087486286159755
8013,0.0086694665168268
8014,0.0087271036420896
8015,0.0086479415429409
8016,0.0420449664297745
8017,0.0419658043306259
8018,0.0420234414558886
8019,0.04194427935674
8020,0.0420168703800455
8021,0.0419377082808968
8022,0.0419953454061596
8023,0.0419161833070109
8024,0.0826236822655209
8025,0.0825445201663723
8026,0.082602157291635
8027,0.0825229951924864
8028,0.0825955862157918
8029,0.0825164241166432
8030,0.0825740612419059
8031,0.0824948991427573
8032,-0.032228401477247
8033,-0.0323075635763956
8034,-0.0322499264511328
8035,-0.0323290885502815
8036,-0.032256497526976
8037,-0.0323356596261247
8038,-0.0322780225008619
8039,-0.0323571846000105
8040,0.0083503143584993
8041,0.0082711522593507
8042,0.0083287893846135
8043,0.0082496272854648
8044,0.0083222183087703
8045,0.0082430562096216
8046,0.0083006933348844
8047,0.0082215312357358
8048,0.0416185561225693
8049,0.0415393940234207
8050,0.0415970311486835
8051,0.0415178690495348
8052,0.0415904600728403
8053,0.0415112979736916
8054,0.0415689350989544
8055,0.0414897729998058
8056,0.0821972719583157
8057,0.0821181098591671
8058,0.0821757469844298
8059,0.0820965848852812
8060,0.0821691759085867
8061,0.082090013809438
8062,0.0821476509347008
8063,0.0820684888355521
8064,-0.0357059773033287
8065,-0.0357851394024773
8066,-0.0357275022772146
8067,-0.0358066643763632
8068,-0.0357340733530578
8069,-0.0358132354522064
8070,-0.0357555983269436
8071,-0.0358347604260923
8072,0.0048727385324176
8073,0.0047935764332689
8074,0.0048512135585317
8075,0.0047720514593831
8076,0.0048446424826885
8077,0.0047654803835399
8078,0.0048231175088026
8079,0.004743955409654
8080,0.0381409802964876
8081,0.038061818197339
8082,0.0381194553226017
8083,0.0380402932234531
8084,0.0381128842467585
8085,0.0380337221476099
8086,0.0380913592728726
8087,0.038012197173724
8088,0.078719696132234
8089,0.0786405340330853
8090,0.0786981711583481
8091,0.0786190090591994
8092,0.0786916000825049
8093,0.0786124379833563
8094,0.078670075108619
8095,0.0785909130094704
8096,-0.0361323876105339
8097,-0.0362115497096825
8098,-0.0361539125844198
8099,-0.0362330746835684
8100,-0.036160483660263
8101,-0.0362396457594116
8102,-0.0361820086341488
8103,-0.0362611707332975
8104,0.0044463282252124
8105,0.0043671661260638
8106,0.0044248032513265
8107,0.0043456411521779
8108,0.0044182321754833
8109,0.0043390700763347
8110,0.0043967072015975
8111,0.0043175451024488
8112,0.0377145699892824
8113,0.0376354078901338
8114,0.0376930450153965
8115,0.0376138829162479
8116,0.0376864739395533
8117,0.0376073118404047
8118,0.0376649489656675
8119,0.0375857868665188
8120,0.0782932858250288
8121,0.0782141237258802
8122,0.0782717608511429
8123,0.0781925987519943
8124,0.0782651897752997
8125,0.0781860276761511
8126,0.0782436648014138
8127,0.0781645027022652
8128,-0.0321830759393052
8129,-0.0322622380384539
8130,-0.0322046009131911
8131,-0.0322837630123398
8132,-0.0322111719890343
8133,-0.0322903340881829
8134,-0.0322326969629202
8135,-0.0323118590620688
8136,0.008395639896441
8137,0.0083164777972924
8138,0.0083741149225552
8139,0.0082949528234065
8140,0.008367543846712
8141,0.0082883817475633
8142,0.0083460188728261
8143,0.0082668567736775
8144,0.041663881660511
8145,0.0415847195613624
8146,0.0416423566866252
8147,0.0415631945874765
8148,0.041635785610782
8149,0.0415566235116333
8150,0.0416142606368961
8151,0.0415350985377475
8152,0.0822425974962574
8153,0.0821634353971088
8154,0.0822210725223716
8155,0.0821419104232229
8156,0.0822145014465284
8157,0.0821353393473797
8158,0.0821929764726425
8159,0.0821138143734938
8160,-0.0326094862465104
8161,-0.0326886483456591
8162,-0.0326310112203963
8163,-0.0327101733195449
8164,-0.0326375822962395
8165,-0.0327167443953881
8166,-0.0326591072701254
8167,-0.032738269369274
8168,0.0079692295892359
8169,0.0078900674900872
8170,0.00794770461535
8171,0.0078685425162013
8172,0.0079411335395068
8173,0.0078619714403582
8174,0.0079196085656209
8175,0.0078404464664723
8176,0.0412374713533059
8177,0.0411583092541572
8178,0.04121594637942
8179,0.0411367842802713
8180,0.0412093753035768
8181,0.0411302132044282
8182,0.0411878503296909
8183,0.0411086882305423
8184,0.0818161871890522
8185,0.0817370250899036
8186,0.0817946622151664
8187,0.0817155001160177
8188,0.0817880911393232
8189,0.0817089290401746
8190,0.0817665661654373
8191,0.0816874040662887
8192,-0.0815717772488587
8193,-0.0816509393480073
8194,-0.0815933022227446
8195,-0.0816724643218932
8196,-0.0815998732985878
8197,-0.0816790353977364
8198,-0.0816213982724737
8199,-0.0817005603716223
8200,-0.0409930614131123
8201,-0.041072223512261
8202,-0.0410145863869982
8203,-0.0410937484861468
8204,-0.0410211574628414
8205,-0.04110031956199
8206,-0.0410426824367273
8207,-0.0411218445358759
8208,-0.0077248196490423
8209,-0.007803981748191
8210,-0.0077463446229282
8211,-0.0078255067220768
8212,-0.0077529156987714
8213,-0.00783207779792
8214,-0.0077744406726573
8215,-0.0078536027718059
8216,0.032853896186704
8217,0.0327747340875553
8218,0.0328323712128181
8219,0.0327532091136694
8220,0.0328258001369749
8221,0.0327466380378263
8222,0.032804275163089
8223,0.0327251130639404
8224,-0.0819981875560639
8225,-0.0820773496552125
8226,-0.0820197125299498
8227,-0.0820988746290984
8228,-0.082026283605793
8229,-0.0821054457049416
8230,-0.0820478085796788
8231,-0.0821269706788275
8232,-0.0414194717203175
8233,-0.0414986338194661
8234,-0.0414409966942034
8235,-0.041520158793352
8236,-0.0414475677700466
8237,-0.0415267298691952
8238,-0.0414690927439325
8239,-0.0415482548430811
8240,-0.0081512299562475
8241,-0.0082303920553961
8242,-0.0081727549301334
8243,-0.008251917029282
8244,-0.0081793260059766
8245,-0.0082584881051252
8246,-0.0082008509798625
8247,-0.0082800130790111
8248,0.0324274858794988
8249,0.0323483237803501
8250,0.0324059609056129
8251,0.0323267988064643
8252,0.0323993898297697
8253,0.0323202277306211
8254,0.0323778648558838
8255,0.0322987027567352
8256,-0.0780488758848353
8257,-0.0781280379839839
8258,-0.0780704008587211
8259,-0.0781495629578698
8260,-0.0780769719345643
8261,-0.0781561340337129
8262,-0.0780984969084502
8263,-0.0781776590075988
8264,-0.0374701600490889
8265,-0.0375493221482375
8266,-0.0374916850229747
8267,-0.0375708471221234
8268,-0.0374982560988179
8269,-0.0375774181979666
8270,-0.0375197810727038
8271,-0.0375989431718524
8272,-0.0042019182850189
8273,-0.0042810803841675
8274,-0.0042234432589047
8275,-0.0043026053580534
8276,-0.0042300143347479
8277,-0.0043091764338966
8278,-0.0042515393086338
8279,-0.0043307014077824
8280,0.0363767975507274
8281,0.0362976354515788
8282,0.0363552725768415
8283,0.0362761104776929
8284,0.0363487015009984
8285,0.0362695394018497
8286,0.0363271765271125
8287,0.0362480144279638
8288,-0.0784752861920404
8289,-0.0785544482911891
8290,-0.0784968111659263
8291,-0.078575973265075
8292,-0.0785033822417695
8293,-0.0785825443409182
8294,-0.0785249072156554
8295,-0.078604069314804
8296,-0.037896570356294
8297,-0.0379757324554427
8298,-0.0379180953301799
8299,-0.0379972574293286
8300,-0.0379246664060231
8301,-0.0380038285051718
8302,-0.037946191379909
8303,-0.0380253534790576
8304,-0.0046283285922241
8305,-0.0047074906913727
8306,-0.0046498535661099
8307,-0.0047290156652586
8308,-0.0046564246419531
8309,-0.0047355867411018
8310,-0.004677949615839
8311,-0.0047571117149876
8312,0.0359503872435222
8313,0.0358712251443736
8314,0.0359288622696364
8315,0.0358497001704877
8316,0.0359222911937932
8317,0.0358431290946445
8318,0.0359007662199073
8319,0.0358216041207587
8320,-0.0819528620181222
8321,-0.0820320241172708
8322,-0.0819743869920081
8323,-0.0820535490911567
8324,-0.0819809580678512
8325,-0.0820601201669999
8326,-0.0820024830417371
8327,-0.0820816451408858
8328,-0.0413741461823758
8329,-0.0414533082815244
8330,-0.0413956711562617
8331,-0.0414748332554103
8332,-0.0414022422321049
8333,-0.0414814043312535
8334,-0.0414237672059907
8335,-0.0415029293051394
8336,-0.0081059044183058
8337,-0.0081850665174544
8338,-0.0081274293921917
8339,-0.0082065914913403
8340,-0.0081340004680349
8341,-0.0082131625671835
8342,-0.0081555254419207
8343,-0.0082346875410694
8344,0.0324728114174405
8345,0.0323936493182919
8346,0.0324512864435546
8347,0.032372124344406
8348,0.0324447153677114
8349,0.0323655532685628
8350,0.0324231903938255
8351,0.0323440282946769
8352,-0.0823792723253274
8353,-0.082458434424476
8354,-0.0824007972992133
8355,-0.0824799593983619
8356,-0.0824073683750565
8357,-0.0824865304742051
8358,-0.0824288933489423
8359,-0.0825080554480909
8360,-0.041800556489581
8361,-0.0418797185887296
8362,-0.0418220814634669
8363,-0.0419012435626155
8364,-0.04182865253931
8365,-0.0419078146384587
8366,-0.0418501775131959
8367,-0.0419293396123446
8368,-0.008532314725511
8369,-0.0086114768246596
8370,-0.0085538396993969
8371,-0.0086330017985455
8372,-0.00856041077524
8373,-0.0086395728743887
8374,-0.0085819357491259
8375,-0.0086610978482746
8376,0.0320464011102353
8377,0.0319672390110867
8378,0.0320248761363494
8379,0.0319457140372008
8380,0.0320183050605062
8381,0.0319391429613576
8382,0.0319967800866204
8383,0.0319176179874717
8384,-0.0784299606540987
8385,-0.0785091227532474
8386,-0.0784514856279846
8387,-0.0785306477271333
8388,-0.0784580567038278
8389,-0.0785372188029764
8390,-0.0784795816777137
8391,-0.0785587437768623
8392,-0.0378512448183523
8393,-0.037930406917501
8394,-0.0378727697922382
8395,-0.0379519318913868
8396,-0.0378793408680814
8397,-0.03795850296723
8398,-0.0379008658419673
8399,-0.0379800279411159
8400,-0.0045830030542823
8401,-0.004662165153431
8402,-0.0046045280281682
8403,-0.0046836901273169
8404,-0.0046110991040114
8405,-0.00469026120316
8406,-0.0046326240778973
8407,-0.0047117861770459
8408,0.035995712781464
8409,0.0359165506823153
8410,0.0359741878075781
8411,0.0358950257084294
8412,0.0359676167317349
8413,0.0358884546325862
8414,0.035946091757849
8415,0.0358669296587004
8416,-0.0788563709613039
8417,-0.0789355330604525
8418,-0.0788778959351898
8419,-0.0789570580343384
8420,-0.078884467011033
8421,-0.0789636291101816
8422,-0.0789059919849189
8423,-0.0789851540840675
8424,-0.0382776551255575
8425,-0.0383568172247062
8426,-0.0382991800994434
8427,-0.038378342198592
8428,-0.0383057511752866
8429,-0.0383849132744352
8430,-0.0383272761491725
8431,-0.0384064382483211
8432,-0.0050094133614875
8433,-0.0050885754606362
8434,-0.0050309383353734
8435,-0.005110100434522
8436,-0.0050375094112166
8437,-0.0051166715103652
8438,-0.0050590343851025
8439,-0.0051381964842511
8440,0.0355693024742588
8441,0.0354901403751101
8442,0.0355477775003729
8443,0.0354686154012243
8444,0.0355412064245297
8445,0.0354620443253811
8446,0.0355196814506438
8447,0.0354405193514952
8448,-0.076600153587374
8449,-0.0766793156865227
8450,-0.0766216785612599
8451,-0.0767008406604086
8452,-0.0766282496371031
8453,-0.0767074117362518
8454,-0.076649774610989
8455,-0.0767289367101376
8456,-0.0360214377516276
8457,-0.0361005998507763
8458,-0.0360429627255135
8459,-0.0361221248246622
8460,-0.0360495338013567
8461,-0.0361286959005053
8462,-0.0360710587752426
8463,-0.0361502208743912
8464,-0.0027531959875576
8465,-0.0028323580867063
8466,-0.0027747209614435
8467,-0.0028538830605922
8468,-0.0027812920372867
8469,-0.0028604541364354
8470,-0.0028028170111726
8471,-0.0028819791103212
8472,0.0378255198481886
8473,0.03774635774904
8474,0.0378039948743028
8475,0.0377248327751541
8476,0.0377974237984596
8477,0.0377182616993109
8478,0.0377758988245737
8479,0.0376967367254251
8480,-0.0770265638945792
8481,-0.0771057259937279
8482,-0.0770480888684651
8483,-0.0771272509676137
8484,-0.0770546599443083
8485,-0.0771338220434569
8486,-0.0770761849181942
8487,-0.0771553470173428
8488,-0.0364478480588328
8489,-0.0365270101579815
8490,-0.0364693730327187
8491,-0.0365485351318673
8492,-0.0364759441085619
8493,-0.0365551062077105
8494,-0.0364974690824478
8495,-0.0365766311815964
8496,-0.0031796062947628
8497,-0.0032587683939115
8498,-0.0032011312686487
8499,-0.0032802933677973
8500,-0.0032077023444919
8501,-0.0032868644436405
8502,-0.0032292273183778
8503,-0.0033083894175264
8504,0.0373991095409835
8505,0.0373199474418348
8506,0.0373775845670976
8507,0.0372984224679489
8508,0.0373710134912544
8509,0.0372918513921058
8510,0.0373494885173685
8511,0.0372703264182199
8512,-0.0730772522233506
8513,-0.0731564143224992
8514,-0.0730987771972365
8515,-0.0731779392963851
8516,-0.0731053482730796
8517,-0.0731845103722283
8518,-0.0731268732469655
8519,-0.0732060353461142
8520,-0.0324985363876042
8521,-0.0325776984867528
8522,-0.0325200613614901
8523,-0.0325992234606387
8524,-0.0325266324373333
8525,-0.0326057945364819
8526,-0.0325481574112191
8527,-0.0326273195103678
8528,0.0007697053764657
8529,0.0006905432773171
8530,0.0007481804025798
8531,0.0006690183034312
8532,0.0007416093267366
8533,0.000662447227588
8534,0.0007200843528508
8535,0.0006409222537021
8536,0.0413484212122121
8537,0.0412692591130635
8538,0.0413268962383262
8539,0.0412477341391776
8540,0.041320325162483
8541,0.0412411630633344
8542,0.0412988001885972
8543,0.0412196380894485
8544,-0.0735036625305558
8545,-0.0735828246297044
8546,-0.0735251875044416
8547,-0.0736043496035903
8548,-0.0735317585802848
8549,-0.0736109206794335
8550,-0.0735532835541707
8551,-0.0736324456533193
8552,-0.0329249466948094
8553,-0.033004108793958
8554,-0.0329464716686952
8555,-0.0330256337678439
8556,-0.0329530427445384
8557,-0.0330322048436871
8558,-0.0329745677184243
8559,-0.033053729817573
8560,0.0003432950692605
8561,0.0002641329701119
8562,0.0003217700953746
8563,0.000242607996226
8564,0.0003151990195315
8565,0.0002360369203828
8566,0.0002936740456456
8567,0.0002145119464969
8568,0.0409220109050069
8569,0.0408428488058583
8570,0.040900485931121
8571,0.0408213238319724
8572,0.0408939148552779
8573,0.0408147527561292
8574,0.040872389881392
8575,0.0407932277822433
8576,-0.0769812383566375
8577,-0.0770604004557861
8578,-0.0770027633305234
8579,-0.077081925429672
8580,-0.0770093344063666
8581,-0.0770884965055152
8582,-0.0770308593802525
8583,-0.0771100214794011
8584,-0.0364025225208911
8585,-0.0364816846200398
8586,-0.036424047494777
8587,-0.0365032095939256
8588,-0.0364306185706202
8589,-0.0365097806697688
8590,-0.0364521435445061
8591,-0.0365313056436547
8592,-0.0031342807568211
8593,-0.0032134428559698
8594,-0.003155805730707
8595,-0.0032349678298556
8596,-0.0031623768065502
8597,-0.0032415389056988
8598,-0.0031839017804361
8599,-0.0032630638795847
8600,0.0374444350789252
8601,0.0373652729797765
8602,0.0374229101050393
8603,0.0373437480058907
8604,0.0374163390291961
8605,0.0373371769300475
8606,0.0373948140553102
8607,0.0373156519561616
8608,-0.0774076486638427
8609,-0.0774868107629913
8610,-0.0774291736377286
8611,-0.0775083357368772
8612,-0.0774357447135718
8613,-0.0775149068127204
8614,-0.0774572696874576
8615,-0.0775364317866063
8616,-0.0368289328280963
8617,-0.0369080949272449
8618,-0.0368504578019822
8619,-0.0369296199011308
8620,-0.0368570288778254
8621,-0.036936190976974
8622,-0.0368785538517112
8623,-0.0369577159508599
8624,-0.0035606910640263
8625,-0.0036398531631749
8626,-0.0035822160379122
8627,-0.0036613781370608
8628,-0.0035887871137554
8629,-0.003667949212904
8630,-0.0036103120876412
8631,-0.0036894741867899
8632,0.03701802477172
8633,0.0369388626725714
8634,0.0369964997978341
8635,0.0369173376986855
8636,0.0369899287219909
8637,0.0369107666228423
8638,0.036968403748105
8639,0.0368892416489564
8640,-0.073458336992614
8641,-0.0735374990917627
8642,-0.0734798619664999
8643,-0.0735590240656486
8644,-0.0734864330423431
8645,-0.0735655951414917
8646,-0.073507958016229
8647,-0.0735871201153776
8648,-0.0328796211568677
8649,-0.0329587832560163
8650,-0.0329011461307535
8651,-0.0329803082299022
8652,-0.0329077172065967
8653,-0.0329868793057454
8654,-0.0329292421804826
8655,-0.0330084042796312
8656,0.0003886206072022
8657,0.0003094585080536
8658,0.0003670956333164
8659,0.0002879335341677
8660,0.0003605245574732
8661,0.0002813624583245
8662,0.0003389995835873
8663,0.0002598374844387
8664,0.0409673364429486
8665,0.0408881743438
8666,0.0409458114690628
8667,0.0408666493699141
8668,0.0409392403932196
8669,0.0408600782940709
8670,0.0409177154193337
8671,0.040838553320185
8672,-0.0738847472998192
8673,-0.0739639093989679
8674,-0.0739062722737051
8675,-0.0739854343728537
8676,-0.0739128433495483
8677,-0.0739920054486969
8678,-0.0739343683234342
8679,-0.0740135304225828
8680,-0.0333060314640728
8681,-0.0333851935632215
8682,-0.0333275564379587
8683,-0.0334067185371074
8684,-0.0333341275138019
8685,-0.0334132896129505
8686,-0.0333556524876878
8687,-0.0334348145868364
8688,-3.7789700002891874e-05
8689,-0.0001169517991515
8690,-5.931467388876992e-05
8691,-0.0001384767730374
8692,-6.588574973195685e-05
8693,-0.0001450478488805
8694,-8.74107236178349e-05
8695,-0.0001665728227664
8696,0.0405409261357434
8697,0.0404617640365948
8698,0.0405194011618576
8699,0.0404402390627089
8700,0.0405128300860144
8701,0.0404336679868657
8702,0.0404913051121285
8703,0.0404121430129799
8704,-0.0589836417791157
8705,-0.0590628038782644
8706,-0.0590051667530016
8707,-0.0590843288521503
8708,-0.0590117378288448
8709,-0.0590908999279934
8710,-0.0590332628027307
8711,-0.0591124249018793
8712,-0.0184049259433694
8713,-0.018484088042518
8714,-0.0184264509172552
8715,-0.0185056130164039
8716,-0.0184330219930984
8717,-0.0185121840922471
8718,-0.0184545469669843
8719,-0.0185337090661329
8720,0.0148633158207005
8721,0.0147841537215519
8722,0.0148417908468147
8723,0.014762628747666
8724,0.0148352197709715
8725,0.0147560576718228
8726,0.0148136947970856
8727,0.014734532697937
8728,0.0554420316564469
8729,0.0553628695572983
8730,0.0554205066825611
8731,0.0553413445834124
8732,0.0554139356067179
8733,0.0553347735075692
8734,0.055392410632832
8735,0.0553132485336834
8736,-0.0594100520863209
8737,-0.0594892141854696
8738,-0.0594315770602068
8739,-0.0595107391593554
8740,-0.05943814813605
8741,-0.0595173102351986
8742,-0.0594596731099359
8743,-0.0595388352090845
8744,-0.0188313362505745
8745,-0.0189104983497232
8746,-0.0188528612244604
8747,-0.018932023323609
8748,-0.0188594323003036
8749,-0.0189385943994522
8750,-0.0188809572741895
8751,-0.0189601193733381
8752,0.0144369055134954
8753,0.0143577434143467
8754,0.0144153805396095
8755,0.0143362184404608
8756,0.0144088094637663
8757,0.0143296473646177
8758,0.0143872844898804
8759,0.0143081223907318
8760,0.0550156213492417
8761,0.0549364592500931
8762,0.0549940963753559
8763,0.0549149342762072
8764,0.0549875252995127
8765,0.054908363200364
8766,0.0549660003256268
8767,0.0548868382264782
8768,-0.0554607404150923
8769,-0.0555399025142409
8770,-0.0554822653889782
8771,-0.0555614274881268
8772,-0.0554888364648213
8773,-0.05556799856397
8774,-0.0555103614387072
8775,-0.0555895235378559
8776,-0.0148820245793459
8777,-0.0149611866784945
8778,-0.0149035495532318
8779,-0.0149827116523804
8780,-0.014910120629075
8781,-0.0149892827282236
8782,-0.0149316456029608
8783,-0.0150108077021095
8784,0.018386217184724
8785,0.0183070550855754
8786,0.0183646922108381
8787,0.0182855301116895
8788,0.0183581211349949
8789,0.0182789590358463
8790,0.0183365961611091
8791,0.0182574340619604
8792,0.0589649330204704
8793,0.0588857709213217
8794,0.0589434080465845
8795,0.0588642459474359
8796,0.0589368369707413
8797,0.0588576748715927
8798,0.0589153119968555
8799,0.0588361498977068
8800,-0.0558871507222975
8801,-0.0559663128214461
8802,-0.0559086756961833
8803,-0.055987837795332
8804,-0.0559152467720265
8805,-0.0559944088711752
8806,-0.0559367717459124
8807,-0.056015933845061
8808,-0.0153084348865511
8809,-0.0153875969856997
8810,-0.015329959860437
8811,-0.0154091219595856
8812,-0.0153365309362801
8813,-0.0154156930354288
8814,-0.015358055910166
8815,-0.0154372180093147
8816,0.0179598068775188
8817,0.0178806447783702
8818,0.0179382819036329
8819,0.0178591198044843
8820,0.0179317108277898
8821,0.0178525487286411
8822,0.0179101858539039
8823,0.0178310237547552
8824,0.0585385227132652
8825,0.0584593606141166
8826,0.0585169977393793
8827,0.0584378356402307
8828,0.0585104266635361
8829,0.0584312645643875
8830,0.0584889016896503
8831,0.0584097395905016
8832,-0.0593647265483792
8833,-0.0594438886475278
8834,-0.0593862515222651
8835,-0.0594654136214137
8836,-0.0593928225981083
8837,-0.0594719846972569
8838,-0.0594143475719941
8839,-0.0594935096711428
8840,-0.0187860107126328
8841,-0.0188651728117815
8842,-0.0188075356865187
8843,-0.0188866977856673
8844,-0.0188141067623619
8845,-0.0188932688615105
8846,-0.0188356317362478
8847,-0.0189147938353964
8848,0.0144822310514371
8849,0.0144030689522884
8850,0.0144607060775512
8851,0.0143815439784026
8852,0.014454135001708
8853,0.0143749729025594
8854,0.0144326100278221
8855,0.0143534479286735
8856,0.0550609468871835
8857,0.0549817847880348
8858,0.0550394219132976
8859,0.0549602598141489
8860,0.0550328508374544
8861,0.0549536887383058
8862,0.0550113258635685
8863,0.0549321637644199
8864,-0.0597911368555844
8865,-0.059870298954733
8866,-0.0598126618294703
8867,-0.0598918239286189
8868,-0.0598192329053135
8869,-0.0598983950044621
8870,-0.0598407578791993
8871,-0.059919919978348
8872,-0.019212421019838
8873,-0.0192915831189866
8874,-0.0192339459937239
8875,-0.0193131080928725
8876,-0.0192405170695671
8877,-0.0193196791687157
8878,-0.0192620420434529
8879,-0.0193412041426016
8880,0.0140558207442319
8881,0.0139766586450833
8882,0.014034295770346
8883,0.0139551336711974
8884,0.0140277246945028
8885,0.0139485625953542
8886,0.014006199720617
8887,0.0139270376214683
8888,0.0546345365799783
8889,0.0545553744808296
8890,0.0546130116060924
8891,0.0545338495069438
8892,0.0546064405302492
8893,0.0545272784311006
8894,0.0545849155563633
8895,0.0545057534572147
8896,-0.0558418251843557
8897,-0.0559209872835044
8898,-0.0558633501582416
8899,-0.0559425122573903
8900,-0.0558699212340848
8901,-0.0559490833332334
8902,-0.0558914462079707
8903,-0.0559706083071193
8904,-0.0152631093486094
8905,-0.015342271447758
8906,-0.0152846343224952
8907,-0.0153637964216439
8908,-0.0152912053983384
8909,-0.0153703674974871
8910,-0.0153127303722243
8911,-0.0153918924713729
8912,0.0180051324154605
8913,0.0179259703163119
8914,0.0179836074415747
8915,0.017904445342426
8916,0.0179770363657315
8917,0.0178978742665828
8918,0.0179555113918456
8919,0.017876349292697
8920,0.0585838482512069
8921,0.0585046861520583
8922,0.058562323277321
8923,0.0584831611781724
8924,0.0585557522014779
8925,0.0584765901023292
8926,0.058534227227592
8927,0.0584550651284434
8928,-0.0562682354915609
8929,-0.0563473975907096
8930,-0.0562897604654468
8931,-0.0563689225645954
8932,-0.05629633154129
8933,-0.0563754936404386
8934,-0.0563178565151759
8935,-0.0563970186143245
8936,-0.0156895196558145
8937,-0.0157686817549632
8938,-0.0157110446297004
8939,-0.0157902067288491
8940,-0.0157176157055436
8941,-0.0157967778046922
8942,-0.0157391406794295
8943,-0.0158183027785781
8944,0.0175787221082554
8945,0.0174995600091067
8946,0.0175571971343695
8947,0.0174780350352208
8948,0.0175506260585263
8949,0.0174714639593777
8950,0.0175291010846404
8951,0.0174499389854918
8952,0.0581574379440017
8953,0.0580782758448531
8954,0.0581359129701159
8955,0.0580567508709672
8956,0.0581293418942727
8957,0.058050179795124
8958,0.0581078169203868
8959,0.0580286548212382
8960,-0.0540120181176311
8961,-0.0540911802167797
8962,-0.0540335430915169
8963,-0.0541127051906656
8964,-0.0540401141673601
8965,-0.0541192762665088
8966,-0.054061639141246
8967,-0.0541408012403946
8968,-0.0134333022818847
8969,-0.0135124643810333
8970,-0.0134548272557706
8971,-0.0135339893549192
8972,-0.0134613983316137
8973,-0.0135405604307624
8974,-0.0134829233054996
8975,-0.0135620854046483
8976,0.0198349394821852
8977,0.0197557773830366
8978,0.0198134145082993
8979,0.0197342524091507
8980,0.0198068434324562
8981,0.0197276813333075
8982,0.0197853184585703
8983,0.0197061563594216
8984,0.0604136553179316
8985,0.060334493218783
8986,0.0603921303440457
8987,0.0603129682448971
8988,0.0603855592682025
8989,0.0603063971690539
8990,0.0603640342943167
8991,0.060284872195168
8992,-0.0544384284248362
8993,-0.0545175905239849
8994,-0.0544599533987221
8995,-0.0545391154978708
8996,-0.0544665244745653
8997,-0.0545456865737139
8998,-0.0544880494484512
8999,-0.0545672115475998
9000,-0.0138597125890899
9001,-0.0139388746882385
9002,-0.0138812375629757
9003,-0.0139603996621244
9004,-0.0138878086388189
9005,-0.0139669707379676
9006,-0.0139093336127048
9007,-0.0139884957118534
9008,0.01940852917498
9009,0.0193293670758314
9010,0.0193870042010942
9011,0.0193078421019455
9012,0.019380433125251
9013,0.0193012710261023
9014,0.0193589081513651
9015,0.0192797460522165
9016,0.0599872450107264
9017,0.0599080829115778
9018,0.0599657200368406
9019,0.0598865579376919
9020,0.0599591489609974
9021,0.0598799868618487
9022,0.0599376239871115
9023,0.0598584618879628
9024,-0.0504891167536076
9025,-0.0505682788527562
9026,-0.0505106417274935
9027,-0.0505898038266421
9028,-0.0505172128033367
9029,-0.0505963749024853
9030,-0.0505387377772225
9031,-0.0506178998763712
9032,-0.0099104009178612
9033,-0.0099895630170098
9034,-0.0099319258917471
9035,-0.0100110879908957
9036,-0.0099384969675903
9037,-0.0100176590667389
9038,-0.0099600219414762
9039,-0.0100391840406248
9040,0.0233578408462087
9041,0.02327867874706
9042,0.0233363158723228
9043,0.0232571537731742
9044,0.0233297447964796
9045,0.023250582697331
9046,0.0233082198225937
9047,0.0232290577234451
9048,0.0639365566819551
9049,0.0638573945828065
9050,0.0639150317080692
9051,0.0638358696089206
9052,0.063908460632226
9053,0.0638292985330774
9054,0.0638869356583401
9055,0.0638077735591915
9056,-0.0509155270608128
9057,-0.0509946891599614
9058,-0.0509370520346987
9059,-0.0510162141338473
9060,-0.0509436231105418
9061,-0.0510227852096905
9062,-0.0509651480844277
9063,-0.0510443101835764
9064,-0.0103368112250664
9065,-0.010415973324215
9066,-0.0103583361989523
9067,-0.0104374982981009
9068,-0.0103649072747955
9069,-0.0104440693739441
9070,-0.0103864322486813
9071,-0.01046559434783
9072,0.0229314305390035
9073,0.0228522684398549
9074,0.0229099055651176
9075,0.022830743465969
9076,0.0229033344892744
9077,0.0228241723901258
9078,0.0228818095153886
9079,0.0228026474162399
9080,0.0635101463747499
9081,0.0634309842756012
9082,0.063488621400864
9083,0.0634094593017154
9084,0.0634820503250208
9085,0.0634028882258722
9086,0.063460525351135
9087,0.0633813632519863
9088,-0.0543931028868945
9089,-0.0544722649860432
9090,-0.0544146278607804
9091,-0.054493789959929
9092,-0.0544211989366236
9093,-0.0545003610357722
9094,-0.0544427239105095
9095,-0.0545218860096581
9096,-0.0138143870511481
9097,-0.0138935491502968
9098,-0.013835912025034
9099,-0.0139150741241827
9100,-0.0138424831008772
9101,-0.0139216452000258
9102,-0.0138640080747631
9103,-0.0139431701739117
9104,0.0194538547129218
9105,0.0193746926137731
9106,0.0194323297390359
9107,0.0193531676398872
9108,0.0194257586631927
9109,0.0193465965640441
9110,0.0194042336893068
9111,0.0193250715901582
9112,0.0600325705486681
9113,0.0599534084495195
9114,0.0600110455747823
9115,0.0599318834756336
9116,0.0600044744989391
9117,0.0599253123997904
9118,0.0599829495250532
9119,0.0599037874259046
9120,-0.0548195131940997
9121,-0.0548986752932484
9122,-0.0548410381679856
9123,-0.0549202002671342
9124,-0.0548476092438288
9125,-0.0549267713429774
9126,-0.0548691342177147
9127,-0.0549482963168633
9128,-0.0142407973583533
9129,-0.014319959457502
9130,-0.0142623223322392
9131,-0.0143414844313878
9132,-0.0142688934080824
9133,-0.014348055507231
9134,-0.0142904183819683
9135,-0.0143695804811169
9136,0.0190274444057166
9137,0.0189482823065679
9138,0.0190059194318307
9139,0.0189267573326821
9140,0.0189993483559875
9141,0.0189201862568389
9142,0.0189778233821016
9143,0.018898661282953
9144,0.059606160241463
9145,0.0595269981423143
9146,0.0595846352675771
9147,0.0595054731684285
9148,0.0595780641917339
9149,0.0594989020925853
9150,0.059556539217848
9151,0.0594773771186994
9152,-0.0508702015228711
9153,-0.0509493636220197
9154,-0.0508917264967569
9155,-0.0509708885959056
9156,-0.0508982975726001
9157,-0.0509774596717488
9158,-0.050919822546486
9159,-0.0509989846456346
9160,-0.0102914856871247
9161,-0.0103706477862733
9162,-0.0103130106610106
9163,-0.0103921727601592
9164,-0.0103195817368537
9165,-0.0103987438360024
9166,-0.0103411067107396
9167,-0.0104202688098883
9168,0.0229767560769452
9169,0.0228975939777966
9170,0.0229552311030593
9171,0.0228760690039107
9172,0.0229486600272161
9173,0.0228694979280675
9174,0.0229271350533303
9175,0.0228479729541816
9176,0.0635554719126916
9177,0.063476309813543
9178,0.0635339469388057
9179,0.0634547848396571
9180,0.0635273758629625
9181,0.0634482137638139
9182,0.0635058508890767
9183,0.063426688789928
9184,-0.0512966118300763
9185,-0.0513757739292249
9186,-0.0513181368039621
9187,-0.0513972989031108
9188,-0.0513247078798053
9189,-0.051403869978954
9190,-0.0513462328536912
9191,-0.0514253949528398
9192,-0.0107178959943299
9193,-0.0107970580934785
9194,-0.0107394209682157
9195,-0.0108185830673644
9196,-0.0107459920440589
9197,-0.0108251541432076
9198,-0.0107675170179448
9199,-0.0108466791170934
9200,0.02255034576974
9201,0.0224711836705914
9202,0.0225288207958542
9203,0.0224496586967055
9204,0.022522249720011
9205,0.0224430876208623
9206,0.0225007247461251
9207,0.0224215626469765
9208,0.0631290616054864
9209,0.0630498995063378
9210,0.0631075366316005
9211,0.0630283745324519
9212,0.0631009655557574
9213,0.0630218034566087
9214,0.0630794405818715
9215,0.0630002784827229
9216,-0.0814995749258788
9217,-0.0815787370250274
9218,-0.0815210998997646
9219,-0.0816002619989133
9220,-0.0815276709756078
9221,-0.0816068330747565
9222,-0.0815491959494937
9223,-0.0816283580486423
9224,-0.0409208590901324
9225,-0.041000021189281
9226,-0.0409423840640182
9227,-0.0410215461631669
9228,-0.0409489551398614
9229,-0.0410281172390101
9230,-0.0409704801137473
9231,-0.0410496422128959
9232,-0.0076526173260624
9233,-0.007731779425211
9234,-0.0076741422999482
9235,-0.0077533043990969
9236,-0.0076807133757914
9237,-0.0077598754749401
9238,-0.0077022383496773
9239,-0.0077814004488259
9240,0.0329260985096839
9241,0.0328469364105353
9242,0.0329045735357981
9243,0.0328254114366494
9244,0.0328980024599549
9245,0.0328188403608062
9246,0.032876477486069
9247,0.0327973153869204
9248,-0.0819259852330839
9249,-0.0820051473322326
9250,-0.0819475102069698
9251,-0.0820266723061185
9252,-0.081954081282813
9253,-0.0820332433819616
9254,-0.0819756062566989
9255,-0.0820547683558475
9256,-0.0413472693973375
9257,-0.0414264314964862
9258,-0.0413687943712234
9259,-0.0414479564703721
9260,-0.0413753654470666
9261,-0.0414545275462152
9262,-0.0413968904209525
9263,-0.0414760525201011
9264,-0.0080790276332675
9265,-0.0081581897324162
9266,-0.0081005526071534
9267,-0.0081797147063021
9268,-0.0081071236829966
9269,-0.0081862857821452
9270,-0.0081286486568825
9271,-0.0082078107560311
9272,0.0324996882024787
9273,0.0324205261033301
9274,0.0324781632285929
9275,0.0323990011294442
9276,0.0324715921527497
9277,0.032392430053601
9278,0.0324500671788638
9279,0.0323709050797152
9280,-0.0779766735618553
9281,-0.0780558356610039
9282,-0.0779981985357412
9283,-0.0780773606348898
9284,-0.0780047696115844
9285,-0.078083931710733
9286,-0.0780262945854703
9287,-0.0781054566846189
9288,-0.0373979577261089
9289,-0.0374771198252575
9290,-0.0374194826999948
9291,-0.0374986447991434
9292,-0.037426053775838
9293,-0.0375052158749866
9294,-0.0374475787497238
9295,-0.0375267408488725
9296,-0.0041297159620389
9297,-0.0042088780611875
9298,-0.0041512409359248
9299,-0.0042304030350734
9300,-0.004157812011768
9301,-0.0042369741109166
9302,-0.0041793369856538
9303,-0.0042584990848025
9304,0.0364489998737074
9305,0.0363698377745588
9306,0.0364274748998215
9307,0.0363483128006729
9308,0.0364209038239783
9309,0.0363417417248297
9310,0.0363993788500924
9311,0.0363202167509438
9312,-0.0784030838690605
9313,-0.0784822459682091
9314,-0.0784246088429463
9315,-0.078503770942095
9316,-0.0784311799187895
9317,-0.0785103420179382
9318,-0.0784527048926754
9319,-0.0785318669918241
9320,-0.0378243680333141
9321,-0.0379035301324627
9322,-0.0378458930072
9323,-0.0379250551063486
9324,-0.0378524640830431
9325,-0.0379316261821918
9326,-0.037873989056929
9327,-0.0379531511560777
9328,-0.0045561262692441
9329,-0.0046352883683927
9330,-0.00457765124313
9331,-0.0046568133422786
9332,-0.0045842223189731
9333,-0.0046633844181218
9334,-0.004605747292859
9335,-0.0046849093920077
9336,0.0360225895665022
9337,0.0359434274673536
9338,0.0360010645926163
9339,0.0359219024934677
9340,0.0359944935167731
9341,0.0359153314176245
9342,0.0359729685428873
9343,0.0358938064437386
9344,-0.0818806596951422
9345,-0.0819598217942909
9346,-0.0819021846690281
9347,-0.0819813467681767
9348,-0.0819087557448713
9349,-0.0819879178440199
9350,-0.0819302807187572
9351,-0.0820094428179058
9352,-0.0413019438593958
9353,-0.0413811059585445
9354,-0.0413234688332817
9355,-0.0414026309324303
9356,-0.0413300399091249
9357,-0.0414092020082735
9358,-0.0413515648830108
9359,-0.0414307269821594
9360,-0.0080337020953258
9361,-0.0081128641944745
9362,-0.0080552270692117
9363,-0.0081343891683603
9364,-0.0080617981450549
9365,-0.0081409602442035
9366,-0.0080833231189408
9367,-0.0081624852180894
9368,0.0325450137404205
9369,0.0324658516412718
9370,0.0325234887665346
9371,0.0324443266673859
9372,0.0325169176906914
9373,0.0324377555915428
9374,0.0324953927168055
9375,0.0324162306176569
9376,-0.0823070700023474
9377,-0.082386232101496
9378,-0.0823285949762333
9379,-0.0824077570753819
9380,-0.0823351660520765
9381,-0.0824143281512251
9382,-0.0823566910259624
9383,-0.082435853125111
9384,-0.041728354166601
9385,-0.0418075162657496
9386,-0.0417498791404869
9387,-0.0418290412396355
9388,-0.0417564502163301
9389,-0.0418356123154787
9390,-0.041777975190216
9391,-0.0418571372893646
9392,-0.008460112402531
9393,-0.0085392745016796
9394,-0.0084816373764169
9395,-0.0085607994755655
9396,-0.0084882084522601
9397,-0.0085673705514087
9398,-0.008509733426146
9399,-0.0085888955252946
9400,0.0321186034332153
9401,0.0320394413340666
9402,0.0320970784593294
9403,0.0320179163601808
9404,0.0320905073834862
9405,0.0320113452843376
9406,0.0320689824096003
9407,0.0319898203104517
9408,-0.0783577583311188
9409,-0.0784369204302674
9410,-0.0783792833050046
9411,-0.0784584454041533
9412,-0.0783858543808478
9413,-0.0784650164799965
9414,-0.0784073793547337
9415,-0.0784865414538824
9416,-0.0377790424953724
9417,-0.037858204594521
9418,-0.0378005674692582
9419,-0.0378797295684069
9420,-0.0378071385451014
9421,-0.0378863006442501
9422,-0.0378286635189873
9423,-0.0379078256181359
9424,-0.0045108007313024
9425,-0.004589962830451
9426,-0.0045323257051882
9427,-0.0046114878043369
9428,-0.0045388967810314
9429,-0.0046180588801801
9430,-0.0045604217549173
9431,-0.0046395838540659
9432,0.0360679151044439
9433,0.0359887530052953
9434,0.036046390130558
9435,0.0359672280314094
9436,0.0360398190547149
9437,0.0359606569555662
9438,0.036018294080829
9439,0.0359391319816803
9440,-0.0787841686383239
9441,-0.0788633307374726
9442,-0.0788056936122098
9443,-0.0788848557113584
9444,-0.078812264688053
9445,-0.0788914267872016
9446,-0.0788337896619389
9447,-0.0789129517610875
9448,-0.0382054528025775
9449,-0.0382846149017262
9450,-0.0382269777764634
9451,-0.0383061398756121
9452,-0.0382335488523066
9453,-0.0383127109514552
9454,-0.0382550738261925
9455,-0.0383342359253411
9456,-0.0049372110385076
9457,-0.0050163731376562
9458,-0.0049587360123934
9459,-0.0050378981115421
9460,-0.0049653070882366
9461,-0.0050444691873853
9462,-0.0049868320621225
9463,-0.0050659941612711
9464,0.0356415047972387
9465,0.0355623426980901
9466,0.0356199798233529
9467,0.0355408177242042
9468,0.0356134087475097
9469,0.035534246648361
9470,0.0355918837736238
9471,0.0355127216744752
9472,-0.0765279512643941
9473,-0.0766071133635427
9474,-0.0765494762382799
9475,-0.0766286383374286
9476,-0.0765560473141231
9477,-0.0766352094132718
9478,-0.076577572288009
9479,-0.0766567343871577
9480,-0.0359492354286477
9481,-0.0360283975277963
9482,-0.0359707604025336
9483,-0.0360499225016822
9484,-0.0359773314783767
9485,-0.0360564935775254
9486,-0.0359988564522626
9487,-0.0360780185514113
9488,-0.0026809936645777
9489,-0.0027601557637263
9490,-0.0027025186384636
9491,-0.0027816807376122
9492,-0.0027090897143067
9493,-0.0027882518134554
9494,-0.0027306146881926
9495,-0.0028097767873413
9496,0.0378977221711686
9497,0.03781856007202
9498,0.0378761971972827
9499,0.0377970350981341
9500,0.0378696261214395
9501,0.0377904640222909
9502,0.0378481011475537
9503,0.037768939048405
9504,-0.0769543615715993
9505,-0.0770335236707479
9506,-0.0769758865454851
9507,-0.0770550486446338
9508,-0.0769824576213283
9509,-0.077061619720477
9510,-0.0770039825952142
9511,-0.0770831446943628
9512,-0.0363756457358529
9513,-0.0364548078350015
9514,-0.0363971707097387
9515,-0.0364763328088874
9516,-0.0364037417855819
9517,-0.0364829038847306
9518,-0.0364252667594678
9519,-0.0365044288586164
9520,-0.0031074039717829
9521,-0.0031865660709315
9522,-0.0031289289456687
9523,-0.0032080910448174
9524,-0.0031355000215119
9525,-0.0032146621206606
9526,-0.0031570249953978
9527,-0.0032361870945464
9528,0.0374713118639634
9529,0.0373921497648148
9530,0.0374497868900775
9531,0.0373706247909289
9532,0.0374432158142344
9533,0.0373640537150857
9534,0.0374216908403485
9535,0.0373425287411998
9536,-0.0730050499003706
9537,-0.0730842119995192
9538,-0.0730265748742565
9539,-0.0731057369734051
9540,-0.0730331459500997
9541,-0.0731123080492483
9542,-0.0730546709239856
9543,-0.0731338330231342
9544,-0.0324263340646242
9545,-0.0325054961637729
9546,-0.0324478590385101
9547,-0.0325270211376587
9548,-0.0324544301143533
9549,-0.0325335922135019
9550,-0.0324759550882392
9551,-0.0325551171873878
9552,0.0008419076994457
9553,0.000762745600297
9554,0.0008203827255598
9555,0.0007412206264112
9556,0.0008138116497166
9557,0.000734649550568
9558,0.0007922866758307
9559,0.0007131245766821
9560,0.0414206235351921
9561,0.0413414614360434
9562,0.0413990985613062
9563,0.0413199364621576
9564,0.041392527485463
9565,0.0413133653863144
9566,0.0413710025115771
9567,0.0412918404124285
9568,-0.0734314602075758
9569,-0.0735106223067244
9570,-0.0734529851814617
9571,-0.0735321472806103
9572,-0.0734595562573049
9573,-0.0735387183564535
9574,-0.0734810812311907
9575,-0.0735602433303394
9576,-0.0328527443718294
9577,-0.032931906470978
9578,-0.0328742693457153
9579,-0.0329534314448639
9580,-0.0328808404215585
9581,-0.0329600025207071
9582,-0.0329023653954443
9583,-0.032981527494593
9584,0.0004154973922405
9585,0.0003363352930919
9586,0.0003939724183546
9587,0.000314810319206
9588,0.0003874013425114
9589,0.0003082392433628
9590,0.0003658763686256
9591,0.0002867142694769
9592,0.0409942132279869
9593,0.0409150511288382
9594,0.040972688254101
9595,0.0408935261549524
9596,0.0409661171782578
9597,0.0408869550791092
9598,0.0409445922043719
9599,0.0408654301052233
9600,-0.0769090360336575
9601,-0.0769881981328062
9602,-0.0769305610075434
9603,-0.0770097231066921
9604,-0.0769371320833866
9605,-0.0770162941825352
9606,-0.0769586570572725
9607,-0.0770378191564211
9608,-0.0363303201979111
9609,-0.0364094822970598
9610,-0.036351845171797
9611,-0.0364310072709457
9612,-0.0363584162476402
9613,-0.0364375783467888
9614,-0.0363799412215261
9615,-0.0364591033206747
9616,-0.0030620784338412
9617,-0.0031412405329898
9618,-0.003083603407727
9619,-0.0031627655068757
9620,-0.0030901744835702
9621,-0.0031693365827189
9622,-0.0031116994574561
9623,-0.0031908615566047
9624,0.0375166374019051
9625,0.0374374753027565
9626,0.0374951124280193
9627,0.0374159503288706
9628,0.0374885413521761
9629,0.0374093792530274
9630,0.0374670163782902
9631,0.0373878542791416
9632,-0.0773354463408627
9633,-0.0774146084400114
9634,-0.0773569713147486
9635,-0.0774361334138973
9636,-0.0773635423905918
9637,-0.0774427044897404
9638,-0.0773850673644777
9639,-0.0774642294636263
9640,-0.0367567305051163
9641,-0.036835892604265
9642,-0.0367782554790022
9643,-0.0368574175781508
9644,-0.0367848265548454
9645,-0.036863988653994
9646,-0.0368063515287313
9647,-0.0368855136278799
9648,-0.0034884887410463
9649,-0.003567650840195
9650,-0.0035100137149322
9651,-0.0035891758140808
9652,-0.0035165847907754
9653,-0.003595746889924
9654,-0.0035381097646613
9655,-0.0036172718638099
9656,0.0370902270947
9657,0.0370110649955513
9658,0.0370687021208141
9659,0.0369895400216654
9660,0.0370621310449709
9661,0.0369829689458223
9662,0.037040606071085
9663,0.0369614439719364
9664,-0.0733861346696341
9665,-0.0734652967687827
9666,-0.07340765964352
9667,-0.0734868217426686
9668,-0.0734142307193631
9669,-0.0734933928185118
9670,-0.073435755693249
9671,-0.0735149177923977
9672,-0.0328074188338877
9673,-0.0328865809330363
9674,-0.0328289438077736
9675,-0.0329081059069222
9676,-0.0328355148836168
9677,-0.0329146769827654
9678,-0.0328570398575026
9679,-0.0329362019566513
9680,0.0004608229301822
9681,0.0003816608310336
9682,0.0004392979562963
9683,0.0003601358571477
9684,0.0004327268804531
9685,0.0003535647813045
9686,0.0004112019065673
9687,0.0003320398074186
9688,0.0410395387659286
9689,0.04096037666678
9690,0.0410180137920427
9691,0.0409388516928941
9692,0.0410114427161995
9693,0.0409322806170509
9694,0.0409899177423137
9695,0.040910755643165
9696,-0.0738125449768393
9697,-0.0738917070759879
9698,-0.0738340699507251
9699,-0.0739132320498738
9700,-0.0738406410265683
9701,-0.073919803125717
9702,-0.0738621660004542
9703,-0.0739413280996028
9704,-0.0332338291410929
9705,-0.0333129912402415
9706,-0.0332553541149788
9707,-0.0333345162141274
9708,-0.0332619251908219
9709,-0.0333410872899706
9710,-0.0332834501647078
9711,-0.0333626122638565
9712,3.441262297707581e-05
9713,-4.474947617156092e-05
9714,1.2887649091197772e-05
9715,-6.627445005743896e-05
9716,6.316573248010826e-06
9717,-7.284552590062592e-05
9718,-1.5208400637867214e-05
9719,-9.437049978650396e-05
9720,0.0406131284587234
9721,0.0405339663595748
9722,0.0405916034848375
9723,0.0405124413856889
9724,0.0405850324089943
9725,0.0405058703098457
9726,0.0405635074351085
9727,0.0404843453359598
9728,-0.0589114394561358
9729,-0.0589906015552844
9730,-0.0589329644300216
9731,-0.0590121265291703
9732,-0.0589395355058648
9733,-0.0590186976050135
9734,-0.0589610604797507
9735,-0.0590402225788994
9736,-0.0183327236203894
9737,-0.018411885719538
9738,-0.0183542485942753
9739,-0.0184334106934239
9740,-0.0183608196701184
9741,-0.0184399817692671
9742,-0.0183823446440043
9743,-0.018461506743153
9744,0.0149355181436805
9745,0.0148563560445319
9746,0.0149139931697946
9747,0.014834831070646
9748,0.0149074220939514
9749,0.0148282599948028
9750,0.0148858971200656
9751,0.0148067350209169
9752,0.0555142339794269
9753,0.0554350718802783
9754,0.055492709005541
9755,0.0554135469063924
9756,0.0554861379296978
9757,0.0554069758305492
9758,0.055464612955812
9759,0.0553854508566633
9760,-0.059337849763341
9761,-0.0594170118624896
9762,-0.0593593747372268
9763,-0.0594385368363755
9764,-0.05936594581307
9765,-0.0594451079122187
9766,-0.0593874707869559
9767,-0.0594666328861045
9768,-0.0187591339275946
9769,-0.0188382960267432
9770,-0.0187806589014804
9771,-0.0188598210006291
9772,-0.0187872299773236
9773,-0.0188663920764723
9774,-0.0188087549512095
9775,-0.0188879170503581
9776,0.0145091078364753
9777,0.0144299457373267
9778,0.0144875828625895
9779,0.0144084207634408
9780,0.0144810117867463
9781,0.0144018496875976
9782,0.0144594868128604
9783,0.0143803247137118
9784,0.0550878236722217
9785,0.0550086615730731
9786,0.0550662986983358
9787,0.0549871365991872
9788,0.0550597276224927
9789,0.054980565523344
9790,0.0550382026486068
9791,0.0549590405494581
9792,-0.0553885380921123
9793,-0.0554677001912609
9794,-0.0554100630659982
9795,-0.0554892251651468
9796,-0.0554166341418414
9797,-0.05549579624099
9798,-0.0554381591157273
9799,-0.0555173212148759
9800,-0.0148098222563659
9801,-0.0148889843555146
9802,-0.0148313472302518
9803,-0.0149105093294004
9804,-0.014837918306095
9805,-0.0149170804052436
9806,-0.0148594432799809
9807,-0.0149386053791295
9808,0.018458419507704
9809,0.0183792574085553
9810,0.0184368945338181
9811,0.0183577324346695
9812,0.0184303234579749
9813,0.0183511613588263
9814,0.018408798484089
9815,0.0183296363849404
9816,0.0590371353434504
9817,0.0589579732443017
9818,0.0590156103695645
9819,0.0589364482704158
9820,0.0590090392937213
9821,0.0589298771945727
9822,0.0589875143198354
9823,0.0589083522206868
9824,-0.0558149483993175
9825,-0.0558941104984661
9826,-0.0558364733732034
9827,-0.055915635472352
9828,-0.0558430444490466
9829,-0.0559222065481952
9830,-0.0558645694229324
9831,-0.0559437315220811
9832,-0.0152362325635711
9833,-0.0153153946627197
9834,-0.015257757537457
9835,-0.0153369196366056
9836,-0.0152643286133002
9837,-0.0153434907124488
9838,-0.015285853587186
9839,-0.0153650156863347
9840,0.0180320092004988
9841,0.0179528471013502
9842,0.0180104842266129
9843,0.0179313221274643
9844,0.0180039131507697
9845,0.0179247510516211
9846,0.0179823881768839
9847,0.0179032260777352
9848,0.0586107250362452
9849,0.0585315629370966
9850,0.0585892000623593
9851,0.0585100379632107
9852,0.0585826289865161
9853,0.0585034668873675
9854,0.0585611040126302
9855,0.0584819419134816
9856,-0.0592925242253992
9857,-0.0593716863245479
9858,-0.0593140491992851
9859,-0.0593932112984338
9860,-0.0593206202751283
9861,-0.0593997823742769
9862,-0.0593421452490142
9863,-0.0594213073481628
9864,-0.0187138083896529
9865,-0.0187929704888015
9866,-0.0187353333635387
9867,-0.0188144954626874
9868,-0.0187419044393819
9869,-0.0188210665385306
9870,-0.0187634294132678
9871,-0.0188425915124164
9872,0.014554433374417
9873,0.0144752712752684
9874,0.0145329084005312
9875,0.0144537463013825
9876,0.014526337324688
9877,0.0144471752255393
9878,0.0145048123508021
9879,0.0144256502516535
9880,0.0551331492101634
9881,0.0550539871110148
9882,0.0551116242362776
9883,0.0550324621371289
9884,0.0551050531604344
9885,0.0550258910612857
9886,0.0550835281865485
9887,0.0550043660873999
9888,-0.0597189345326044
9889,-0.0597980966317531
9890,-0.0597404595064903
9891,-0.0598196216056389
9892,-0.0597470305823335
9893,-0.0598261926814821
9894,-0.0597685555562194
9895,-0.059847717655368
9896,-0.019140218696858
9897,-0.0192193807960067
9898,-0.0191617436707439
9899,-0.0192409057698926
9900,-0.0191683147465871
9901,-0.0192474768457357
9902,-0.019189839720473
9903,-0.0192690018196216
9904,0.0141280230672119
9905,0.0140488609680632
9906,0.014106498093326
9907,0.0140273359941773
9908,0.0140999270174828
9909,0.0140207649183342
9910,0.0140784020435969
9911,0.0139992399444483
9912,0.0547067389029582
9913,0.0546275768038096
9914,0.0546852139290724
9915,0.0546060518299237
9916,0.0546786428532292
9917,0.0545994807540805
9918,0.0546571178793433
9919,0.0545779557801947
9920,-0.0557696228613758
9921,-0.0558487849605244
9922,-0.0557911478352617
9923,-0.0558703099344103
9924,-0.0557977189111048
9925,-0.0558768810102535
9926,-0.0558192438849907
9927,-0.0558984059841394
9928,-0.0151909070256294
9929,-0.015270069124778
9930,-0.0152124319995153
9931,-0.0152915940986639
9932,-0.0152190030753585
9933,-0.0152981651745071
9934,-0.0152405280492443
9935,-0.015319690148393
9936,0.0180773347384405
9937,0.0179981726392919
9938,0.0180558097645546
9939,0.017976647665406
9940,0.0180492386887114
9941,0.0179700765895628
9942,0.0180277137148256
9943,0.0179485516156769
9944,0.0586560505741869
9945,0.0585768884750383
9946,0.058634525600301
9947,0.0585553635011524
9948,0.0586279545244578
9949,0.0585487924253092
9950,0.0586064295505719
9951,0.0585272674514233
9952,-0.056196033168581
9953,-0.0562751952677296
9954,-0.0562175581424668
9955,-0.0562967202416155
9956,-0.05622412921831
9957,-0.0563032913174587
9958,-0.0562456541921959
9959,-0.0563248162913445
9960,-0.0156173173328346
9961,-0.0156964794319832
9962,-0.0156388423067205
9963,-0.0157180044058691
9964,-0.0156454133825636
9965,-0.0157245754817123
9966,-0.0156669383564495
9967,-0.0157461004555982
9968,0.0176509244312353
9969,0.0175717623320867
9970,0.0176293994573494
9971,0.0175502373582008
9972,0.0176228283815063
9973,0.0175436662823576
9974,0.0176013034076204
9975,0.0175221413084717
9976,0.0582296402669817
9977,0.0581504781678331
9978,0.0582081152930958
9979,0.0581289531939472
9980,0.0582015442172526
9981,0.058122382118104
9982,0.0581800192433668
9983,0.0581008571442181
9984,-0.0539398157946511
9985,-0.0540189778937997
9986,-0.053961340768537
9987,-0.0540405028676856
9988,-0.0539679118443802
9989,-0.0540470739435288
9990,-0.053989436818266
9991,-0.0540685989174147
9992,-0.0133610999589047
9993,-0.0134402620580533
9994,-0.0133826249327906
9995,-0.0134617870319392
9996,-0.0133891960086338
9997,-0.0134683581077824
9998,-0.0134107209825196
9999,-0.0134898830816683
10000,0.0199071418051652
10001,0.0198279797060166
10002,0.0198856168312793
10003,0.0198064547321307
10004,0.0198790457554361
10005,0.0197998836562875
10006,0.0198575207815502
10007,0.0197783586824016
10008,0.0604858576409116
10009,0.060406695541763
10010,0.0604643326670257
10011,0.0603851705678771
10012,0.0604577615911825
10013,0.0603785994920339
10014,0.0604362366172966
10015,0.060357074518148
10016,-0.0543662261018563
10017,-0.0544453882010049
10018,-0.0543877510757422
10019,-0.0544669131748908
10020,-0.0543943221515853
10021,-0.054473484250734
10022,-0.0544158471254712
10023,-0.0544950092246199
10024,-0.0137875102661099
10025,-0.0138666723652585
10026,-0.0138090352399958
10027,-0.0138881973391444
10028,-0.013815606315839
10029,-0.0138947684149876
10030,-0.0138371312897248
10031,-0.0139162933888735
10032,0.01948073149796
10033,0.0194015693988114
10034,0.0194592065240741
10035,0.0193800444249255
10036,0.0194526354482309
10037,0.0193734733490823
10038,0.0194311104743451
10039,0.0193519483751964
10040,0.0600594473337064
10041,0.0599802852345578
10042,0.0600379223598205
10043,0.0599587602606719
10044,0.0600313512839773
10045,0.0599521891848287
10046,0.0600098263100915
10047,0.0599306642109428
10048,-0.0504169144306276
10049,-0.0504960765297763
10050,-0.0504384394045135
10051,-0.0505176015036622
10052,-0.0504450104803567
10053,-0.0505241725795053
10054,-0.0504665354542426
10055,-0.0505456975533912
10056,-0.0098381985948812
10057,-0.0099173606940299
10058,-0.0098597235687671
10059,-0.0099388856679158
10060,-0.0098662946446103
10061,-0.0099454567437589
10062,-0.0098878196184962
10063,-0.0099669817176448
10064,0.0234300431691887
10065,0.02335088107004
10066,0.0234085181953028
10067,0.0233293560961541
10068,0.0234019471194596
10069,0.0233227850203109
10070,0.0233804221455737
10071,0.0233012600464251
10072,0.064008759004935
10073,0.0639295969057864
10074,0.0639872340310492
10075,0.0639080719319005
10076,0.063980662955206
10077,0.0639015008560573
10078,0.0639591379813201
10079,0.0638799758821715
10080,-0.0508433247378328
10081,-0.0509224868369815
10082,-0.0508648497117187
10083,-0.0509440118108673
10084,-0.0508714207875619
10085,-0.0509505828867105
10086,-0.0508929457614478
10087,-0.0509721078605964
10088,-0.0102646089020864
10089,-0.0103437710012351
10090,-0.0102861338759723
10091,-0.0103652959751209
10092,-0.0102927049518155
10093,-0.0103718670509641
10094,-0.0103142299257014
10095,-0.01039339202485
10096,0.0230036328619835
10097,0.0229244707628348
10098,0.0229821078880976
10099,0.022902945788949
10100,0.0229755368122544
10101,0.0228963747131058
10102,0.0229540118383685
10103,0.0228748497392199
10104,0.0635823486977299
10105,0.0635031865985812
10106,0.063560823723844
10107,0.0634816616246953
10108,0.0635542526480008
10109,0.0634750905488522
10110,0.0635327276741149
10111,0.0634535655749663
10112,-0.0543209005639146
10113,-0.0544000626630632
10114,-0.0543424255378004
10115,-0.0544215876369491
10116,-0.0543489966136436
10117,-0.0544281587127923
10118,-0.0543705215875295
10119,-0.0544496836866781
10120,-0.0137421847281682
10121,-0.0138213468273168
10122,-0.0137637097020541
10123,-0.0138428718012027
10124,-0.0137702807778972
10125,-0.0138494428770459
10126,-0.0137918057517831
10127,-0.0138709678509318
10128,0.0195260570359017
10129,0.0194468949367531
10130,0.0195045320620158
10131,0.0194253699628672
10132,0.0194979609861727
10133,0.019418798887024
10134,0.0194764360122868
10135,0.0193972739131381
10136,0.0601047728716481
10137,0.0600256107724995
10138,0.0600832478977622
10139,0.0600040857986136
10140,0.0600766768219191
10141,0.0599975147227704
10142,0.0600551518480332
10143,0.0599759897488845
10144,-0.0547473108711197
10145,-0.0548264729702684
10146,-0.0547688358450056
10147,-0.0548479979441543
10148,-0.0547754069208488
10149,-0.0548545690199974
10150,-0.0547969318947347
10151,-0.0548760939938833
10152,-0.0141685950353734
10153,-0.014247757134522
10154,-0.0141901200092592
10155,-0.0142692821084079
10156,-0.0141966910851024
10157,-0.0142758531842511
10158,-0.0142182160589883
10159,-0.0142973781581369
10160,0.0190996467286965
10161,0.0190204846295479
10162,0.0190781217548107
10163,0.018998959655662
10164,0.0190715506789675
10165,0.0189923885798188
10166,0.0190500257050816
10167,0.018970863605933
10168,0.0596783625644429
10169,0.0595992004652943
10170,0.059656837590557
10171,0.0595776754914084
10172,0.0596502665147139
10173,0.0595711044155652
10174,0.059628741540828
10175,0.0595495794416794
10176,-0.0507979991998911
10177,-0.0508771612990397
10178,-0.050819524173777
10179,-0.0508986862729256
10180,-0.0508260952496202
10181,-0.0509052573487688
10182,-0.050847620223506
10183,-0.0509267823226547
10184,-0.0102192833641447
10185,-0.0102984454632934
10186,-0.0102408083380306
10187,-0.0103199704371792
10188,-0.0102473794138738
10189,-0.0103265415130224
10190,-0.0102689043877597
10191,-0.0103480664869083
10192,0.0230489583999252
10193,0.0229697963007765
10194,0.0230274334260393
10195,0.0229482713268907
10196,0.0230208623501961
10197,0.0229417002510475
10198,0.0229993373763102
10199,0.0229201752771616
10200,0.0636276742356716
10201,0.0635485121365229
10202,0.0636061492617857
10203,0.063526987162637
10204,0.0635995781859425
10205,0.0635204160867939
10206,0.0635780532120566
10207,0.063498891112908
10208,-0.0512244095070963
10209,-0.0513035716062449
10210,-0.0512459344809822
10211,-0.0513250965801308
10212,-0.0512525055568253
10213,-0.051331667655974
10214,-0.0512740305307112
10215,-0.0513531926298599
10216,-0.0106456936713499
10217,-0.0107248557704985
10218,-0.0106672186452358
10219,-0.0107463807443844
10220,-0.010673789721079
10221,-0.0107529518202276
10222,-0.0106953146949648
10223,-0.0107744767941135
10224,0.02262254809272
10225,0.0225433859935714
10226,0.0226010231188341
10227,0.0225218610196855
10228,0.0225944520429909
10229,0.0225152899438423
10230,0.0225729270691051
10231,0.0224937649699564
10232,0.0632012639284664
10233,0.0631221018293178
10234,0.0631797389545805
10235,0.0631005768554319
10236,0.0631731678787373
10237,0.0630940057795887
10238,0.0631516429048514
10239,0.0630724808057028
10240,-0.0816382851841484
10241,-0.0817174472832971
10242,-0.0816598101580343
10243,-0.081738972257183
10244,-0.0816663812338775
10245,-0.0817455433330261
10246,-0.0816879062077634
10247,-0.081767068306912
10248,-0.041059569348402
10249,-0.0411387314475507
10250,-0.0410810943222879
10251,-0.0411602564214366
10252,-0.0410876653981311
10253,-0.0411668274972798
10254,-0.041109190372017
10255,-0.0411883524711656
10256,-0.0077913275843321
10257,-0.0078704896834807
10258,-0.0078128525582179
10259,-0.0078920146573666
10260,-0.0078194236340611
10261,-0.0078985857332098
10262,-0.007840948607947
10263,-0.0079201107070956
10264,0.0327873882514142
10265,0.0327082261522656
10266,0.0327658632775284
10267,0.0326867011783797
10268,0.0327592922016852
10269,0.0326801301025365
10270,0.0327377672277993
10271,0.0326586051286507
10272,-0.0820646954913536
10273,-0.0821438575905023
10274,-0.0820862204652395
10275,-0.0821653825643882
10276,-0.0820927915410827
10277,-0.0821719536402313
10278,-0.0821143165149686
10279,-0.0821934786141172
10280,-0.0414859796556072
10281,-0.0415651417547559
10282,-0.0415075046294931
10283,-0.0415866667286417
10284,-0.0415140757053363
10285,-0.0415932378044849
10286,-0.0415356006792222
10287,-0.0416147627783708
10288,-0.0082177378915372
10289,-0.0082968999906859
10290,-0.0082392628654231
10291,-0.0083184249645718
10292,-0.0082458339412663
10293,-0.0083249960404149
10294,-0.0082673589151522
10295,-0.0083465210143008
10296,0.0323609779442091
10297,0.0322818158450604
10298,0.0323394529703232
10299,0.0322602908711745
10300,0.03233288189448
10301,0.0322537197953314
10302,0.0323113569205941
10303,0.0322321948214455
10304,-0.078115383820125
10305,-0.0781945459192736
10306,-0.0781369087940109
10307,-0.0782160708931595
10308,-0.0781434798698541
10309,-0.0782226419690027
10310,-0.0781650048437399
10311,-0.0782441669428886
10312,-0.0375366679843786
10313,-0.0376158300835272
10314,-0.0375581929582645
10315,-0.0376373550574131
10316,-0.0375647640341077
10317,-0.0376439261332563
10318,-0.0375862890079935
10319,-0.0376654511071422
10320,-0.0042684262203086
10321,-0.0043475883194572
10322,-0.0042899511941945
10323,-0.0043691132933431
10324,-0.0042965222700377
10325,-0.0043756843691863
10326,-0.0043180472439235
10327,-0.0043972093430722
10328,0.0363102896154377
10329,0.0362311275162891
10330,0.0362887646415518
10331,0.0362096025424032
10332,0.0362821935657086
10333,0.03620303146656
10334,0.0362606685918227
10335,0.0361815064926741
10336,-0.0785417941273302
10337,-0.0786209562264788
10338,-0.078563319101216
10339,-0.0786424812003647
10340,-0.0785698901770592
10341,-0.0786490522762079
10342,-0.0785914151509451
10343,-0.0786705772500938
10344,-0.0379630782915838
10345,-0.0380422403907324
10346,-0.0379846032654697
10347,-0.0380637653646183
10348,-0.0379911743413128
10349,-0.0380703364404615
10350,-0.0380126993151987
10351,-0.0380918614143474
10352,-0.0046948365275138
10353,-0.0047739986266624
10354,-0.0047163615013997
10355,-0.0047955236005483
10356,-0.0047229325772428
10357,-0.0048020946763915
10358,-0.0047444575511287
10359,-0.0048236196502774
10360,0.0358838793082325
10361,0.0358047172090839
10362,0.0358623543343466
10363,0.035783192235198
10364,0.0358557832585034
10365,0.0357766211593548
10366,0.0358342582846176
10367,0.0357550961854689
10368,-0.0820193699534119
10369,-0.0820985320525606
10370,-0.0820408949272978
10371,-0.0821200570264464
10372,-0.082047466003141
10373,-0.0821266281022896
10374,-0.0820689909770269
10375,-0.0821481530761755
10376,-0.0414406541176655
10377,-0.0415198162168142
10378,-0.0414621790915514
10379,-0.0415413411907
10380,-0.0414687501673946
10381,-0.0415479122665432
10382,-0.0414902751412805
10383,-0.0415694372404291
10384,-0.0081724123535955
10385,-0.0082515744527442
10386,-0.0081939373274814
10387,-0.00827309942663
10388,-0.0082005084033246
10389,-0.0082796705024732
10390,-0.0082220333772105
10391,-0.0083011954763591
10392,0.0324063034821508
10393,0.0323271413830021
10394,0.0323847785082649
10395,0.0323056164091163
10396,0.0323782074324217
10397,0.0322990453332731
10398,0.0323566824585358
10399,0.0322775203593872
10400,-0.0824457802606171
10401,-0.0825249423597657
10402,-0.082467305234503
10403,-0.0825464673336516
10404,-0.0824738763103462
10405,-0.0825530384094948
10406,-0.082495401284232
10407,-0.0825745633833807
10408,-0.0418670644248707
10409,-0.0419462265240193
10410,-0.0418885893987566
10411,-0.0419677514979052
10412,-0.0418951604745998
10413,-0.0419743225737484
10414,-0.0419166854484856
10415,-0.0419958475476343
10416,-0.0085988226608007
10417,-0.0086779847599493
10418,-0.0086203476346866
10419,-0.0086995097338352
10420,-0.0086269187105298
10421,-0.0087060808096784
10422,-0.0086484436844157
10423,-0.0087276057835643
10424,0.0319798931749456
10425,0.0319007310757969
10426,0.0319583682010597
10427,0.0318792061019111
10428,0.0319517971252165
10429,0.0318726350260679
10430,0.0319302721513306
10431,0.031851110052182
10432,-0.0784964685893885
10433,-0.0785756306885371
10434,-0.0785179935632743
10435,-0.078597155662423
10436,-0.0785245646391175
10437,-0.0786037267382662
10438,-0.0785460896130034
10439,-0.0786252517121521
10440,-0.0379177527536421
10441,-0.0379969148527907
10442,-0.0379392777275279
10443,-0.0380184398266766
10444,-0.0379458488033711
10445,-0.0380250109025198
10446,-0.037967373777257
10447,-0.0380465358764056
10448,-0.0046495109895721
10449,-0.0047286730887207
10450,-0.0046710359634579
10451,-0.0047501980626066
10452,-0.0046776070393011
10453,-0.0047567691384498
10454,-0.004699132013187
10455,-0.0047782941123356
10456,0.0359292048461742
10457,0.0358500427470256
10458,0.0359076798722883
10459,0.0358285177731397
10460,0.0359011087964452
10461,0.0358219466972965
10462,0.0358795838225593
10463,0.0358004217234106
10464,-0.0789228788965936
10465,-0.0790020409957423
10466,-0.0789444038704795
10467,-0.0790235659696281
10468,-0.0789509749463227
10469,-0.0790301370454713
10470,-0.0789724999202086
10471,-0.0790516620193572
10472,-0.0383441630608472
10473,-0.0384233251599959
10474,-0.0383656880347331
10475,-0.0384448501338818
10476,-0.0383722591105763
10477,-0.0384514212097249
10478,-0.0383937840844622
10479,-0.0384729461836108
10480,-0.0050759212967772
10481,-0.0051550833959259
10482,-0.0050974462706631
10483,-0.0051766083698118
10484,-0.0051040173465063
10485,-0.0051831794456549
10486,-0.0051255423203922
10487,-0.0052047044195408
10488,0.035502794538969
10489,0.0354236324398204
10490,0.0354812695650832
10491,0.0354021074659345
10492,0.03547469848924
10493,0.0353955363900913
10494,0.0354531735153541
10495,0.0353740114162055
10496,-0.0766666615226638
10497,-0.0767458236218124
10498,-0.0766881864965496
10499,-0.0767673485956983
10500,-0.0766947575723928
10501,-0.0767739196715415
10502,-0.0767162825462787
10503,-0.0767954446454274
10504,-0.0360879456869174
10505,-0.036167107786066
10506,-0.0361094706608033
10507,-0.0361886327599519
10508,-0.0361160417366464
10509,-0.0361952038357951
10510,-0.0361375667105323
10511,-0.036216728809681
10512,-0.0028197039228474
10513,-0.002898866021996
10514,-0.0028412288967333
10515,-0.0029203909958819
10516,-0.0028477999725764
10517,-0.0029269620717251
10518,-0.0028693249464623
10519,-0.002948487045611
10520,0.0377590119128989
10521,0.0376798498137503
10522,0.037737486939013
10523,0.0376583248398644
10524,0.0377309158631698
10525,0.0376517537640212
10526,0.037709390889284
10527,0.0376302287901353
10528,-0.077093071829869
10529,-0.0771722339290176
10530,-0.0771145968037548
10531,-0.0771937589029035
10532,-0.077121167879598
10533,-0.0772003299787466
10534,-0.0771426928534839
10535,-0.0772218549526325
10536,-0.0365143559941226
10537,-0.0365935180932712
10538,-0.0365358809680084
10539,-0.0366150430671571
10540,-0.0365424520438516
10541,-0.0366216141430003
10542,-0.0365639770177375
10543,-0.0366431391168861
10544,-0.0032461142300526
10545,-0.0033252763292012
10546,-0.0032676392039384
10547,-0.0033468013030871
10548,-0.0032742102797816
10549,-0.0033533723789303
10550,-0.0032957352536675
10551,-0.0033748973528161
10552,0.0373326016056937
10553,0.0372534395065451
10554,0.0373110766318078
10555,0.0372319145326592
10556,0.0373045055559647
10557,0.037225343456816
10558,0.0372829805820788
10559,0.0372038184829301
10560,-0.0731437601586403
10561,-0.0732229222577889
10562,-0.0731652851325262
10563,-0.0732444472316748
10564,-0.0731718562083694
10565,-0.073251018307518
10566,-0.0731933811822553
10567,-0.0732725432814039
10568,-0.0325650443228939
10569,-0.0326442064220426
10570,-0.0325865692967798
10571,-0.0326657313959284
10572,-0.032593140372623
10573,-0.0326723024717716
10574,-0.0326146653465089
10575,-0.0326938274456575
10576,0.000703197441176
10577,0.0006240353420273
10578,0.0006816724672901
10579,0.0006025103681415
10580,0.0006751013914469
10581,0.0005959392922983
10582,0.000653576417561
10583,0.0005744143184124
10584,0.0412819132769224
10585,0.0412027511777737
10586,0.0412603883030365
10587,0.0411812262038879
10588,0.0412538172271933
10589,0.0411746551280447
10590,0.0412322922533074
10591,0.0411531301541588
10592,-0.0735701704658455
10593,-0.0736493325649941
10594,-0.0735916954397314
10595,-0.07367085753888
10596,-0.0735982665155745
10597,-0.0736774286147232
10598,-0.0736197914894604
10599,-0.0736989535886091
10600,-0.0329914546300991
10601,-0.0330706167292477
10602,-0.033012979603985
10603,-0.0330921417031336
10604,-0.0330195506798282
10605,-0.0330987127789768
10606,-0.033041075653714
10607,-0.0331202377528627
10608,0.0002767871339708
10609,0.0001976250348222
10610,0.0002552621600849
10611,0.0001761000609363
10612,0.0002486910842417
10613,0.0001695289850931
10614,0.0002271661103559
10615,0.0001480040112072
10616,0.0408555029697172
10617,0.0407763408705686
10618,0.0408339779958313
10619,0.0407548158966827
10620,0.0408274069199881
10621,0.0407482448208395
10622,0.0408058819461022
10623,0.0407267198469536
10624,-0.0770477462919272
10625,-0.0771269083910759
10626,-0.0770692712658131
10627,-0.0771484333649617
10628,-0.0770758423416563
10629,-0.0771550044408049
10630,-0.0770973673155422
10631,-0.0771765294146908
10632,-0.0364690304561808
10633,-0.0365481925553295
10634,-0.0364905554300667
10635,-0.0365697175292154
10636,-0.0364971265059099
10637,-0.0365762886050585
10638,-0.0365186514797958
10639,-0.0365978135789444
10640,-0.0032007886921108
10641,-0.0032799507912595
10642,-0.0032223136659967
10643,-0.0033014757651454
10644,-0.0032288847418399
10645,-0.0033080468409885
10646,-0.0032504097157258
10647,-0.0033295718148744
10648,0.0373779271436354
10649,0.0372987650444868
10650,0.0373564021697496
10651,0.0372772400706009
10652,0.0373498310939064
10653,0.0372706689947577
10654,0.0373283061200205
10655,0.0372491440208719
10656,-0.0774741565991324
10657,-0.0775533186982811
10658,-0.0774956815730183
10659,-0.077574843672167
10660,-0.0775022526488615
10661,-0.0775814147480101
10662,-0.0775237776227474
10663,-0.077602939721896
10664,-0.036895440763386
10665,-0.0369746028625347
10666,-0.0369169657372719
10667,-0.0369961278364205
10668,-0.0369235368131151
10669,-0.0370026989122637
10670,-0.036945061787001
10671,-0.0370242238861496
10672,-0.003627198999316
10673,-0.0037063610984647
10674,-0.0036487239732019
10675,-0.0037278860723505
10676,-0.0036552950490451
10677,-0.0037344571481937
10678,-0.003676820022931
10679,-0.0037559821220796
10680,0.0369515168364303
10681,0.0368723547372816
10682,0.0369299918625444
10683,0.0368508297633957
10684,0.0369234207867012
10685,0.0368442586875526
10686,0.0369018958128153
10687,0.0368227337136667
10688,-0.0735248449279038
10689,-0.0736040070270524
10690,-0.0735463699017897
10691,-0.0736255320009383
10692,-0.0735529409776328
10693,-0.0736321030767815
10694,-0.0735744659515187
10695,-0.0736536280506674
10696,-0.0329461290921574
10697,-0.033025291191306
10698,-0.0329676540660433
10699,-0.0330468161651919
10700,-0.0329742251418865
10701,-0.0330533872410351
10702,-0.0329957501157723
10703,-0.033074912214921
10704,0.0003221126719125
10705,0.0002429505727639
10706,0.0003005876980266
10707,0.000221425598878
10708,0.0002940166221834
10709,0.0002148545230348
10710,0.0002724916482976
10711,0.0001933295491489
10712,0.0409008285076589
10713,0.0408216664085103
10714,0.040879303533773
10715,0.0408001414346244
10716,0.0408727324579298
10717,0.0407935703587812
10718,0.040851207484044
10719,0.0407720453848953
10720,-0.073951255235109
10721,-0.0740304173342576
10722,-0.0739727802089948
10723,-0.0740519423081435
10724,-0.073979351284838
10725,-0.0740585133839867
10726,-0.0740008762587239
10727,-0.0740800383578725
10728,-0.0333725393993626
10729,-0.0334517014985112
10730,-0.0333940643732484
10731,-0.0334732264723971
10732,-0.0334006354490916
10733,-0.0334797975482403
10734,-0.0334221604229775
10735,-0.0335013225221261
10736,-0.0001042976352926
10737,-0.0001834597344412
10738,-0.0001258226091784
10739,-0.0002049847083271
10740,-0.0001323936850216
10741,-0.0002115557841703
10742,-0.0001539186589075
10743,-0.0002330807580561
10744,0.0404744182004537
10745,0.0403952561013051
10746,0.0404528932265678
10747,0.0403737311274192
10748,0.0404463221507247
10749,0.040367160051576
10750,0.0404247971768388
10751,0.0403456350776901
10752,-0.0590501497144055
10753,-0.0591293118135541
10754,-0.0590716746882913
10755,-0.05915083678744
10756,-0.0590782457641345
10757,-0.0591574078632832
10758,-0.0590997707380204
10759,-0.059178932837169
10760,-0.0184714338786591
10761,-0.0185505959778077
10762,-0.018492958852545
10763,-0.0185721209516936
10764,-0.0184995299283881
10765,-0.0185786920275368
10766,-0.018521054902274
10767,-0.0186002170014227
10768,0.0147968078854108
10769,0.0147176457862622
10770,0.0147752829115249
10771,0.0146961208123763
10772,0.0147687118356818
10773,0.0146895497365331
10774,0.0147471868617959
10775,0.0146680247626472
10776,0.0553755237211572
10777,0.0552963616220086
10778,0.0553539987472713
10779,0.0552748366481227
10780,0.0553474276714281
10781,0.0552682655722795
10782,0.0553259026975423
10783,0.0552467405983936
10784,-0.0594765600216107
10785,-0.0595557221207593
10786,-0.0594980849954965
10787,-0.0595772470946452
10788,-0.0595046560713397
10789,-0.0595838181704884
10790,-0.0595261810452256
10791,-0.0596053431443742
10792,-0.0188978441858643
10793,-0.0189770062850129
10794,-0.0189193691597501
10795,-0.0189985312588988
10796,-0.0189259402355933
10797,-0.019005102334742
10798,-0.0189474652094792
10799,-0.0190266273086278
10800,0.0143703975782056
10801,0.014291235479057
10802,0.0143488726043198
10803,0.0142697105051711
10804,0.0143423015284766
10805,0.0142631394293279
10806,0.0143207765545907
10807,0.0142416144554421
10808,0.054949113413952
10809,0.0548699513148034
10810,0.0549275884400661
10811,0.0548484263409175
10812,0.054921017364223
10813,0.0548418552650743
10814,0.0548994923903371
10815,0.0548203302911884
10816,-0.055527248350382
10817,-0.0556064104495306
10818,-0.0555487733242679
10819,-0.0556279354234165
10820,-0.0555553444001111
10821,-0.0556345064992597
10822,-0.0555768693739969
10823,-0.0556560314731456
10824,-0.0149485325146356
10825,-0.0150276946137843
10826,-0.0149700574885215
10827,-0.0150492195876701
10828,-0.0149766285643647
10829,-0.0150557906635133
10830,-0.0149981535382506
10831,-0.0150773156373992
10832,0.0183197092494343
10833,0.0182405471502856
10834,0.0182981842755484
10835,0.0182190221763998
10836,0.0182916131997052
10837,0.0182124511005566
10838,0.0182700882258193
10839,0.0181909261266707
10840,0.0588984250851807
10841,0.058819262986032
10842,0.0588769001112948
10843,0.0587977380121461
10844,0.0588703290354516
10845,0.058791166936303
10846,0.0588488040615657
10847,0.0587696419624171
10848,-0.0559536586575872
10849,-0.0560328207567358
10850,-0.0559751836314731
10851,-0.0560543457306217
10852,-0.0559817547073163
10853,-0.0560609168064649
10854,-0.0560032796812021
10855,-0.0560824417803508
10856,-0.0153749428218408
10857,-0.0154541049209894
10858,-0.0153964677957267
10859,-0.0154756298948753
10860,-0.0154030388715699
10861,-0.0154822009707185
10862,-0.0154245638454557
10863,-0.0155037259446044
10864,0.0178932989422291
10865,0.0178141368430805
10866,0.0178717739683432
10867,0.0177926118691946
10868,0.0178652028925
10869,0.0177860407933514
10870,0.0178436779186142
10871,0.0177645158194655
10872,0.0584720147779755
10873,0.0583928526788269
10874,0.0584504898040896
10875,0.058371327704941
10876,0.0584439187282464
10877,0.0583647566290978
10878,0.0584223937543605
10879,0.0583432316552119
10880,-0.0594312344836689
10881,-0.0595103965828176
10882,-0.0594527594575548
10883,-0.0595319215567035
10884,-0.059459330533398
10885,-0.0595384926325466
10886,-0.0594808555072839
10887,-0.0595600176064325
10888,-0.0188525186479225
10889,-0.0189316807470712
10890,-0.0188740436218084
10891,-0.0189532057209571
10892,-0.0188806146976516
10893,-0.0189597767968002
10894,-0.0189021396715375
10895,-0.0189813017706861
10896,0.0144157231161473
10897,0.0143365610169987
10898,0.0143941981422615
10899,0.0143150360431128
10900,0.0143876270664183
10901,0.0143084649672696
10902,0.0143661020925324
10903,0.0142869399933838
10904,0.0549944389518937
10905,0.0549152768527451
10906,0.0549729139780079
10907,0.0548937518788592
10908,0.0549663429021647
10909,0.054887180803016
10910,0.0549448179282788
10911,0.0548656558291302
10912,-0.0598576447908741
10913,-0.0599368068900228
10914,-0.05987916976476
10915,-0.0599583318639086
10916,-0.0598857408406032
10917,-0.0599649029397518
10918,-0.0599072658144891
10919,-0.0599864279136377
10920,-0.0192789289551277
10921,-0.0193580910542764
10922,-0.0193004539290136
10923,-0.0193796160281622
10924,-0.0193070250048568
10925,-0.0193861871040054
10926,-0.0193285499787427
10927,-0.0194077120778913
10928,0.0139893128089422
10929,0.0139101507097935
10930,0.0139677878350563
10931,0.0138886257359077
10932,0.0139612167592131
10933,0.0138820546600645
10934,0.0139396917853272
10935,0.0138605296861786
10936,0.0545680286446886
10937,0.0544888665455399
10938,0.0545465036708027
10939,0.054467341571654
10940,0.0545399325949595
10941,0.0544607704958109
10942,0.0545184076210736
10943,0.054439245521925
10944,-0.0559083331196455
10945,-0.0559874952187941
10946,-0.0559298580935314
10947,-0.05600902019268
10948,-0.0559364291693745
10949,-0.0560155912685232
10950,-0.0559579541432604
10951,-0.0560371162424091
10952,-0.0153296172838991
10953,-0.0154087793830477
10954,-0.015351142257785
10955,-0.0154303043569336
10956,-0.0153577133336282
10957,-0.0154368754327768
10958,-0.015379238307514
10959,-0.0154584004066627
10960,0.0179386244801708
10961,0.0178594623810222
10962,0.0179170995062849
10963,0.0178379374071363
10964,0.0179105284304417
10965,0.0178313663312931
10966,0.0178890034565559
10967,0.0178098413574072
10968,0.0585173403159172
10969,0.0584381782167686
10970,0.0584958153420313
10971,0.0584166532428827
10972,0.0584892442661881
10973,0.0584100821670395
10974,0.0584677192923022
10975,0.0583885571931536
10976,-0.0563347434268507
10977,-0.0564139055259993
10978,-0.0563562684007365
10979,-0.0564354304998852
10980,-0.0563628394765797
10981,-0.0564420015757284
10982,-0.0563843644504656
10983,-0.0564635265496142
10984,-0.0157560275911043
10985,-0.0158351896902529
10986,-0.0157775525649901
10987,-0.0158567146641388
10988,-0.0157841236408333
10989,-0.015863285739982
10990,-0.0158056486147192
10991,-0.0158848107138678
10992,0.0175122141729656
10993,0.017433052073817
10994,0.0174906891990797
10995,0.0174115270999311
10996,0.0174841181232366
10997,0.0174049560240879
10998,0.0174625931493507
10999,0.017383431050202
11000,0.058090930008712
11001,0.0580117679095634
11002,0.0580694050348261
11003,0.0579902429356775
11004,0.058062833958983
11005,0.0579836718598343
11006,0.0580413089850971
11007,0.0579621468859484
11008,-0.0540785260529208
11009,-0.0541576881520694
11010,-0.0541000510268067
11011,-0.0541792131259553
11012,-0.0541066221026499
11013,-0.0541857842017985
11014,-0.0541281470765357
11015,-0.0542073091756844
11016,-0.0134998102171744
11017,-0.013578972316323
11018,-0.0135213351910603
11019,-0.0136004972902089
11020,-0.0135279062669035
11021,-0.0136070683660521
11022,-0.0135494312407893
11023,-0.013628593339938
11024,0.0197684315468955
11025,0.0196892694477469
11026,0.0197469065730096
11027,0.019667744473861
11028,0.0197403354971664
11029,0.0196611733980178
11030,0.0197188105232806
11031,0.0196396484241319
11032,0.0603471473826419
11033,0.0602679852834933
11034,0.060325622408756
11035,0.0602464603096074
11036,0.0603190513329128
11037,0.0602398892337642
11038,0.0602975263590269
11039,0.0602183642598783
11040,-0.054504936360126
11041,-0.0545840984592746
11042,-0.0545264613340118
11043,-0.0546056234331605
11044,-0.054533032409855
11045,-0.0546121945090037
11046,-0.0545545573837409
11047,-0.0546337194828896
11048,-0.0139262205243796
11049,-0.0140053826235282
11050,-0.0139477454982655
11051,-0.0140269075974141
11052,-0.0139543165741086
11053,-0.0140334786732573
11054,-0.0139758415479945
11055,-0.0140550036471432
11056,0.0193420212396903
11057,0.0192628591405417
11058,0.0193204962658044
11059,0.0192413341666558
11060,0.0193139251899612
11061,0.0192347630908126
11062,0.0192924002160754
11063,0.0192132381169267
11064,0.0599207370754367
11065,0.0598415749762881
11066,0.0598992121015508
11067,0.0598200500024022
11068,0.0598926410257076
11069,0.059813478926559
11070,0.0598711160518218
11071,0.0597919539526731
11072,-0.0505556246888973
11073,-0.050634786788046
11074,-0.0505771496627832
11075,-0.0506563117619318
11076,-0.0505837207386264
11077,-0.050662882837775
11078,-0.0506052457125123
11079,-0.0506844078116609
11080,-0.0099769088531509
11081,-0.0100560709522996
11082,-0.0099984338270368
11083,-0.0100775959261855
11084,-0.01000500490288
11085,-0.0100841670020286
11086,-0.0100265298767659
11087,-0.0101056919759145
11088,0.023291332910919
11089,0.0232121708117703
11090,0.0232698079370331
11091,0.0231906458378844
11092,0.0232632368611899
11093,0.0231840747620413
11094,0.023241711887304
11095,0.0231625497881554
11096,0.0638700487466653
11097,0.0637908866475167
11098,0.0638485237727795
11099,0.0637693616736308
11100,0.0638419526969363
11101,0.0637627905977877
11102,0.0638204277230504
11103,0.0637412656239018
11104,-0.0509820349961025
11105,-0.0510611970952511
11106,-0.0510035599699884
11107,-0.051082722069137
11108,-0.0510101310458316
11109,-0.0510892931449802
11110,-0.0510316560197175
11111,-0.0511108181188661
11112,-0.0104033191603561
11113,-0.0104824812595048
11114,-0.010424844134242
11115,-0.0105040062333906
11116,-0.0104314152100852
11117,-0.0105105773092338
11118,-0.0104529401839711
11119,-0.0105321022831197
11120,0.0228649226037138
11121,0.0227857605045651
11122,0.0228433976298279
11123,0.0227642355306793
11124,0.0228368265539847
11125,0.0227576644548361
11126,0.0228153015800988
11127,0.0227361394809502
11128,0.0634436384394602
11129,0.0633644763403115
11130,0.0634221134655743
11131,0.0633429513664256
11132,0.0634155423897311
11133,0.0633363802905825
11134,0.0633940174158452
11135,0.0633148553166966
11136,-0.0544596108221843
11137,-0.0545387729213329
11138,-0.0544811357960701
11139,-0.0545602978952188
11140,-0.0544877068719133
11141,-0.054566868971062
11142,-0.0545092318457992
11143,-0.0545883939449478
11144,-0.0138808949864379
11145,-0.0139600570855865
11146,-0.0139024199603237
11147,-0.0139815820594724
11148,-0.0139089910361669
11149,-0.0139881531353156
11150,-0.0139305160100528
11151,-0.0140096781092015
11152,0.019387346777632
11153,0.0193081846784834
11154,0.0193658218037461
11155,0.0192866597045975
11156,0.019359250727903
11157,0.0192800886287543
11158,0.0193377257540171
11159,0.0192585636548684
11160,0.0599660626133784
11161,0.0598869005142298
11162,0.0599445376394925
11163,0.0598653755403439
11164,0.0599379665636494
11165,0.0598588044645007
11166,0.0599164415897635
11167,0.0598372794906148
11168,-0.0548860211293894
11169,-0.0549651832285381
11170,-0.0549075461032753
11171,-0.054986708202424
11172,-0.0549141171791185
11173,-0.0549932792782671
11174,-0.0549356421530044
11175,-0.055014804252153
11176,-0.0143073052936431
11177,-0.0143864673927917
11178,-0.0143288302675289
11179,-0.0144079923666776
11180,-0.0143354013433721
11181,-0.0144145634425208
11182,-0.014356926317258
11183,-0.0144360884164066
11184,0.0189609364704268
11185,0.0188817743712782
11186,0.018939411496541
11187,0.0188602493973923
11188,0.0189328404206978
11189,0.0188536783215491
11190,0.0189113154468119
11191,0.0188321533476633
11192,0.0595396523061732
11193,0.0594604902070246
11194,0.0595181273322873
11195,0.0594389652331387
11196,0.0595115562564442
11197,0.0594323941572955
11198,0.0594900312825583
11199,0.0594108691834097
11200,-0.0509367094581608
11201,-0.0510158715573094
11202,-0.0509582344320467
11203,-0.0510373965311953
11204,-0.0509648055078899
11205,-0.0510439676070385
11206,-0.0509863304817757
11207,-0.0510654925809244
11208,-0.0103579936224144
11209,-0.010437155721563
11210,-0.0103795185963003
11211,-0.0104586806954489
11212,-0.0103860896721435
11213,-0.0104652517712921
11214,-0.0104076146460294
11215,-0.010486776745178
11216,0.0229102481416555
11217,0.0228310860425068
11218,0.0228887231677696
11219,0.022809561068621
11220,0.0228821520919264
11221,0.0228029899927778
11222,0.0228606271180405
11223,0.0227814650188919
11224,0.0634889639774019
11225,0.0634098018782532
11226,0.063467439003516
11227,0.0633882769043674
11228,0.0634608679276728
11229,0.0633817058285242
11230,0.0634393429537869
11231,0.0633601808546383
11232,-0.051363119765366
11233,-0.0514422818645146
11234,-0.0513846447392519
11235,-0.0514638068384005
11236,-0.051391215815095
11237,-0.0514703779142437
11238,-0.0514127407889809
11239,-0.0514919028881296
11240,-0.0107844039296196
11241,-0.0108635660287682
11242,-0.0108059289035055
11243,-0.0108850910026541
11244,-0.0108124999793487
11245,-0.0108916620784973
11246,-0.0108340249532345
11247,-0.0109131870523832
11248,0.0224838378344503
11249,0.0224046757353017
11250,0.0224623128605644
11251,0.0223831507614158
11252,0.0224557417847212
11253,0.0223765796855726
11254,0.0224342168108354
11255,0.0223550547116867
11256,0.0630625536701967
11257,0.0629833915710481
11258,0.0630410286963108
11259,0.0629618665971622
11260,0.0630344576204676
11261,0.062955295521319
11262,0.0630129326465817
11263,0.0629337705474331
11264,-0.0815660828611685
11265,-0.0816452449603171
11266,-0.0815876078350544
11267,-0.081666769934203
11268,-0.0815941789108976
11269,-0.0816733410100462
11270,-0.0816157038847834
11271,-0.0816948659839321
11272,-0.0409873670254221
11273,-0.0410665291245707
11274,-0.041008891999308
11275,-0.0410880540984566
11276,-0.0410154630751512
11277,-0.0410946251742998
11278,-0.041036988049037
11279,-0.0411161501481857
11280,-0.0077191252613521
11281,-0.0077982873605007
11282,-0.007740650235238
11283,-0.0078198123343866
11284,-0.0077472213110812
11285,-0.0078263834102298
11286,-0.007768746284967
11287,-0.0078479083841157
11288,0.0328595905743942
11289,0.0327804284752456
11290,0.0328380656005083
11291,0.0327589035013597
11292,0.0328314945246651
11293,0.0327523324255165
11294,0.0328099695507793
11295,0.0327308074516306
11296,-0.0819924931683737
11297,-0.0820716552675223
11298,-0.0820140181422595
11299,-0.0820931802414082
11300,-0.0820205892181027
11301,-0.0820997513172514
11302,-0.0820421141919886
11303,-0.0821212762911372
11304,-0.0414137773326273
11305,-0.0414929394317759
11306,-0.0414353023065131
11307,-0.0415144644056618
11308,-0.0414418733823563
11309,-0.041521035481505
11310,-0.0414633983562422
11311,-0.0415425604553908
11312,-0.0081455355685573
11313,-0.0082246976677059
11314,-0.0081670605424431
11315,-0.0082462226415918
11316,-0.0081736316182863
11317,-0.008252793717435
11318,-0.0081951565921722
11319,-0.0082743186913208
11320,0.032433180267189
11321,0.0323540181680404
11322,0.0324116552933031
11323,0.0323324931941545
11324,0.03240508421746
11325,0.0323259221183113
11326,0.0323835592435741
11327,0.0323043971444254
11328,-0.078043181497145
11329,-0.0781223435962936
11330,-0.0780647064710309
11331,-0.0781438685701795
11332,-0.0780712775468741
11333,-0.0781504396460227
11334,-0.07809280252076
11335,-0.0781719646199086
11336,-0.0374644656613986
11337,-0.0375436277605473
11338,-0.0374859906352845
11339,-0.0375651527344331
11340,-0.0374925617111277
11341,-0.0375717238102763
11342,-0.0375140866850136
11343,-0.0375932487841622
11344,-0.0041962238973286
11345,-0.0042753859964773
11346,-0.0042177488712145
11347,-0.0042969109703631
11348,-0.0042243199470577
11349,-0.0043034820462063
11350,-0.0042458449209436
11351,-0.0043250070200922
11352,0.0363824919384177
11353,0.036303329839269
11354,0.0363609669645318
11355,0.0362818048653831
11356,0.0363543958886886
11357,0.03627523378954
11358,0.0363328709148027
11359,0.0362537088156541
11360,-0.0784695918043502
11361,-0.0785487539034988
11362,-0.0784911167782361
11363,-0.0785702788773847
11364,-0.0784976878540793
11365,-0.0785768499532279
11366,-0.0785192128279651
11367,-0.0785983749271138
11368,-0.0378908759686038
11369,-0.0379700380677524
11370,-0.0379124009424897
11371,-0.0379915630416383
11372,-0.0379189720183329
11373,-0.0379981341174815
11374,-0.0379404969922188
11375,-0.0380196590913674
11376,-0.0046226342045338
11377,-0.0047017963036824
11378,-0.0046441591784197
11379,-0.0047233212775683
11380,-0.0046507302542629
11381,-0.0047298923534115
11382,-0.0046722552281488
11383,-0.0047514173272974
11384,0.0359560816312125
11385,0.0358769195320638
11386,0.0359345566573266
11387,0.035855394558178
11388,0.0359279855814834
11389,0.0358488234823348
11390,0.0359064606075975
11391,0.0358272985084489
11392,-0.0819471676304319
11393,-0.0820263297295806
11394,-0.0819686926043178
11395,-0.0820478547034665
11396,-0.081975263680161
11397,-0.0820544257793097
11398,-0.0819967886540469
11399,-0.0820759507531955
11400,-0.0413684517946856
11401,-0.0414476138938342
11402,-0.0413899767685714
11403,-0.0414691388677201
11404,-0.0413965478444146
11405,-0.0414757099435633
11406,-0.0414180728183005
11407,-0.0414972349174491
11408,-0.0081002100306156
11409,-0.0081793721297642
11410,-0.0081217350045014
11411,-0.0082008971036501
11412,-0.0081283060803446
11413,-0.0082074681794933
11414,-0.0081498310542305
11415,-0.0082289931533791
11416,0.0324785058051307
11417,0.0323993437059821
11418,0.0324569808312449
11419,0.0323778187320962
11420,0.0324504097554017
11421,0.032371247656253
11422,0.0324288847815158
11423,0.0323497226823672
11424,-0.0823735779376371
11425,-0.0824527400367858
11426,-0.082395102911523
11427,-0.0824742650106716
11428,-0.0824016739873662
11429,-0.0824808360865148
11430,-0.0824231989612521
11431,-0.0825023610604007
11432,-0.0417948621018907
11433,-0.0418740242010394
11434,-0.0418163870757766
11435,-0.0418955491749253
11436,-0.0418229581516198
11437,-0.0419021202507684
11438,-0.0418444831255057
11439,-0.0419236452246543
11440,-0.0085266203378207
11441,-0.0086057824369694
11442,-0.0085481453117066
11443,-0.0086273074108553
11444,-0.0085547163875498
11445,-0.0086338784866984
11446,-0.0085762413614357
11447,-0.0086554034605843
11448,0.0320520954979256
11449,0.0319729333987769
11450,0.0320305705240397
11451,0.031951408424891
11452,0.0320239994481965
11453,0.0319448373490478
11454,0.0320024744743106
11455,0.031923312375162
11456,-0.0784242662664085
11457,-0.0785034283655571
11458,-0.0784457912402944
11459,-0.078524953339443
11460,-0.0784523623161375
11461,-0.0785315244152862
11462,-0.0784738872900234
11463,-0.0785530493891721
11464,-0.0378455504306621
11465,-0.0379247125298107
11466,-0.037867075404548
11467,-0.0379462375036966
11468,-0.0378736464803912
11469,-0.0379528085795398
11470,-0.037895171454277
11471,-0.0379743335534257
11472,-0.0045773086665921
11473,-0.0046564707657407
11474,-0.004598833640478
11475,-0.0046779957396266
11476,-0.0046054047163212
11477,-0.0046845668154698
11478,-0.004626929690207
11479,-0.0047060917893557
11480,0.0360014071691542
11481,0.0359222450700056
11482,0.0359798821952683
11483,0.0359007200961197
11484,0.0359733111194251
11485,0.0358941490202765
11486,0.0359517861455392
11487,0.0358726240463906
11488,-0.0788506765736137
11489,-0.0789298386727623
11490,-0.0788722015474996
11491,-0.0789513636466482
11492,-0.0788787726233428
11493,-0.0789579347224914
11494,-0.0789002975972286
11495,-0.0789794596963772
11496,-0.0382719607378673
11497,-0.0383511228370159
11498,-0.0382934857117532
11499,-0.0383726478109018
11500,-0.0383000567875963
11501,-0.038379218886745
11502,-0.0383215817614822
11503,-0.0384007438606309
11504,-0.0050037189737973
11505,-0.0050828810729459
11506,-0.0050252439476832
11507,-0.0051044060468318
11508,-0.0050318150235263
11509,-0.005110977122675
11510,-0.0050533399974122
11511,-0.0051325020965609
11512,0.035574996861949
11513,0.0354958347628004
11514,0.0355534718880631
11515,0.0354743097889145
11516,0.0355469008122199
11517,0.0354677387130713
11518,0.0355253758383341
11519,0.0354462137391854
11520,-0.0765944591996838
11521,-0.0766736212988325
11522,-0.0766159841735697
11523,-0.0766951462727183
11524,-0.0766225552494129
11525,-0.0767017173485615
11526,-0.0766440802232987
11527,-0.0767232423224474
11528,-0.0360157433639374
11529,-0.036094905463086
11530,-0.0360372683378233
11531,-0.0361164304369719
11532,-0.0360438394136665
11533,-0.0361230015128151
11534,-0.0360653643875523
11535,-0.036144526486701
11536,-0.0027475015998674
11537,-0.002826663699016
11538,-0.0027690265737533
11539,-0.0028481886729019
11540,-0.0027755976495965
11541,-0.0028547597487451
11542,-0.0027971226234824
11543,-0.002876284722631
11544,0.0378312142358789
11545,0.0377520521367302
11546,0.037809689261993
11547,0.0377305271628444
11548,0.0378031181861498
11549,0.0377239560870012
11550,0.0377815932122639
11551,0.0377024311131153
11552,-0.077020869506889
11553,-0.0771000316060376
11554,-0.0770423944807749
11555,-0.0771215565799235
11556,-0.0770489655566181
11557,-0.0771281276557667
11558,-0.0770704905305039
11559,-0.0771496526296526
11560,-0.0364421536711426
11561,-0.0365213157702912
11562,-0.0364636786450285
11563,-0.0365428407441771
11564,-0.0364702497208717
11565,-0.0365494118200203
11566,-0.0364917746947575
11567,-0.0365709367939062
11568,-0.0031739119070726
11569,-0.0032530740062212
11570,-0.0031954368809585
11571,-0.0032745989801071
11572,-0.0032020079568017
11573,-0.0032811700559503
11574,-0.0032235329306875
11575,-0.0033026950298362
11576,0.0374048039286737
11577,0.0373256418295251
11578,0.0373832789547878
11579,0.0373041168556392
11580,0.0373767078789446
11581,0.037297545779796
11582,0.0373551829050588
11583,0.0372760208059101
11584,-0.0730715578356603
11585,-0.073150719934809
11586,-0.0730930828095462
11587,-0.0731722449086949
11588,-0.0730996538853894
11589,-0.073178815984538
11590,-0.0731211788592753
11591,-0.0732003409584239
11592,-0.0324928419999139
11593,-0.0325720040990626
11594,-0.0325143669737998
11595,-0.0325935290729485
11596,-0.032520938049643
11597,-0.0326001001487916
11598,-0.0325424630235289
11599,-0.0326216251226775
11600,0.000775399764156
11601,0.0006962376650073
11602,0.0007538747902701
11603,0.0006747126911214
11604,0.0007473037144269
11605,0.0006681416152782
11606,0.000725778740541
11607,0.0006466166413924
11608,0.0413541155999023
11609,0.0412749535007537
11610,0.0413325906260165
11611,0.0412534285268678
11612,0.0413260195501733
11613,0.0412468574510246
11614,0.0413044945762874
11615,0.0412253324771388
11616,-0.0734979681428655
11617,-0.0735771302420142
11618,-0.0735194931167514
11619,-0.0735986552159
11620,-0.0735260641925946
11621,-0.0736052262917432
11622,-0.0735475891664805
11623,-0.0736267512656291
11624,-0.0329192523071191
11625,-0.0329984144062678
11626,-0.032940777281005
11627,-0.0330199393801536
11628,-0.0329473483568482
11629,-0.0330265104559968
11630,-0.0329688733307341
11631,-0.0330480354298827
11632,0.0003489894569508
11633,0.0002698273578021
11634,0.0003274644830649
11635,0.0002483023839163
11636,0.0003208934072217
11637,0.0002417313080731
11638,0.0002993684333358
11639,0.0002202063341872
11640,0.0409277052926972
11641,0.0408485431935485
11642,0.0409061803188113
11643,0.0408270182196626
11644,0.0408996092429681
11645,0.0408204471438195
11646,0.0408780842690822
11647,0.0407989221699336
11648,-0.0769755439689473
11649,-0.0770547060680959
11650,-0.0769970689428332
11651,-0.0770762310419818
11652,-0.0770036400186763
11653,-0.077082802117825
11654,-0.0770251649925622
11655,-0.0771043270917108
11656,-0.0363968281332009
11657,-0.0364759902323495
11658,-0.0364183531070868
11659,-0.0364975152062354
11660,-0.0364249241829299
11661,-0.0365040862820786
11662,-0.0364464491568158
11663,-0.0365256112559645
11664,-0.0031285863691309
11665,-0.0032077484682795
11666,-0.0031501113430168
11667,-0.0032292734421654
11668,-0.0031566824188599
11669,-0.0032358445180086
11670,-0.0031782073927458
11671,-0.0032573694918945
11672,0.0374501294666154
11673,0.0373709673674668
11674,0.0374286044927295
11675,0.0373494423935809
11676,0.0374220334168863
11677,0.0373428713177377
11678,0.0374005084430005
11679,0.0373213463438518
11680,-0.0774019542761525
11681,-0.0774811163753011
11682,-0.0774234792500383
11683,-0.077502641349187
11684,-0.0774300503258815
11685,-0.0775092124250302
11686,-0.0774515752997674
11687,-0.077530737398916
11688,-0.0368232384404061
11689,-0.0369024005395547
11690,-0.0368447634142919
11691,-0.0369239255134406
11692,-0.0368513344901351
11693,-0.0369304965892838
11694,-0.036872859464021
11695,-0.0369520215631696
11696,-0.0035549966763361
11697,-0.0036341587754847
11698,-0.0035765216502219
11699,-0.0036556837493706
11700,-0.0035830927260651
11701,-0.0036622548252138
11702,-0.003604617699951
11703,-0.0036837797990996
11704,0.0370237191594102
11705,0.0369445570602616
11706,0.0370021941855244
11707,0.0369230320863757
11708,0.0369956231096812
11709,0.0369164610105325
11710,0.0369740981357953
11711,0.0368949360366466
11712,-0.0734526426049238
11713,-0.0735318047040724
11714,-0.0734741675788097
11715,-0.0735533296779583
11716,-0.0734807386546529
11717,-0.0735599007538015
11718,-0.0735022636285387
11719,-0.0735814257276874
11720,-0.0328739267691774
11721,-0.0329530888683261
11722,-0.0328954517430633
11723,-0.0329746138422119
11724,-0.0329020228189065
11725,-0.0329811849180551
11726,-0.0329235477927924
11727,-0.033002709891941
11728,0.0003943149948925
11729,0.0003151528957438
11730,0.0003727900210066
11731,0.000293627921858
11732,0.0003662189451634
11733,0.0002870568460148
11734,0.0003446939712775
11735,0.0002655318721289
11736,0.0409730308306389
11737,0.0408938687314902
11738,0.040951505856753
11739,0.0408723437576044
11740,0.0409449347809098
11741,0.0408657726817612
11742,0.0409234098070239
11743,0.0408442477078753
11744,-0.073879052912129
11745,-0.0739582150112776
11746,-0.0739005778860149
11747,-0.0739797399851635
11748,-0.0739071489618581
11749,-0.0739863110610067
11750,-0.0739286739357439
11751,-0.0740078360348926
11752,-0.0333003370763826
11753,-0.0333794991755312
11754,-0.0333218620502685
11755,-0.0334010241494171
11756,-0.0333284331261117
11757,-0.0334075952252603
11758,-0.0333499580999975
11759,-0.0334291201991462
11760,-3.209531231265217e-05
11761,-0.0001112574114612
11762,-5.362028619853021e-05
11763,-0.0001327823853471
11764,-6.019136204171716e-05
11765,-0.0001393534611903
11766,-8.171633592759519e-05
11767,-0.0001608784350762
11768,0.0405466205234337
11769,0.0404674584242851
11770,0.0405250955495478
11771,0.0404459334503992
11772,0.0405185244737046
11773,0.040439362374556
11774,0.0404969994998187
11775,0.0404178374006701
11776,-0.0589779473914255
11777,-0.0590571094905741
11778,-0.0589994723653114
11779,-0.05907863446446
11780,-0.0590060434411546
11781,-0.0590852055403032
11782,-0.0590275684150404
11783,-0.0591067305141891
11784,-0.0183992315556791
11785,-0.0184783936548277
11786,-0.018420756529565
11787,-0.0184999186287136
11788,-0.0184273276054082
11789,-0.0185064897045568
11790,-0.0184488525792941
11791,-0.0185280146784427
11792,0.0148690102083908
11793,0.0147898481092421
11794,0.0148474852345049
11795,0.0147683231353563
11796,0.0148409141586617
11797,0.0147617520595131
11798,0.0148193891847758
11799,0.0147402270856272
11800,0.0554477260441372
11801,0.0553685639449885
11802,0.0554262010702513
11803,0.0553470389711027
11804,0.0554196299944081
11805,0.0553404678952595
11806,0.0553981050205222
11807,0.0553189429213736
11808,-0.0594043576986307
11809,-0.0594835197977793
11810,-0.0594258826725166
11811,-0.0595050447716652
11812,-0.0594324537483597
11813,-0.0595116158475084
11814,-0.0594539787222456
11815,-0.0595331408213943
11816,-0.0188256418628843
11817,-0.0189048039620329
11818,-0.0188471668367702
11819,-0.0189263289359188
11820,-0.0188537379126134
11821,-0.018932900011762
11822,-0.0188752628864992
11823,-0.0189544249856479
11824,0.0144425999011856
11825,0.014363437802037
11826,0.0144210749272997
11827,0.0143419128281511
11828,0.0144145038514565
11829,0.0143353417523079
11830,0.0143929788775707
11831,0.014313816778422
11832,0.055021315736932
11833,0.0549421536377834
11834,0.0549997907630461
11835,0.0549206286638975
11836,0.0549932196872029
11837,0.0549140575880543
11838,0.054971694713317
11839,0.0548925326141684
11840,-0.055455046027402
11841,-0.0555342081265507
11842,-0.0554765710012879
11843,-0.0555557331004366
11844,-0.0554831420771311
11845,-0.0555623041762797
11846,-0.055504667051017
11847,-0.0555838291501656
11848,-0.0148763301916557
11849,-0.0149554922908043
11850,-0.0148978551655415
11851,-0.0149770172646902
11852,-0.0149044262413847
11853,-0.0149835883405334
11854,-0.0149259512152706
11855,-0.0150051133144192
11856,0.0183919115724142
11857,0.0183127494732656
11858,0.0183703865985284
11859,0.0182912244993797
11860,0.0183638155226852
11861,0.0182846534235365
11862,0.0183422905487993
11863,0.0182631284496507
11864,0.0589706274081606
11865,0.058891465309012
11866,0.0589491024342748
11867,0.0588699403351261
11868,0.0589425313584316
11869,0.0588633692592829
11870,0.0589210063845457
11871,0.058841844285397
11872,-0.0558814563346072
11873,-0.0559606184337559
11874,-0.0559029813084931
11875,-0.0559821434076417
11876,-0.0559095523843363
11877,-0.0559887144834849
11878,-0.0559310773582222
11879,-0.0560102394573708
11880,-0.0153027404988608
11881,-0.0153819025980095
11882,-0.0153242654727467
11883,-0.0154034275718953
11884,-0.0153308365485899
11885,-0.0154099986477385
11886,-0.0153523615224758
11887,-0.0154315236216244
11888,0.0179655012652091
11889,0.0178863391660604
11890,0.0179439762913232
11891,0.0178648141921746
11892,0.01793740521548
11893,0.0178582431163314
11894,0.0179158802415941
11895,0.0178367181424455
11896,0.0585442171009554
11897,0.0584650550018068
11898,0.0585226921270696
11899,0.0584435300279209
11900,0.0585161210512264
11901,0.0584369589520778
11902,0.0584945960773405
11903,0.0584154339781919
11904,-0.059359032160689
11905,-0.0594381942598376
11906,-0.0593805571345748
11907,-0.0594597192337235
11908,-0.059387128210418
11909,-0.0594662903095667
11910,-0.0594086531843039
11911,-0.0594878152834525
11912,-0.0187803163249426
11913,-0.0188594784240912
11914,-0.0188018412988285
11915,-0.0188810033979771
11916,-0.0188084123746716
11917,-0.0188875744738203
11918,-0.0188299373485575
11919,-0.0189090994477062
11920,0.0144879254391273
11921,0.0144087633399787
11922,0.0144664004652414
11923,0.0143872383660928
11924,0.0144598293893983
11925,0.0143806672902496
11926,0.0144383044155124
11927,0.0143591423163637
11928,0.0550666412748737
11929,0.0549874791757251
11930,0.0550451163009878
11931,0.0549659542018392
11932,0.0550385452251446
11933,0.054959383125996
11934,0.0550170202512588
11935,0.0549378581521101
11936,-0.0597854424678942
11937,-0.0598646045670428
11938,-0.05980696744178
11939,-0.0598861295409287
11940,-0.0598135385176232
11941,-0.0598927006167719
11942,-0.0598350634915091
11943,-0.0599142255906577
11944,-0.0192067266321478
11945,-0.0192858887312964
11946,-0.0192282516060336
11947,-0.0193074137051823
11948,-0.0192348226818768
11949,-0.0193139847810255
11950,-0.0192563476557627
11951,-0.0193355097549113
11952,0.0140615151319221
11953,0.0139823530327735
11954,0.0140399901580363
11955,0.0139608280588876
11956,0.0140334190821931
11957,0.0139542569830444
11958,0.0140118941083072
11959,0.0139327320091586
11960,0.0546402309676685
11961,0.0545610688685199
11962,0.0546187059937826
11963,0.054539543894634
11964,0.0546121349179395
11965,0.0545329728187908
11966,0.0545906099440536
11967,0.0545114478449049
11968,-0.0558361307966655
11969,-0.0559152928958141
11970,-0.0558576557705514
11971,-0.0559368178697
11972,-0.0558642268463946
11973,-0.0559433889455432
11974,-0.0558857518202805
11975,-0.0559649139194291
11976,-0.0152574149609191
11977,-0.0153365770600678
11978,-0.015278939934805
11979,-0.0153581020339536
11980,-0.0152855110106482
11981,-0.0153646731097968
11982,-0.0153070359845341
11983,-0.0153861980836827
11984,0.0180108268031508
11985,0.0179316647040021
11986,0.0179893018292649
11987,0.0179101397301163
11988,0.0179827307534217
11989,0.0179035686542731
11990,0.0179612057795358
11991,0.0178820436803872
11992,0.0585895426388972
11993,0.0585103805397485
11994,0.0585680176650113
11995,0.0584888555658627
11996,0.0585614465891681
11997,0.0584822844900195
11998,0.0585399216152822
11999,0.0584607595161336
12000,-0.0562625411038707
12001,-0.0563417032030193
12002,-0.0562840660777566
12003,-0.0563632281769052
12004,-0.0562906371535998
12005,-0.0563697992527484
12006,-0.0563121621274856
12007,-0.0563913242266343
12008,-0.0156838252681243
12009,-0.0157629873672729
12010,-0.0157053502420102
12011,-0.0157845123411588
12012,-0.0157119213178534
12013,-0.015791083417002
12014,-0.0157334462917392
12015,-0.0158126083908879
12016,0.0175844164959456
12017,0.017505254396797
12018,0.0175628915220597
12019,0.0174837294229111
12020,0.0175563204462165
12021,0.0174771583470679
12022,0.0175347954723307
12023,0.017455633373182
12024,0.058163132331692
12025,0.0580839702325433
12026,0.0581416073578061
12027,0.0580624452586575
12028,0.0581350362819629
12029,0.0580558741828143
12030,0.058113511308077
12031,0.0580343492089284
12032,-0.0540063237299408
12033,-0.0540854858290895
12034,-0.0540278487038267
12035,-0.0541070108029753
12036,-0.0540344197796699
12037,-0.0541135818788185
12038,-0.0540559447535558
12039,-0.0541351068527044
12040,-0.0134276078941944
12041,-0.0135067699933431
12042,-0.0134491328680803
12043,-0.0135282949672289
12044,-0.0134557039439235
12045,-0.0135348660430721
12046,-0.0134772289178094
12047,-0.013556391016958
12048,0.0198406338698755
12049,0.0197614717707268
12050,0.0198191088959896
12051,0.0197399467968409
12052,0.0198125378201464
12053,0.0197333757209978
12054,0.0197910128462605
12055,0.0197118507471119
12056,0.0604193497056218
12057,0.0603401876064732
12058,0.060397824731736
12059,0.0603186626325873
12060,0.0603912536558928
12061,0.0603120915567442
12062,0.0603697286820069
12063,0.0602905665828583
12064,-0.054432734037146
12065,-0.0545118961362946
12066,-0.0544542590110319
12067,-0.0545334211101805
12068,-0.0544608300868751
12069,-0.0545399921860237
12070,-0.054482355060761
12071,-0.0545615171599096
12072,-0.0138540182013996
12073,-0.0139331803005483
12074,-0.0138755431752855
12075,-0.0139547052744341
12076,-0.0138821142511287
12077,-0.0139612763502773
12078,-0.0139036392250146
12079,-0.0139828013241632
12080,0.0194142235626703
12081,0.0193350614635216
12082,0.0193926985887844
12083,0.0193135364896358
12084,0.0193861275129412
12085,0.0193069654137926
12086,0.0193646025390553
12087,0.0192854404399067
12088,0.0599929393984167
12089,0.059913777299268
12090,0.0599714144245308
12091,0.0598922523253821
12092,0.0599648433486876
12093,0.059885681249539
12094,0.0599433183748017
12095,0.0598641562756531
12096,-0.0504834223659174
12097,-0.050562584465066
12098,-0.0505049473398032
12099,-0.0505841094389519
12100,-0.0505115184156464
12101,-0.0505906805147951
12102,-0.0505330433895323
12103,-0.0506122054886809
12104,-0.009904706530171
12105,-0.0099838686293196
12106,-0.0099262315040569
12107,-0.0100053936032055
12108,-0.0099328025799
12109,-0.0100119646790487
12110,-0.0099543275537859
12111,-0.0100334896529346
12112,0.0233635352338989
12113,0.0232843731347503
12114,0.023342010260013
12115,0.0232628481608644
12116,0.0233354391841699
12117,0.0232562770850212
12118,0.023313914210284
12119,0.0232347521111353
12120,0.0639422510696453
12121,0.0638630889704967
12122,0.0639207260957594
12123,0.0638415639966108
12124,0.0639141550199162
12125,0.0638349929207676
12126,0.0638926300460304
12127,0.0638134679468817
12128,-0.0509098326731225
12129,-0.0509889947722712
12130,-0.0509313576470084
12131,-0.0510105197461571
12132,-0.0509379287228516
12133,-0.0510170908220002
12134,-0.0509594536967375
12135,-0.0510386157958861
12136,-0.0103311168373762
12137,-0.0104102789365248
12138,-0.010352641811262
12139,-0.0104318039104107
12140,-0.0103592128871052
12141,-0.0104383749862539
12142,-0.0103807378609911
12143,-0.0104598999601397
12144,0.0229371249266937
12145,0.0228579628275451
12146,0.0229155999528079
12147,0.0228364378536592
12148,0.0229090288769647
12149,0.022829866777816
12150,0.0228875039030788
12151,0.0228083418039302
12152,0.0635158407624401
12153,0.0634366786632915
12154,0.0634943157885543
12155,0.0634151536894056
12156,0.0634877447127111
12157,0.0634085826135624
12158,0.0634662197388252
12159,0.0633870576396765
12160,-0.0543874084992043
12161,-0.0544665705983529
12162,-0.0544089334730902
12163,-0.0544880955722388
12164,-0.0544155045489334
12165,-0.054494666648082
12166,-0.0544370295228192
12167,-0.0545161916219679
12168,-0.0138086926634579
12169,-0.0138878547626065
12170,-0.0138302176373438
12171,-0.0139093797364924
12172,-0.013836788713187
12173,-0.0139159508123356
12174,-0.0138583136870728
12175,-0.0139374757862215
12176,0.019459549100612
12177,0.0193803870014634
12178,0.0194380241267261
12179,0.0193588620275775
12180,0.0194314530508829
12181,0.0193522909517343
12182,0.0194099280769971
12183,0.0193307659778484
12184,0.0600382649363584
12185,0.0599591028372097
12186,0.0600167399624725
12187,0.0599375778633239
12188,0.0600101688866293
12189,0.0599310067874807
12190,0.0599886439127434
12191,0.0599094818135948
12192,-0.0548138188064095
12193,-0.0548929809055581
12194,-0.0548353437802954
12195,-0.054914505879444
12196,-0.0548419148561385
12197,-0.0549210769552872
12198,-0.0548634398300244
12199,-0.0549426019291731
12200,-0.0142351029706631
12201,-0.0143142650698117
12202,-0.014256627944549
12203,-0.0143357900436976
12204,-0.0142631990203921
12205,-0.0143423611195408
12206,-0.014284723994278
12207,-0.0143638860934267
12208,0.0190331387934068
12209,0.0189539766942582
12210,0.0190116138195209
12211,0.0189324517203723
12212,0.0190050427436777
12213,0.0189258806445291
12214,0.0189835177697919
12215,0.0189043556706432
12216,0.0596118546291532
12217,0.0595326925300046
12218,0.0595903296552673
12219,0.0595111675561187
12220,0.0595837585794241
12221,0.0595045964802755
12222,0.0595622336055382
12223,0.0594830715063896
12224,-0.0508645071351808
12225,-0.0509436692343295
12226,-0.0508860321090667
12227,-0.0509651942082153
12228,-0.0508926031849099
12229,-0.0509717652840585
12230,-0.0509141281587958
12231,-0.0509932902579444
12232,-0.0102857912994344
12233,-0.0103649533985831
12234,-0.0103073162733203
12235,-0.010386478372469
12236,-0.0103138873491635
12237,-0.0103930494483121
12238,-0.0103354123230494
12239,-0.010414574422198
12240,0.0229824504646355
12241,0.0229032883654868
12242,0.0229609254907496
12243,0.0228817633916009
12244,0.0229543544149064
12245,0.0228751923157578
12246,0.0229328294410205
12247,0.0228536673418719
12248,0.0635611663003819
12249,0.0634820042012332
12250,0.063539641326496
12251,0.0634604792273473
12252,0.0635330702506528
12253,0.0634539081515041
12254,0.0635115452767669
12255,0.0634323831776183
12256,-0.051290917442386
12257,-0.0513700795415347
12258,-0.0513124424162719
12259,-0.0513916045154205
12260,-0.0513190134921151
12261,-0.0513981755912637
12262,-0.051340538466001
12263,-0.0514197005651496
12264,-0.0107122016066396
12265,-0.0107913637057883
12266,-0.0107337265805255
12267,-0.0108128886796741
12268,-0.0107402976563687
12269,-0.0108194597555173
12270,-0.0107618226302546
12271,-0.0108409847294032
12272,0.0225560401574303
12273,0.0224768780582816
12274,0.0225345151835444
12275,0.0224553530843958
12276,0.0225279441077012
12277,0.0224487820085526
12278,0.0225064191338153
12279,0.0224272570346667
12280,0.0631347559931767
12281,0.063055593894028
12282,0.0631132310192908
12283,0.0630340689201422
12284,0.0631066599434476
12285,0.063027497844299
12286,0.0630851349695617
12287,0.0630059728704131
12288,-0.0631540180395489
12289,-0.0632331801386975
12290,-0.0631755430134348
12291,-0.0632547051125834
12292,-0.0631821140892779
12293,-0.0632612761884266
12294,-0.0632036390631638
12295,-0.0632828011623124
12296,-0.0225753022038025
12297,-0.0226544643029511
12298,-0.0225968271776884
12299,-0.022675989276837
12300,-0.0226033982535315
12301,-0.0226825603526802
12302,-0.0226249232274174
12303,-0.0227040853265661
12304,0.0106929395602674
12305,0.0106137774611188
12306,0.0106714145863815
12307,0.0105922524872329
12308,0.0106648435105384
12309,0.0105856814113897
12310,0.0106433185366525
12311,0.0105641564375038
12312,0.0512716553960138
12313,0.0511924932968652
12314,0.0512501304221279
12315,0.0511709683229793
12316,0.0512435593462847
12317,0.0511643972471361
12318,0.0512220343723989
12319,0.0511428722732502
12320,-0.063580428346754
12321,-0.0636595904459027
12322,-0.0636019533206399
12323,-0.0636811154197886
12324,-0.0636085243964831
12325,-0.0636876864956318
12326,-0.063630049370369
12327,-0.0637092114695176
12328,-0.0230017125110077
12329,-0.0230808746101563
12330,-0.0230232374848935
12331,-0.0231023995840422
12332,-0.0230298085607367
12333,-0.0231089706598854
12334,-0.0230513335346226
12335,-0.0231304956337712
12336,0.0102665292530622
12337,0.0101873671539136
12338,0.0102450042791764
12339,0.0101658421800277
12340,0.0102384332033332
12341,0.0101592711041845
12342,0.0102169082294473
12343,0.0101377461302987
12344,0.0508452450888086
12345,0.05076608298966
12346,0.0508237201149227
12347,0.0507445580157741
12348,0.0508171490390796
12349,0.0507379869399309
12350,0.0507956240651937
12351,0.050716461966045
12352,-0.0596311166755254
12353,-0.059710278774674
12354,-0.0596526416494113
12355,-0.0597318037485599
12356,-0.0596592127252545
12357,-0.0597383748244031
12358,-0.0596807376991404
12359,-0.059759899798289
12360,-0.019052400839779
12361,-0.0191315629389277
12362,-0.0190739258136649
12363,-0.0191530879128135
12364,-0.0190804968895081
12365,-0.0191596589886567
12366,-0.019102021863394
12367,-0.0191811839625426
12368,0.0142158409242909
12369,0.0141366788251422
12370,0.014194315950405
12371,0.0141151538512564
12372,0.0141877448745618
12373,0.0141085827754132
12374,0.0141662199006759
12375,0.0140870578015273
12376,0.0547945567600373
12377,0.0547153946608886
12378,0.0547730317861514
12379,0.0546938696870028
12380,0.0547664607103082
12381,0.0546872986111596
12382,0.0547449357364223
12383,0.0546657736372737
12384,-0.0600575269827306
12385,-0.0601366890818792
12386,-0.0600790519566165
12387,-0.0601582140557651
12388,-0.0600856230324596
12389,-0.0601647851316083
12390,-0.0601071480063455
12391,-0.0601863101054942
12392,-0.0194788111469842
12393,-0.0195579732461328
12394,-0.0195003361208701
12395,-0.0195794982200187
12396,-0.0195069071967133
12397,-0.0195860692958619
12398,-0.0195284321705991
12399,-0.0196075942697478
12400,0.0137894306170857
12401,0.0137102685179371
12402,0.0137679056431998
12403,0.0136887435440512
12404,0.0137613345673566
12405,0.013682172468208
12406,0.0137398095934708
12407,0.0136606474943221
12408,0.0543681464528321
12409,0.0542889843536834
12410,0.0543466214789462
12411,0.0542674593797976
12412,0.054340050403103
12413,0.0542608883039544
12414,0.0543185254292171
12415,0.0542393633300685
12416,-0.0635351028088123
12417,-0.063614264907961
12418,-0.0635566277826982
12419,-0.0636357898818469
12420,-0.0635631988585414
12421,-0.06364236095769
12422,-0.0635847238324273
12423,-0.0636638859315759
12424,-0.0229563869730659
12425,-0.0230355490722146
12426,-0.0229779119469518
12427,-0.0230570740461005
12428,-0.022984483022795
12429,-0.0230636451219437
12430,-0.0230060079966809
12431,-0.0230851700958295
12432,0.0103118547910039
12433,0.0102326926918553
12434,0.0102903298171181
12435,0.0102111677179694
12436,0.0102837587412749
12437,0.0102045966421262
12438,0.010262233767389
12439,0.0101830716682404
12440,0.0508905706267503
12441,0.0508114085276017
12442,0.0508690456528645
12443,0.0507898835537158
12444,0.0508624745770213
12445,0.0507833124778726
12446,0.0508409496031354
12447,0.0507617875039868
12448,-0.0639615131160175
12449,-0.0640406752151662
12450,-0.0639830380899034
12451,-0.064062200189052
12452,-0.0639896091657466
12453,-0.0640687712648952
12454,-0.0640111341396325
12455,-0.0640902962387811
12456,-0.0233827972802711
12457,-0.0234619593794198
12458,-0.023404322254157
12459,-0.0234834843533056
12460,-0.0234108933300002
12461,-0.0234900554291488
12462,-0.0234324183038861
12463,-0.0235115804030347
12464,0.0098854444837988
12465,0.0098062823846501
12466,0.0098639195099129
12467,0.0097847574107643
12468,0.0098573484340697
12469,0.0097781863349211
12470,0.0098358234601838
12471,0.0097566613610352
12472,0.0504641603195452
12473,0.0503849982203965
12474,0.0504426353456593
12475,0.0503634732465106
12476,0.0504360642698161
12477,0.0503569021706674
12478,0.0504145392959302
12479,0.0503353771967816
12480,-0.0600122014447889
12481,-0.0600913635439375
12482,-0.0600337264186747
12483,-0.0601128885178234
12484,-0.0600402974945179
12485,-0.0601194595936666
12486,-0.0600618224684038
12487,-0.0601409845675525
12488,-0.0194334856090425
12489,-0.0195126477081911
12490,-0.0194550105829284
12491,-0.019534172682077
12492,-0.0194615816587716
12493,-0.0195407437579202
12494,-0.0194831066326574
12495,-0.0195622687318061
12496,0.0138347561550274
12497,0.0137555940558788
12498,0.0138132311811415
12499,0.0137340690819929
12500,0.0138066601052983
12501,0.0137274980061497
12502,0.0137851351314125
12503,0.0137059730322638
12504,0.0544134719907738
12505,0.0543343098916252
12506,0.0543919470168879
12507,0.0543127849177393
12508,0.0543853759410447
12509,0.0543062138418961
12510,0.0543638509671589
12511,0.0542846888680102
12512,-0.0604386117519941
12513,-0.0605177738511427
12514,-0.0604601367258799
12515,-0.0605392988250286
12516,-0.0604667078017231
12517,-0.0605458699008718
12518,-0.060488232775609
12519,-0.0605673948747576
12520,-0.0198598959162477
12521,-0.0199390580153963
12522,-0.0198814208901336
12523,-0.0199605829892822
12524,-0.0198879919659767
12525,-0.0199671540651254
12526,-0.0199095169398626
12527,-0.0199886790390113
12528,0.0134083458478222
12529,0.0133291837486736
12530,0.0133868208739363
12531,0.0133076587747877
12532,0.0133802497980932
12533,0.0133010876989445
12534,0.0133587248242073
12535,0.0132795627250586
12536,0.0539870616835686
12537,0.05390789958442
12538,0.0539655367096827
12539,0.0538863746105341
12540,0.0539589656338395
12541,0.0538798035346909
12542,0.0539374406599537
12543,0.053858278560805
12544,-0.0581823943780642
12545,-0.0582615564772128
12546,-0.0582039193519501
12547,-0.0582830814510987
12548,-0.0582104904277932
12549,-0.0582896525269419
12550,-0.0582320154016791
12551,-0.0583111775008278
12552,-0.0176036785423178
12553,-0.0176828406414664
12554,-0.0176252035162037
12555,-0.0177043656153523
12556,-0.0176317745920469
12557,-0.0177109366911955
12558,-0.0176532995659327
12559,-0.0177324616650814
12560,0.0156645632217521
12561,0.0155854011226035
12562,0.0156430382478662
12563,0.0155638761487176
12564,0.015636467172023
12565,0.0155573050728744
12566,0.0156149421981372
12567,0.0155357800989885
12568,0.0562432790574985
12569,0.0561641169583498
12570,0.0562217540836126
12571,0.056142591984464
12572,0.0562151830077694
12573,0.0561360209086208
12574,0.0561936580338835
12575,0.0561144959347349
12576,-0.0586088046852694
12577,-0.058687966784418
12578,-0.0586303296591553
12579,-0.0587094917583039
12580,-0.0586369007349984
12581,-0.0587160628341471
12582,-0.0586584257088843
12583,-0.0587375878080329
12584,-0.018030088849523
12585,-0.0181092509486716
12586,-0.0180516138234089
12587,-0.0181307759225575
12588,-0.018058184899252
12589,-0.0181373469984007
12590,-0.0180797098731379
12591,-0.0181588719722866
12592,0.0152381529145469
12593,0.0151589908153983
12594,0.015216627940661
12595,0.0151374658415124
12596,0.0152100568648178
12597,0.0151308947656692
12598,0.015188531890932
12599,0.0151093697917833
12600,0.0558168687502933
12601,0.0557377066511447
12602,0.0557953437764074
12603,0.0557161816772588
12604,0.0557887727005642
12605,0.0557096106014156
12606,0.0557672477266784
12607,0.0556880856275297
12608,-0.0546594930140407
12609,-0.0547386551131894
12610,-0.0546810179879266
12611,-0.0547601800870752
12612,-0.0546875890637698
12613,-0.0547667511629184
12614,-0.0547091140376557
12615,-0.0547882761368043
12616,-0.0140807771782943
12617,-0.014159939277443
12618,-0.0141023021521802
12619,-0.0141814642513289
12620,-0.0141088732280234
12621,-0.014188035327172
12622,-0.0141303982019093
12623,-0.0142095603010579
12624,0.0191874645857756
12625,0.0191083024866269
12626,0.0191659396118897
12627,0.019086777512741
12628,0.0191593685360465
12629,0.0190802064368979
12630,0.0191378435621606
12631,0.019058681463012
12632,0.0597661804215219
12633,0.0596870183223733
12634,0.0597446554476361
12635,0.0596654933484874
12636,0.0597380843717929
12637,0.0596589222726442
12638,0.059716559397907
12639,0.0596373972987584
12640,-0.0550859033212459
12641,-0.0551650654203945
12642,-0.0551074282951318
12643,-0.0551865903942804
12644,-0.055113999370975
12645,-0.0551931614701236
12646,-0.0551355243448609
12647,-0.0552146864440095
12648,-0.0145071874854995
12649,-0.0145863495846482
12650,-0.0145287124593854
12651,-0.014607874558534
12652,-0.0145352835352286
12653,-0.0146144456343772
12654,-0.0145568085091145
12655,-0.0146359706082631
12656,0.0187610542785704
12657,0.0186818921794217
12658,0.0187395293046845
12659,0.0186603672055359
12660,0.0187329582288413
12661,0.0186537961296927
12662,0.0187114332549554
12663,0.0186322711558068
12664,0.0593397701143168
12665,0.0592606080151681
12666,0.0593182451404309
12667,0.0592390830412822
12668,0.0593116740645877
12669,0.0592325119654391
12670,0.0592901490907018
12671,0.0592109869915532
12672,-0.0585634791473277
12673,-0.0586426412464763
12674,-0.0585850041212135
12675,-0.0586641662203622
12676,-0.0585915751970567
12677,-0.0586707372962054
12678,-0.0586131001709426
12679,-0.0586922622700912
12680,-0.0179847633115813
12681,-0.0180639254107299
12682,-0.0180062882854671
12683,-0.0180854503846158
12684,-0.0180128593613103
12685,-0.018092021460459
12686,-0.0180343843351962
12687,-0.0181135464343448
12688,0.0152834784524886
12689,0.01520431635334
12690,0.0152619534786027
12691,0.0151827913794541
12692,0.0152553824027596
12693,0.0151762203036109
12694,0.0152338574288737
12695,0.015154695329725
12696,0.055862194288235
12697,0.0557830321890864
12698,0.0558406693143491
12699,0.0557615072152005
12700,0.055834098238506
12701,0.0557549361393573
12702,0.0558125732646201
12703,0.0557334111654714
12704,-0.0589898894545328
12705,-0.0590690515536815
12706,-0.0590114144284187
12707,-0.0590905765275674
12708,-0.0590179855042619
12709,-0.0590971476034105
12710,-0.0590395104781478
12711,-0.0591186725772964
12712,-0.0184111736187865
12713,-0.0184903357179351
12714,-0.0184326985926723
12715,-0.018511860691821
12716,-0.0184392696685155
12717,-0.0185184317676642
12718,-0.0184607946424014
12719,-0.01853995674155
12720,0.0148570681452834
12721,0.0147779060461348
12722,0.0148355431713976
12723,0.0147563810722489
12724,0.0148289720955544
12725,0.0147498099964057
12726,0.0148074471216685
12727,0.0147282850225199
12728,0.0554357839810298
12729,0.0553566218818812
12730,0.055414259007144
12731,0.0553350969079953
12732,0.0554076879313008
12733,0.0553285258321521
12734,0.0553861629574149
12735,0.0553070008582663
12736,-0.0550405777833042
12737,-0.0551197398824528
12738,-0.0550621027571901
12739,-0.0551412648563387
12740,-0.0550686738330333
12741,-0.0551478359321819
12742,-0.0550901988069191
12743,-0.0551693609060678
12744,-0.0144618619475578
12745,-0.0145410240467064
12746,-0.0144833869214437
12747,-0.0145625490205923
12748,-0.0144899579972869
12749,-0.0145691200964355
12750,-0.0145114829711728
12751,-0.0145906450703214
12752,0.0188063798165121
12753,0.0187272177173635
12754,0.0187848548426262
12755,0.0187056927434776
12756,0.018778283766783
12757,0.0186991216676344
12758,0.0187567587928971
12759,0.0186775966937485
12760,0.0593850956522585
12761,0.0593059335531098
12762,0.0593635706783726
12763,0.059284408579224
12764,0.0593569996025294
12765,0.0592778375033808
12766,0.0593354746286435
12767,0.0592563125294949
12768,-0.0554669880905094
12769,-0.055546150189658
12770,-0.0554885130643953
12771,-0.0555676751635439
12772,-0.0554950841402384
12773,-0.0555742462393871
12774,-0.0555166091141243
12775,-0.055595771213273
12776,-0.014888272254763
12777,-0.0149674343539116
12778,-0.0149097972286489
12779,-0.0149889593277975
12780,-0.0149163683044921
12781,-0.0149955304036407
12782,-0.0149378932783779
12783,-0.0150170553775266
12784,0.0183799695093069
12785,0.0183008074101583
12786,0.018358444535421
12787,0.0182792824362724
12788,0.0183518734595778
12789,0.0182727113604292
12790,0.018330348485692
12791,0.0182511863865433
12792,0.0589586853450533
12793,0.0588795232459047
12794,0.0589371603711674
12795,0.0588579982720188
12796,0.0589305892953242
12797,0.0588514271961756
12798,0.0589090643214383
12799,0.0588299022222897
12800,-0.0405658825698059
12801,-0.0406450446689545
12802,-0.0405874075436918
12803,-0.0406665696428404
12804,-0.040593978619535
12805,-0.0406731407186836
12806,-0.0406155035934208
12807,-0.0406946656925695
12808,1.2833265940444724e-05
12809,-6.632883320819201e-05
12810,-8.691707945433318e-06
12811,-8.785380709407006e-05
12812,-1.5262783788620263e-05
12813,-9.4424882937257e-05
12814,-3.67877576744983e-05
12815,-0.0001159498568231
12816,0.0332810750300104
12817,0.0332019129308618
12818,0.0332595500561245
12819,0.0331803879569759
12820,0.0332529789802813
12821,0.0331738168811327
12822,0.0332314540063954
12823,0.0331522919072468
12824,0.0738597908657568
12825,0.0737806287666082
12826,0.0738382658918709
12827,0.0737591037927223
12828,0.0738316948160277
12829,0.0737525327168791
12830,0.0738101698421418
12831,0.0737310077429932
12832,-0.0409922928770111
12833,-0.0410714549761597
12834,-0.041013817850897
12835,-0.0410929799500456
12836,-0.0410203889267401
12837,-0.0410995510258888
12838,-0.041041913900626
12839,-0.0411210759997747
12840,-0.0004135770412647
12841,-0.0004927391404133
12842,-0.0004351020151506
12843,-0.0005142641142992
12844,-0.0004416730909938
12845,-0.0005208351901424
12846,-0.0004631980648796
12847,-0.0005423601640283
12848,0.0328546647228052
12849,0.0327755026236566
12850,0.0328331397489193
12851,0.0327539776497707
12852,0.0328265686730761
12853,0.0327474065739275
12854,0.0328050436991903
12855,0.0327258816000416
12856,0.0734333805585516
12857,0.073354218459403
12858,0.0734118555846657
12859,0.0733326934855171
12860,0.0734052845088225
12861,0.0733261224096739
12862,0.0733837595349367
12863,0.073304597435788
12864,-0.0370429812057824
12865,-0.0371221433049311
12866,-0.0370645061796683
12867,-0.0371436682788169
12868,-0.0370710772555115
12869,-0.0371502393546601
12870,-0.0370926022293974
12871,-0.037171764328546
12872,0.0035357346299639
12873,0.0034565725308152
12874,0.003514209656078
12875,0.0034350475569293
12876,0.0035076385802348
12877,0.0034284764810862
12878,0.0034861136063489
12879,0.0034069515072003
12880,0.0368039763940339
12881,0.0367248142948852
12882,0.036782451420148
12883,0.0367032893209993
12884,0.0367758803443048
12885,0.0366967182451562
12886,0.0367543553704189
12887,0.0366751932712703
12888,0.0773826922297802
12889,0.0773035301306316
12890,0.0773611672558944
12891,0.0772820051567457
12892,0.0773545961800512
12893,0.0772754340809025
12894,0.0773330712061653
12895,0.0772539091070167
12896,-0.0374693915129876
12897,-0.0375485536121363
12898,-0.0374909164868735
12899,-0.0375700785860221
12900,-0.0374974875627167
12901,-0.0375766496618653
12902,-0.0375190125366026
12903,-0.0375981746357512
12904,0.0031093243227587
12905,0.00303016222361
12906,0.0030877993488728
12907,0.0030086372497242
12908,0.0030812282730296
12909,0.003002066173881
12910,0.0030597032991437
12911,0.0029805411999951
12912,0.0363775660868287
12913,0.03629840398768
12914,0.0363560411129428
12915,0.0362768790137942
12916,0.0363494700370996
12917,0.036270307937951
12918,0.0363279450632137
12919,0.0362487829640651
12920,0.076956281922575
12921,0.0768771198234264
12922,0.0769347569486892
12923,0.0768555948495405
12924,0.076928185872846
12925,0.0768490237736974
12926,0.0769066608989601
12927,0.0768274987998115
12928,-0.0409469673390694
12929,-0.041026129438218
12930,-0.0409684923129552
12931,-0.0410476544121039
12932,-0.0409750633887984
12933,-0.0410542254879471
12934,-0.0409965883626843
12935,-0.0410757504618329
12936,-0.000368251503323
12937,-0.0004474136024716
12938,-0.0003897764772089
12939,-0.0004689385763575
12940,-0.000396347553052
12941,-0.0004755096522007
12942,-0.0004178725269379
12943,-0.0004970346260866
12944,0.0328999902607469
12945,0.0328208281615983
12946,0.032878465286861
12947,0.0327993031877124
12948,0.0328718942110179
12949,0.0327927321118692
12950,0.032850369237132
12951,0.0327712071379833
12952,0.0734787060964933
12953,0.0733995439973447
12954,0.0734571811226074
12955,0.0733780190234588
12956,0.0734506100467642
12957,0.0733714479476156
12958,0.0734290850728784
12959,0.0733499229737297
12960,-0.0413733776462745
12961,-0.0414525397454232
12962,-0.0413949026201604
12963,-0.0414740647193091
12964,-0.0414014736960036
12965,-0.0414806357951522
12966,-0.0414229986698895
12967,-0.0415021607690381
12968,-0.0007946618105282
12969,-0.0008738239096768
12970,-0.000816186784414
12971,-0.0008953488835627
12972,-0.0008227578602572
12973,-0.0009019199594059
12974,-0.0008442828341431
12975,-0.0009234449332917
12976,0.0324735799535417
12977,0.0323944178543931
12978,0.0324520549796559
12979,0.0323728928805072
12980,0.0324454839038127
12981,0.032366321804664
12982,0.0324239589299268
12983,0.0323447968307782
12984,0.0730522957892881
12985,0.0729731336901395
12986,0.0730307708154023
12987,0.0729516087162536
12988,0.0730241997395591
12989,0.0729450376404104
12990,0.0730026747656732
12991,0.0729235126665246
12992,-0.0374240659750459
12993,-0.0375032280741945
12994,-0.0374455909489318
12995,-0.0375247530480804
12996,-0.037452162024775
12997,-0.0375313241239236
12998,-0.0374736869986608
12999,-0.0375528490978095
13000,0.0031546498607004
13001,0.0030754877615517
13002,0.0031331248868145
13003,0.0030539627876659
13004,0.0031265538109713
13005,0.0030473917118227
13006,0.0031050288370854
13007,0.0030258667379368
13008,0.0364228916247704
13009,0.0363437295256217
13010,0.0364013666508845
13011,0.0363222045517359
13012,0.0363947955750413
13013,0.0363156334758927
13014,0.0363732706011554
13015,0.0362941085020068
13016,0.0770016074605168
13017,0.0769224453613681
13018,0.0769800824866309
13019,0.0769009203874823
13020,0.0769735114107877
13021,0.0768943493116391
13022,0.0769519864369018
13023,0.0768728243377532
13024,-0.0378504762822511
13025,-0.0379296383813997
13026,-0.037872001256137
13027,-0.0379511633552856
13028,-0.0378785723319802
13029,-0.0379577344311288
13030,-0.037900097305866
13031,-0.0379792594050147
13032,0.0027282395534952
13033,0.0026490774543466
13034,0.0027067145796093
13035,0.0026275524804607
13036,0.0027001435037661
13037,0.0026209814046175
13038,0.0026786185298803
13039,0.0025994564307316
13040,0.0359964813175652
13041,0.0359173192184166
13042,0.0359749563436793
13043,0.0358957942445307
13044,0.0359683852678361
13045,0.0358892231686875
13046,0.0359468602939503
13047,0.0358676981948016
13048,0.0765751971533116
13049,0.0764960350541629
13050,0.0765536721794257
13051,0.0764745100802771
13052,0.0765471011035825
13053,0.0764679390044339
13054,0.0765255761296967
13055,0.076446414030548
13056,-0.0355942589083212
13057,-0.0356734210074699
13058,-0.0356157838822071
13059,-0.0356949459813557
13060,-0.0356223549580503
13061,-0.0357015170571989
13062,-0.0356438799319362
13063,-0.0357230420310848
13064,0.0049844569274251
13065,0.0049052948282764
13066,0.0049629319535392
13067,0.0048837698543906
13068,0.004956360877696
13069,0.0048771987785474
13070,0.0049348359038101
13071,0.0048556738046615
13072,0.0382526986914951
13073,0.0381735365923464
13074,0.0382311737176092
13075,0.0381520116184606
13076,0.038224602641766
13077,0.0381454405426174
13078,0.0382030776678801
13079,0.0381239155687315
13080,0.0788314145272414
13081,0.0787522524280928
13082,0.0788098895533556
13083,0.0787307274542069
13084,0.0788033184775124
13085,0.0787241563783638
13086,0.0787817935036265
13087,0.0787026314044779
13088,-0.0360206692155264
13089,-0.036099831314675
13090,-0.0360421941894123
13091,-0.0361213562885609
13092,-0.0360487652652555
13093,-0.0361279273644041
13094,-0.0360702902391413
13095,-0.03614945233829
13096,0.0045580466202199
13097,0.0044788845210713
13098,0.004536521646334
13099,0.0044573595471854
13100,0.0045299505704908
13101,0.0044507884713422
13102,0.0045084255966049
13103,0.0044292634974563
13104,0.0378262883842899
13105,0.0377471262851413
13106,0.037804763410404
13107,0.0377256013112554
13108,0.0377981923345608
13109,0.0377190302354122
13110,0.0377766673606749
13111,0.0376975052615263
13112,0.0784050042200363
13113,0.0783258421208876
13114,0.0783834792461504
13115,0.0783043171470017
13116,0.0783769081703072
13117,0.0782977460711586
13118,0.0783553831964213
13119,0.0782762210972727
13120,-0.0320713575442978
13121,-0.0321505196434464
13122,-0.0320928825181836
13123,-0.0321720446173323
13124,-0.0320994535940268
13125,-0.0321786156931755
13126,-0.0321209785679127
13127,-0.0322001406670613
13128,0.0085073582914485
13129,0.0084281961922999
13130,0.0084858333175627
13131,0.008406671218414
13132,0.0084792622417195
13133,0.0084001001425708
13134,0.0084577372678336
13135,0.008378575168685
13136,0.0417756000555185
13137,0.0416964379563699
13138,0.0417540750816326
13139,0.041674912982484
13140,0.0417475040057895
13141,0.0416683419066408
13142,0.0417259790319036
13143,0.0416468169327549
13144,0.0823543158912649
13145,0.0822751537921163
13146,0.082332790917379
13147,0.0822536288182304
13148,0.0823262198415358
13149,0.0822470577423872
13150,0.08230469486765
13151,0.0822255327685013
13152,-0.0324977678515029
13153,-0.0325769299506516
13154,-0.0325192928253888
13155,-0.0325984549245375
13156,-0.032525863901232
13157,-0.0326050260003806
13158,-0.0325473888751179
13159,-0.0326265509742665
13160,0.0080809479842433
13161,0.0080017858850947
13162,0.0080594230103575
13163,0.0079802609112088
13164,0.0080528519345143
13165,0.0079736898353656
13166,0.0080313269606284
13167,0.0079521648614798
13168,0.0413491897483133
13169,0.0412700276491647
13170,0.0413276647744275
13171,0.0412485026752788
13172,0.0413210936985843
13173,0.0412419315994356
13174,0.0412995687246984
13175,0.0412204066255498
13176,0.0819279055840597
13177,0.0818487434849111
13178,0.0819063806101739
13179,0.0818272185110252
13180,0.0818998095343307
13181,0.081820647435182
13182,0.0818782845604448
13183,0.0817991224612961
13184,-0.0359753436775847
13185,-0.0360545057767333
13186,-0.0359968686514706
13187,-0.0360760307506192
13188,-0.0360034397273138
13189,-0.0360826018264624
13190,-0.0360249647011996
13191,-0.0361041268003483
13192,0.0046033721581616
13193,0.004524210059013
13194,0.0045818471842757
13195,0.0045026850851271
13196,0.0045752761084325
13197,0.0044961140092839
13198,0.0045537511345467
13199,0.004474589035398
13200,0.0378716139222316
13201,0.037792451823083
13202,0.0378500889483457
13203,0.0377709268491971
13204,0.0378435178725025
13205,0.0377643557733539
13206,0.0378219928986167
13207,0.037742830799468
13208,0.078450329757978
13209,0.0783711676588293
13210,0.0784288047840921
13211,0.0783496426849435
13212,0.0784222337082489
13213,0.0783430716091003
13214,0.078400708734363
13215,0.0783215466352144
13216,-0.0364017539847899
13217,-0.0364809160839385
13218,-0.0364232789586757
13219,-0.0365024410578244
13220,-0.0364298500345189
13221,-0.0365090121336676
13222,-0.0364513750084048
13223,-0.0365305371075534
13224,0.0041769618509564
13225,0.0040977997518078
13226,0.0041554368770705
13227,0.0040762747779219
13228,0.0041488658012274
13229,0.0040697037020787
13230,0.0041273408273415
13231,0.0040481787281928
13232,0.0374452036150264
13233,0.0373660415158778
13234,0.0374236786411405
13235,0.0373445165419919
13236,0.0374171075652974
13237,0.0373379454661487
13238,0.0373955825914115
13239,0.0373164204922628
13240,0.0780239194507728
13241,0.0779447573516242
13242,0.0780023944768869
13243,0.0779232323777383
13244,0.0779958234010437
13245,0.0779166613018951
13246,0.0779742984271578
13247,0.0778951363280092
13248,-0.0324524423135612
13249,-0.0325316044127099
13250,-0.0324739672874471
13251,-0.0325531293865957
13252,-0.0324805383632903
13253,-0.0325597004624389
13254,-0.0325020633371762
13255,-0.0325812254363248
13256,0.0081262735221851
13257,0.0080471114230364
13258,0.0081047485482992
13259,0.0080255864491505
13260,0.008098177472456
13261,0.0080190153733074
13262,0.0080766524985701
13263,0.0079974903994215
13264,0.0413945152862551
13265,0.0413153531871064
13266,0.0413729903123692
13267,0.0412938282132205
13268,0.041366419236526
13269,0.0412872571373774
13270,0.0413448942626401
13271,0.0412657321634915
13272,0.0819732311220014
13273,0.0818940690228528
13274,0.0819517061481156
13275,0.0818725440489669
13276,0.0819451350722724
13277,0.0818659729731237
13278,0.0819236100983865
13279,0.0818444479992379
13280,-0.0328788526207664
13281,-0.032958014719915
13282,-0.0329003775946523
13283,-0.0329795396938009
13284,-0.0329069486704955
13285,-0.0329861107696441
13286,-0.0329284736443814
13287,-0.03300763574353
13288,0.0076998632149799
13289,0.0076207011158312
13290,0.007678338241094
13291,0.0075991761419454
13292,0.0076717671652508
13293,0.0075926050661022
13294,0.0076502421913649
13295,0.0075710800922163
13296,0.0409681049790499
13297,0.0408889428799012
13298,0.040946580005164
13299,0.0408674179060154
13300,0.0409400089293208
13301,0.0408608468301722
13302,0.0409184839554349
13303,0.0408393218562863
13304,0.0815468208147962
13305,0.0814676587156476
13306,0.0815252958409104
13307,0.0814461337417618
13308,0.0815187247650672
13309,0.0814395626659186
13310,0.0814971997911813
13311,0.0814180376920327
13312,-0.0630818157165689
13313,-0.0631609778157175
13314,-0.0631033406904548
13315,-0.0631825027896034
13316,-0.063109911766298
13317,-0.0631890738654466
13318,-0.0631314367401839
13319,-0.0632105988393325
13320,-0.0225030998808225
13321,-0.0225822619799711
13322,-0.0225246248547084
13323,-0.022603786953857
13324,-0.0225311959305516
13325,-0.0226103580297002
13326,-0.0225527209044375
13327,-0.0226318830035861
13328,0.0107651418832474
13329,0.0106859797840987
13330,0.0107436169093615
13331,0.0106644548102129
13332,0.0107370458335183
13333,0.0106578837343697
13334,0.0107155208596324
13335,0.0106363587604838
13336,0.0513438577189938
13337,0.0512646956198451
13338,0.0513223327451079
13339,0.0512431706459593
13340,0.0513157616692647
13341,0.0512365995701161
13342,0.0512942366953788
13343,0.0512150745962302
13344,-0.0635082260237741
13345,-0.0635873881229227
13346,-0.0635297509976599
13347,-0.0636089130968086
13348,-0.0635363220735031
13349,-0.0636154841726518
13350,-0.063557847047389
13351,-0.0636370091465377
13352,-0.0229295101880277
13353,-0.0230086722871763
13354,-0.0229510351619136
13355,-0.0230301972610622
13356,-0.0229576062377568
13357,-0.0230367683369054
13358,-0.0229791312116426
13359,-0.0230582933107913
13360,0.0103387315760422
13361,0.0102595694768936
13362,0.0103172066021563
13363,0.0102380445030077
13364,0.0103106355263131
13365,0.0102314734271645
13366,0.0102891105524273
13367,0.0102099484532786
13368,0.0509174474117886
13369,0.05083828531264
13370,0.0508959224379027
13371,0.0508167603387541
13372,0.0508893513620595
13373,0.0508101892629109
13374,0.0508678263881736
13375,0.050788664289025
13376,-0.0595589143525454
13377,-0.0596380764516941
13378,-0.0595804393264313
13379,-0.0596596014255799
13380,-0.0595870104022745
13381,-0.0596661725014231
13382,-0.0596085353761604
13383,-0.059687697475309
13384,-0.0189801985167991
13385,-0.0190593606159477
13386,-0.0190017234906849
13387,-0.0190808855898336
13388,-0.0190082945665281
13389,-0.0190874566656768
13390,-0.019029819540414
13391,-0.0191089816395626
13392,0.0142880432472708
13393,0.0142088811481222
13394,0.014266518273385
13395,0.0141873561742363
13396,0.0142599471975418
13397,0.0141807850983931
13398,0.0142384222236559
13399,0.0141592601245073
13400,0.0548667590830172
13401,0.0547875969838686
13402,0.0548452341091314
13403,0.0547660720099827
13404,0.0548386630332882
13405,0.0547595009341395
13406,0.0548171380594023
13407,0.0547379759602537
13408,-0.0599853246597506
13409,-0.0600644867588993
13410,-0.0600068496336365
13411,-0.0600860117327851
13412,-0.0600134207094797
13413,-0.0600925828086283
13414,-0.0600349456833656
13415,-0.0601141077825142
13416,-0.0194066088240042
13417,-0.0194857709231529
13418,-0.0194281337978901
13419,-0.0195072958970388
13420,-0.0194347048737333
13421,-0.0195138669728819
13422,-0.0194562298476192
13423,-0.0195353919467678
13424,0.0138616329400657
13425,0.013782470840917
13426,0.0138401079661798
13427,0.0137609458670311
13428,0.0138335368903366
13429,0.013754374791188
13430,0.0138120119164507
13431,0.0137328498173021
13432,0.054440348775812
13433,0.0543611866766634
13434,0.0544188238019262
13435,0.0543396617027775
13436,0.054412252726083
13437,0.0543330906269343
13438,0.0543907277521971
13439,0.0543115656530485
13440,-0.0634629004858324
13441,-0.063542062584981
13442,-0.0634844254597182
13443,-0.0635635875588669
13444,-0.0634909965355614
13445,-0.0635701586347101
13446,-0.0635125215094473
13447,-0.063591683608596
13448,-0.022884184650086
13449,-0.0229633467492346
13450,-0.0229057096239719
13451,-0.0229848717231205
13452,-0.022912280699815
13453,-0.0229914427989637
13454,-0.0229338056737009
13455,-0.0230129677728496
13456,0.0103840571139839
13457,0.0103048950148353
13458,0.010362532140098
13459,0.0102833700409494
13460,0.0103559610642549
13461,0.0102767989651062
13462,0.010334436090369
13463,0.0102552739912203
13464,0.0509627729497303
13465,0.0508836108505817
13466,0.0509412479758444
13467,0.0508620858766958
13468,0.0509346769000012
13469,0.0508555148008526
13470,0.0509131519261154
13471,0.0508339898269667
13472,-0.0638893107930376
13473,-0.0639684728921862
13474,-0.0639108357669234
13475,-0.0639899978660721
13476,-0.0639174068427666
13477,-0.0639965689419152
13478,-0.0639389318166525
13479,-0.0640180939158011
13480,-0.0233105949572912
13481,-0.0233897570564398
13482,-0.023332119931177
13483,-0.0234112820303257
13484,-0.0233386910070202
13485,-0.0234178531061689
13486,-0.0233602159809061
13487,-0.0234393780800547
13488,0.0099576468067787
13489,0.0098784847076301
13490,0.0099361218328929
13491,0.0098569597337442
13492,0.0099295507570497
13493,0.009850388657901
13494,0.0099080257831638
13495,0.0098288636840152
13496,0.0505363626425251
13497,0.0504572005433765
13498,0.0505148376686392
13499,0.0504356755694906
13500,0.0505082665927961
13501,0.0504291044936474
13502,0.0504867416189102
13503,0.0504075795197615
13504,-0.0599399991218089
13505,-0.0600191612209576
13506,-0.0599615240956948
13507,-0.0600406861948434
13508,-0.059968095171538
13509,-0.0600472572706866
13510,-0.0599896201454238
13511,-0.0600687822445725
13512,-0.0193612832860625
13513,-0.0194404453852112
13514,-0.0193828082599484
13515,-0.019461970359097
13516,-0.0193893793357916
13517,-0.0194685414349402
13518,-0.0194109043096775
13519,-0.0194900664088261
13520,0.0139069584780074
13521,0.0138277963788587
13522,0.0138854335041215
13523,0.0138062714049729
13524,0.0138788624282783
13525,0.0137997003291297
13526,0.0138573374543924
13527,0.0137781753552438
13528,0.0544856743137538
13529,0.0544065122146051
13530,0.0544641493398679
13531,0.0543849872407192
13532,0.0544575782640247
13533,0.0543784161648761
13534,0.0544360532901388
13535,0.0543568911909902
13536,-0.0603664094290141
13537,-0.0604455715281627
13538,-0.0603879344029
13539,-0.0604670965020486
13540,-0.0603945054787432
13541,-0.0604736675778918
13542,-0.060416030452629
13543,-0.0604951925517777
13544,-0.0197876935932677
13545,-0.0198668556924163
13546,-0.0198092185671536
13547,-0.0198883806663022
13548,-0.0198157896429968
13549,-0.0198949517421454
13550,-0.0198373146168826
13551,-0.0199164767160313
13552,0.0134805481708022
13553,0.0134013860716536
13554,0.0134590231969163
13555,0.0133798610977677
13556,0.0134524521210731
13557,0.0133732900219245
13558,0.0134309271471873
13559,0.0133517650480386
13560,0.0540592640065486
13561,0.0539801019073999
13562,0.0540377390326627
13563,0.0539585769335141
13564,0.0540311679568195
13565,0.0539520058576709
13566,0.0540096429829336
13567,0.053930480883785
13568,-0.0581101920550842
13569,-0.0581893541542329
13570,-0.0581317170289701
13571,-0.0582108791281187
13572,-0.0581382881048133
13573,-0.0582174502039619
13574,-0.0581598130786992
13575,-0.0582389751778478
13576,-0.0175314762193378
13577,-0.0176106383184865
13578,-0.0175530011932237
13579,-0.0176321632923723
13580,-0.0175595722690669
13581,-0.0176387343682155
13582,-0.0175810972429528
13583,-0.0176602593421014
13584,0.0157367655447321
13585,0.0156576034455834
13586,0.0157152405708462
13587,0.0156360784716976
13588,0.015708669495003
13589,0.0156295073958544
13590,0.0156871445211171
13591,0.0156079824219685
13592,0.0563154813804784
13593,0.0562363192813298
13594,0.0562939564065926
13595,0.0562147943074439
13596,0.0562873853307494
13597,0.0562082232316007
13598,0.0562658603568635
13599,0.0561866982577149
13600,-0.0585366023622894
13601,-0.058615764461438
13602,-0.0585581273361753
13603,-0.0586372894353239
13604,-0.0585646984120185
13605,-0.0586438605111671
13606,-0.0585862233859044
13607,-0.058665385485053
13608,-0.017957886526543
13609,-0.0180370486256917
13610,-0.0179794115004289
13611,-0.0180585735995775
13612,-0.0179859825762721
13613,-0.0180651446754207
13614,-0.018007507550158
13615,-0.0180866696493066
13616,0.0153103552375269
13617,0.0152311931383782
13618,0.015288830263641
13619,0.0152096681644924
13620,0.0152822591877978
13621,0.0152030970886492
13622,0.0152607342139119
13623,0.0151815721147633
13624,0.0558890710732733
13625,0.0558099089741246
13626,0.0558675460993874
13627,0.0557883840002388
13628,0.0558609750235442
13629,0.0557818129243956
13630,0.0558394500496583
13631,0.0557602879505097
13632,-0.0545872906910608
13633,-0.0546664527902094
13634,-0.0546088156649466
13635,-0.0546879777640953
13636,-0.0546153867407898
13637,-0.0546945488399385
13638,-0.0546369117146757
13639,-0.0547160738138243
13640,-0.0140085748553144
13641,-0.014087736954463
13642,-0.0140300998292003
13643,-0.0141092619283489
13644,-0.0140366709050434
13645,-0.0141158330041921
13646,-0.0140581958789293
13647,-0.014137357978078
13648,0.0192596669087555
13649,0.0191805048096069
13650,0.0192381419348696
13651,0.019158979835721
13652,0.0192315708590265
13653,0.0191524087598778
13654,0.0192100458851406
13655,0.0191308837859919
13656,0.0598383827445019
13657,0.0597592206453533
13658,0.059816857770616
13659,0.0597376956714674
13660,0.0598102866947728
13661,0.0597311245956242
13662,0.059788761720887
13663,0.0597095996217383
13664,-0.0550137009982659
13665,-0.0550928630974146
13666,-0.0550352259721518
13667,-0.0551143880713005
13668,-0.055041797047995
13669,-0.0551209591471436
13670,-0.0550633220218809
13671,-0.0551424841210295
13672,-0.0144349851625196
13673,-0.0145141472616682
13674,-0.0144565101364054
13675,-0.0145356722355541
13676,-0.0144630812122486
13677,-0.0145422433113973
13678,-0.0144846061861345
13679,-0.0145637682852831
13680,0.0188332566015503
13681,0.0187540945024017
13682,0.0188117316276645
13683,0.0187325695285158
13684,0.0188051605518213
13685,0.0187259984526726
13686,0.0187836355779354
13687,0.0187044734787868
13688,0.0594119724372967
13689,0.0593328103381481
13690,0.0593904474634109
13691,0.0593112853642622
13692,0.0593838763875677
13693,0.059304714288419
13694,0.0593623514136818
13695,0.0592831893145332
13696,-0.0584912768243477
13697,-0.0585704389234963
13698,-0.0585128017982336
13699,-0.0585919638973822
13700,-0.0585193728740768
13701,-0.0585985349732254
13702,-0.0585408978479626
13703,-0.0586200599471113
13704,-0.0179125609886013
13705,-0.0179917230877499
13706,-0.0179340859624872
13707,-0.0180132480616358
13708,-0.0179406570383304
13709,-0.018019819137479
13710,-0.0179621820122162
13711,-0.0180413441113649
13712,0.0153556807754686
13713,0.01527651867632
13714,0.0153341558015827
13715,0.0152549937024341
13716,0.0153275847257395
13717,0.0152484226265909
13718,0.0153060597518537
13719,0.015226897652705
13720,0.055934396611215
13721,0.0558552345120663
13722,0.0559128716373291
13723,0.0558337095381805
13724,0.0559063005614859
13725,0.0558271384623373
13726,0.0558847755876
13727,0.0558056134884514
13728,-0.0589176871315529
13729,-0.0589968492307015
13730,-0.0589392121054387
13731,-0.0590183742045874
13732,-0.0589457831812819
13733,-0.0590249452804306
13734,-0.0589673081551678
13735,-0.0590464702543165
13736,-0.0183389712958065
13737,-0.0184181333949551
13738,-0.0183604962696924
13739,-0.018439658368841
13740,-0.0183670673455356
13741,-0.0184462294446842
13742,-0.0183885923194214
13743,-0.0184677544185701
13744,0.0149292704682634
13745,0.0148501083691148
13746,0.0149077454943775
13747,0.0148285833952289
13748,0.0149011744185343
13749,0.0148220123193857
13750,0.0148796494446485
13751,0.0148004873454998
13752,0.0555079863040098
13753,0.0554288242048612
13754,0.0554864613301239
13755,0.0554072992309753
13756,0.0554798902542807
13757,0.0554007281551321
13758,0.0554583652803949
13759,0.0553792031812462
13760,-0.0549683754603242
13761,-0.0550475375594729
13762,-0.0549899004342101
13763,-0.0550690625333587
13764,-0.0549964715100533
13765,-0.0550756336092019
13766,-0.0550179964839392
13767,-0.0550971585830878
13768,-0.0143896596245778
13769,-0.0144688217237265
13770,-0.0144111845984637
13771,-0.0144903466976124
13772,-0.0144177556743069
13773,-0.0144969177734555
13774,-0.0144392806481928
13775,-0.0145184427473414
13776,0.0188785821394921
13777,0.0187994200403434
13778,0.0188570571656062
13779,0.0187778950664575
13780,0.018850486089763
13781,0.0187713239906144
13782,0.0188289611158771
13783,0.0187497990167285
13784,0.0594572979752384
13785,0.0593781358760898
13786,0.0594357730013526
13787,0.0593566109022039
13788,0.0594292019255094
13789,0.0593500398263607
13790,0.0594076769516235
13791,0.0593285148524749
13792,-0.0553947857675294
13793,-0.0554739478666781
13794,-0.0554163107414153
13795,-0.0554954728405639
13796,-0.0554228818172585
13797,-0.0555020439164071
13798,-0.0554444067911444
13799,-0.055523568890293
13800,-0.014816069931783
13801,-0.0148952320309317
13802,-0.0148375949056689
13803,-0.0149167570048175
13804,-0.0148441659815121
13805,-0.0149233280806607
13806,-0.014865690955398
13807,-0.0149448530545466
13808,0.0184521718322869
13809,0.0183730097331382
13810,0.018430646858401
13811,0.0183514847592524
13812,0.0184240757825578
13813,0.0183449136834092
13814,0.0184025508086719
13815,0.0183233887095233
13816,0.0590308876680333
13817,0.0589517255688846
13818,0.0590093626941474
13819,0.0589302005949987
13820,0.0590027916183042
13821,0.0589236295191556
13822,0.0589812666444183
13823,0.0589021045452697
13824,-0.0404936802468259
13825,-0.0405728423459746
13826,-0.0405152052207118
13827,-0.0405943673198604
13828,-0.040521776296555
13829,-0.0406009383957036
13830,-0.0405433012704409
13831,-0.0406224633695895
13832,8.503558892041241e-05
13833,5.873489771775671e-06
13834,6.351061503453436e-05
13835,-1.565148411410237e-05
13836,5.693953919134742e-05
13837,-2.222255995728932e-05
13838,3.5414565305469384e-05
13839,-4.374753384316736e-05
13840,0.0333532773529904
13841,0.0332741152538417
13842,0.0333317523791045
13843,0.0332525902799558
13844,0.0333251813032613
13845,0.0332460192041127
13846,0.0333036563293754
13847,0.0332244942302268
13848,0.0739319931887367
13849,0.0738528310895881
13850,0.0739104682148509
13851,0.0738313061157022
13852,0.0739038971390077
13853,0.073824735039859
13854,0.0738823721651218
13855,0.0738032100659732
13856,-0.0409200905540311
13857,-0.0409992526531797
13858,-0.040941615527917
13859,-0.0410207776270656
13860,-0.0409481866037602
13861,-0.0410273487029088
13862,-0.0409697115776461
13863,-0.0410488736767947
13864,-0.0003413747182847
13865,-0.0004205368174334
13866,-0.0003628996921706
13867,-0.0004420617913192
13868,-0.0003694707680138
13869,-0.0004486328671624
13870,-0.0003909957418997
13871,-0.0004701578410483
13872,0.0329268670457852
13873,0.0328477049466365
13874,0.0329053420718993
13875,0.0328261799727507
13876,0.0328987709960561
13877,0.0328196088969075
13878,0.0328772460221702
13879,0.0327980839230216
13880,0.0735055828815316
13881,0.0734264207823829
13882,0.0734840579076457
13883,0.0734048958084971
13884,0.0734774868318025
13885,0.0733983247326539
13886,0.0734559618579166
13887,0.073376799758768
13888,-0.0369707788828025
13889,-0.0370499409819511
13890,-0.0369923038566883
13891,-0.037071465955837
13892,-0.0369988749325315
13893,-0.0370780370316802
13894,-0.0370203999064174
13895,-0.037099562005566
13896,0.0036079369529438
13897,0.0035287748537952
13898,0.0035864119790579
13899,0.0035072498799093
13900,0.0035798409032148
13901,0.0035006788040661
13902,0.0035583159293289
13903,0.0034791538301802
13904,0.0368761787170138
13905,0.0367970166178652
13906,0.0368546537431279
13907,0.0367754916439793
13908,0.0368480826672848
13909,0.0367689205681361
13910,0.0368265576933989
13911,0.0367473955942502
13912,0.0774548945527602
13913,0.0773757324536116
13914,0.0774333695788743
13915,0.0773542074797257
13916,0.0774267985030311
13917,0.0773476364038825
13918,0.0774052735291453
13919,0.0773261114299966
13920,-0.0373971891900076
13921,-0.0374763512891563
13922,-0.0374187141638935
13923,-0.0374978762630422
13924,-0.0374252852397367
13925,-0.0375044473388853
13926,-0.0374468102136226
13927,-0.0375259723127712
13928,0.0031815266457386
13929,0.00310236454659
13930,0.0031600016718528
13931,0.0030808395727041
13932,0.0031534305960096
13933,0.0030742684968609
13934,0.0031319056221237
13935,0.0030527435229751
13936,0.0364497684098086
13937,0.03637060631066
13938,0.0364282434359228
13939,0.0363490813367741
13940,0.0364216723600796
13941,0.0363425102609309
13942,0.0364001473861937
13943,0.0363209852870451
13944,0.077028484245555
13945,0.0769493221464064
13946,0.0770069592716691
13947,0.0769277971725205
13948,0.0770003881958259
13949,0.0769212260966773
13950,0.0769788632219401
13951,0.0768997011227914
13952,-0.0408747650160894
13953,-0.040953927115238
13954,-0.0408962899899753
13955,-0.0409754520891239
13956,-0.0409028610658185
13957,-0.0409820231649671
13958,-0.0409243860397043
13959,-0.041003548138853
13960,-0.000296049180343
13961,-0.0003752112794916
13962,-0.0003175741542289
13963,-0.0003967362533775
13964,-0.0003241452300721
13965,-0.0004033073292207
13966,-0.000345670203958
13967,-0.0004248323031066
13968,0.0329721925837269
13969,0.0328930304845783
13970,0.032950667609841
13971,0.0328715055106924
13972,0.0329440965339978
13973,0.0328649344348492
13974,0.0329225715601119
13975,0.0328434094609633
13976,0.0735509084194733
13977,0.0734717463203246
13978,0.0735293834455874
13979,0.0734502213464388
13980,0.0735228123697442
13981,0.0734436502705956
13982,0.0735012873958583
13983,0.0734221252967097
13984,-0.0413011753232946
13985,-0.0413803374224432
13986,-0.0413227002971805
13987,-0.0414018623963291
13988,-0.0413292713730236
13989,-0.0414084334721723
13990,-0.0413507963469095
13991,-0.0414299584460582
13992,-0.0007224594875482
13993,-0.0008016215866968
13994,-0.0007439844614341
13995,-0.0008231465605827
13996,-0.0007505555372773
13997,-0.0008297176364259
13998,-0.0007720805111631
13999,-0.0008512426103118
14000,0.0325457822765217
14001,0.0324666201773731
14002,0.0325242573026358
14003,0.0324450952034872
14004,0.0325176862267926
14005,0.032438524127644
14006,0.0324961612529068
14007,0.0324169991537581
14008,0.0731244981122681
14009,0.0730453360131195
14010,0.0731029731383822
14011,0.0730238110392336
14012,0.073096402062539
14013,0.0730172399633904
14014,0.0730748770886531
14015,0.0729957149895045
14016,-0.0373518636520659
14017,-0.0374310257512146
14018,-0.0373733886259518
14019,-0.0374525507251004
14020,-0.037379959701795
14021,-0.0374591218009436
14022,-0.0374014846756809
14023,-0.0374806467748295
14024,0.0032268521836804
14025,0.0031476900845317
14026,0.0032053272097945
14027,0.0031261651106458
14028,0.0031987561339513
14029,0.0031195940348027
14030,0.0031772311600654
14031,0.0030980690609168
14032,0.0364950939477504
14033,0.0364159318486017
14034,0.0364735689738645
14035,0.0363944068747158
14036,0.0364669978980213
14037,0.0363878357988727
14038,0.0364454729241354
14039,0.0363663108249868
14040,0.0770738097834967
14041,0.0769946476843481
14042,0.0770522848096108
14043,0.0769731227104622
14044,0.0770457137337677
14045,0.076966551634619
14046,0.0770241887598818
14047,0.0769450266607332
14048,-0.0377782739592711
14049,-0.0378574360584198
14050,-0.037799798933157
14051,-0.0378789610323056
14052,-0.0378063700090002
14053,-0.0378855321081488
14054,-0.0378278949828861
14055,-0.0379070570820347
14056,0.0028004418764752
14057,0.0027212797773265
14058,0.0027789169025893
14059,0.0026997548034407
14060,0.0027723458267461
14061,0.0026931837275975
14062,0.0027508208528602
14063,0.0026716587537116
14064,0.0360686836405452
14065,0.0359895215413965
14066,0.0360471586666593
14067,0.0359679965675107
14068,0.0360405875908161
14069,0.0359614254916675
14070,0.0360190626169302
14071,0.0359399005177816
14072,0.0766473994762916
14073,0.0765682373771429
14074,0.0766258745024057
14075,0.076546712403257
14076,0.0766193034265625
14077,0.0765401413274138
14078,0.0765977784526766
14079,0.076518616353528
14080,-0.0355220565853412
14081,-0.0356012186844899
14082,-0.0355435815592271
14083,-0.0356227436583758
14084,-0.0355501526350703
14085,-0.035629314734219
14086,-0.0355716776089562
14087,-0.0356508397081048
14088,0.005056659250405
14089,0.0049774971512564
14090,0.0050351342765192
14091,0.0049559721773705
14092,0.005028563200676
14093,0.0049494011015273
14094,0.0050070382267901
14095,0.0049278761276415
14096,0.038324901014475
14097,0.0382457389153264
14098,0.0383033760405892
14099,0.0382242139414405
14100,0.038296804964746
14101,0.0382176428655973
14102,0.0382752799908601
14103,0.0381961178917115
14104,0.0789036168502214
14105,0.0788244547510728
14106,0.0788820918763355
14107,0.0788029297771869
14108,0.0788755208004923
14109,0.0787963587013437
14110,0.0788539958266065
14111,0.0787748337274578
14112,-0.0359484668925464
14113,-0.0360276289916951
14114,-0.0359699918664323
14115,-0.0360491539655809
14116,-0.0359765629422755
14117,-0.0360557250414241
14118,-0.0359980879161614
14119,-0.03607725001531
14120,0.0046302489431999
14121,0.0045510868440512
14122,0.004608723969314
14123,0.0045295618701653
14124,0.0046021528934708
14125,0.0045229907943222
14126,0.0045806279195849
14127,0.0045014658204363
14128,0.0378984907072699
14129,0.0378193286081212
14130,0.037876965733384
14131,0.0377978036342353
14132,0.0378703946575408
14133,0.0377912325583922
14134,0.0378488696836549
14135,0.0377697075845063
14136,0.0784772065430162
14137,0.0783980444438676
14138,0.0784556815691304
14139,0.0783765194699817
14140,0.0784491104932872
14141,0.0783699483941385
14142,0.0784275855194013
14143,0.0783484234202527
14144,-0.0319991552213178
14145,-0.0320783173204664
14146,-0.0320206801952037
14147,-0.0320998422943523
14148,-0.0320272512710469
14149,-0.0321064133701955
14150,-0.0320487762449327
14151,-0.0321279383440814
14152,0.0085795606144285
14153,0.0085003985152799
14154,0.0085580356405426
14155,0.008478873541394
14156,0.0085514645646994
14157,0.0084723024655508
14158,0.0085299395908136
14159,0.0084507774916649
14160,0.0418478023784985
14161,0.0417686402793499
14162,0.0418262774046126
14163,0.041747115305464
14164,0.0418197063287694
14165,0.0417405442296208
14166,0.0417981813548836
14167,0.0417190192557349
14168,0.0824265182142449
14169,0.0823473561150962
14170,0.082404993240359
14171,0.0823258311412104
14172,0.0823984221645158
14173,0.0823192600653672
14174,0.0823768971906299
14175,0.0822977350914813
14176,-0.032425565528523
14177,-0.0325047276276716
14178,-0.0324470905024089
14179,-0.0325262526015575
14180,-0.032453661578252
14181,-0.0325328236774007
14182,-0.0324751865521379
14183,-0.0325543486512866
14184,0.0081531503072233
14185,0.0080739882080747
14186,0.0081316253333374
14187,0.0080524632341888
14188,0.0081250542574943
14189,0.0080458921583456
14190,0.0081035292836084
14191,0.0080243671844597
14192,0.0414213920712933
14193,0.0413422299721447
14194,0.0413998670974074
14195,0.0413207049982588
14196,0.0413932960215642
14197,0.0413141339224156
14198,0.0413717710476784
14199,0.0412926089485297
14200,0.0820001079070397
14201,0.0819209458078911
14202,0.0819785829331538
14203,0.0818994208340052
14204,0.0819720118573106
14205,0.081892849758162
14206,0.0819504868834248
14207,0.0818713247842761
14208,-0.0359031413546047
14209,-0.0359823034537534
14210,-0.0359246663284906
14211,-0.0360038284276392
14212,-0.0359312374043338
14213,-0.0360103995034824
14214,-0.0359527623782197
14215,-0.0360319244773683
14216,0.0046755744811416
14217,0.0045964123819929
14218,0.0046540495072557
14219,0.0045748874081071
14220,0.0046474784314125
14221,0.0045683163322639
14222,0.0046259534575266
14223,0.004546791358378
14224,0.0379438162452116
14225,0.0378646541460629
14226,0.0379222912713257
14227,0.0378431291721771
14228,0.0379157201954825
14229,0.0378365580963339
14230,0.0378941952215966
14231,0.037815033122448
14232,0.078522532080958
14233,0.0784433699818093
14234,0.0785010071070721
14235,0.0784218450079234
14236,0.0784944360312289
14237,0.0784152739320802
14238,0.078472911057343
14239,0.0783937489581944
14240,-0.0363295516618099
14241,-0.0364087137609585
14242,-0.0363510766356958
14243,-0.0364302387348444
14244,-0.036357647711539
14245,-0.0364368098106876
14246,-0.0363791726854248
14247,-0.0364583347845735
14248,0.0042491641739364
14249,0.0041700020747878
14250,0.0042276392000505
14251,0.0041484771009019
14252,0.0042210681242073
14253,0.0041419060250587
14254,0.0041995431503214
14255,0.0041203810511728
14256,0.0375174059380064
14257,0.0374382438388577
14258,0.0374958809641205
14259,0.0374167188649719
14260,0.0374893098882773
14261,0.0374101477891287
14262,0.0374677849143914
14263,0.0373886228152428
14264,0.0780961217737528
14265,0.0780169596746041
14266,0.0780745967998669
14267,0.0779954347007183
14268,0.0780680257240237
14269,0.0779888636248751
14270,0.0780465007501378
14271,0.0779673386509892
14272,-0.0323802399905813
14273,-0.0324594020897299
14274,-0.0324017649644671
14275,-0.0324809270636158
14276,-0.0324083360403103
14277,-0.032487498139459
14278,-0.0324298610141962
14279,-0.0325090231133448
14280,0.008198475845165
14281,0.0081193137460164
14282,0.0081769508712792
14283,0.0080977887721305
14284,0.008170379795436
14285,0.0080912176962873
14286,0.0081488548215501
14287,0.0080696927224015
14288,0.041466717609235
14289,0.0413875555100864
14290,0.0414451926353491
14291,0.0413660305362005
14292,0.041438621559506
14293,0.0413594594603573
14294,0.0414170965856201
14295,0.0413379344864714
14296,0.0820454334449814
14297,0.0819662713458328
14298,0.0820239084710955
14299,0.0819447463719469
14300,0.0820173373952524
14301,0.0819381752961037
14302,0.0819958124213665
14303,0.0819166503222178
14304,-0.0328066502977864
14305,-0.0328858123969351
14306,-0.0328281752716723
14307,-0.032907337370821
14308,-0.0328347463475155
14309,-0.0329139084466641
14310,-0.0328562713214014
14311,-0.03293543342055
14312,0.0077720655379598
14313,0.0076929034388112
14314,0.007750540564074
14315,0.0076713784649253
14316,0.0077439694882308
14317,0.0076648073890821
14318,0.0077224445143449
14319,0.0076432824151963
14320,0.0410403073020298
14321,0.0409611452028812
14322,0.041018782328144
14323,0.0409396202289953
14324,0.0410122112523008
14325,0.0409330491531521
14326,0.0409906862784149
14327,0.0409115241792663
14328,0.0816190231377762
14329,0.0815398610386276
14330,0.0815974981638903
14331,0.0815183360647417
14332,0.0815909270880472
14333,0.0815117649888985
14334,0.0815694021141613
14335,0.0814902400150126
14336,-0.0632205259748386
14337,-0.0632996880739872
14338,-0.0632420509487245
14339,-0.0633212130478731
14340,-0.0632486220245677
14341,-0.0633277841237163
14342,-0.0632701469984536
14343,-0.0633493090976022
14344,-0.0226418101390922
14345,-0.0227209722382408
14346,-0.0226633351129781
14347,-0.0227424972121267
14348,-0.0226699061888213
14349,-0.0227490682879699
14350,-0.0226914311627072
14351,-0.0227705932618558
14352,0.0106264316249777
14353,0.0105472695258291
14354,0.0106049066510918
14355,0.0105257445519432
14356,0.0105983355752486
14357,0.0105191734761
14358,0.0105768106013627
14359,0.0104976485022141
14360,0.0512051474607241
14361,0.0511259853615754
14362,0.0511836224868382
14363,0.0511044603876896
14364,0.051177051410995
14365,0.0510978893118464
14366,0.0511555264371091
14367,0.0510763643379605
14368,-0.0636469362820438
14369,-0.0637260983811924
14370,-0.0636684612559296
14371,-0.0637476233550783
14372,-0.0636750323317728
14373,-0.0637541944309215
14374,-0.0636965573056587
14375,-0.0637757194048074
14376,-0.0230682204462974
14377,-0.023147382545446
14378,-0.0230897454201833
14379,-0.0231689075193319
14380,-0.0230963164960265
14381,-0.0231754785951751
14382,-0.0231178414699123
14383,-0.023197003569061
14384,0.0102000213177725
14385,0.0101208592186239
14386,0.0101784963438866
14387,0.010099334244738
14388,0.0101719252680434
14389,0.0100927631688948
14390,0.0101504002941576
14391,0.0100712381950089
14392,0.0507787371535189
14393,0.0506995750543703
14394,0.050757212179633
14395,0.0506780500804844
14396,0.0507506411037898
14397,0.0506714790046412
14398,0.050729116129904
14399,0.0506499540307553
14400,-0.0596976246108151
14401,-0.0597767867099638
14402,-0.059719149584701
14403,-0.0597983116838496
14404,-0.0597257206605442
14405,-0.0598048827596928
14406,-0.0597472456344301
14407,-0.0598264077335787
14408,-0.0191189087750687
14409,-0.0191980708742174
14410,-0.0191404337489546
14411,-0.0192195958481033
14412,-0.0191470048247978
14413,-0.0192261669239465
14414,-0.0191685297986837
14415,-0.0192476918978323
14416,0.0141493329890012
14417,0.0140701708898525
14418,0.0141278080151153
14419,0.0140486459159666
14420,0.0141212369392721
14421,0.0140420748401234
14422,0.0140997119653862
14423,0.0140205498662376
14424,0.0547280488247475
14425,0.0546488867255989
14426,0.0547065238508617
14427,0.054627361751713
14428,0.0546999527750185
14429,0.0546207906758698
14430,0.0546784278011326
14431,0.054599265701984
14432,-0.0601240349180203
14433,-0.060203197017169
14434,-0.0601455598919062
14435,-0.0602247219910548
14436,-0.0601521309677494
14437,-0.060231293066898
14438,-0.0601736559416353
14439,-0.0602528180407839
14440,-0.0195453190822739
14441,-0.0196244811814226
14442,-0.0195668440561598
14443,-0.0196460061553084
14444,-0.019573415132003
14445,-0.0196525772311516
14446,-0.0195949401058889
14447,-0.0196741022050375
14448,0.013722922681796
14449,0.0136437605826473
14450,0.0137013977079101
14451,0.0136222356087615
14452,0.0136948266320669
14453,0.0136156645329183
14454,0.013673301658181
14455,0.0135941395590324
14456,0.0543016385175424
14457,0.0542224764183937
14458,0.0542801135436565
14459,0.0542009514445078
14460,0.0542735424678133
14461,0.0541943803686647
14462,0.0542520174939274
14463,0.0541728553947788
14464,-0.0636016107441021
14465,-0.0636807728432507
14466,-0.0636231357179879
14467,-0.0637022978171366
14468,-0.0636297067938311
14469,-0.0637088688929798
14470,-0.063651231767717
14471,-0.0637303938668657
14472,-0.0230228949083557
14473,-0.0231020570075043
14474,-0.0230444198822416
14475,-0.0231235819813902
14476,-0.0230509909580847
14477,-0.0231301530572334
14478,-0.0230725159319706
14479,-0.0231516780311193
14480,0.0102453468557142
14481,0.0101661847565656
14482,0.0102238218818283
14483,0.0101446597826797
14484,0.0102172508059852
14485,0.0101380887068365
14486,0.0101957258320993
14487,0.0101165637329506
14488,0.0508240626914606
14489,0.050744900592312
14490,0.0508025377175747
14491,0.0507233756184261
14492,0.0507959666417315
14493,0.0507168045425829
14494,0.0507744416678457
14495,0.050695279568697
14496,-0.0640280210513073
14497,-0.0641071831504559
14498,-0.0640495460251931
14499,-0.0641287081243418
14500,-0.0640561171010363
14501,-0.0641352792001849
14502,-0.0640776420749222
14503,-0.0641568041740708
14504,-0.0234493052155609
14505,-0.0235284673147095
14506,-0.0234708301894467
14507,-0.0235499922885954
14508,-0.0234774012652899
14509,-0.0235565633644386
14510,-0.0234989262391758
14511,-0.0235780883383244
14512,0.009818936548509
14513,0.0097397744493604
14514,0.0097974115746232
14515,0.0097182494754745
14516,0.00979084049878
14517,0.0097116783996313
14518,0.0097693155248941
14519,0.0096901534257455
14520,0.0503976523842554
14521,0.0503184902851068
14522,0.0503761274103695
14523,0.0502969653112209
14524,0.0503695563345264
14525,0.0502903942353777
14526,0.0503480313606405
14527,0.0502688692614918
14528,-0.0600787093800786
14529,-0.0601578714792272
14530,-0.0601002343539645
14531,-0.0601793964531131
14532,-0.0601068054298077
14533,-0.0601859675289563
14534,-0.0601283304036935
14535,-0.0602074925028422
14536,-0.0194999935443322
14537,-0.0195791556434809
14538,-0.0195215185182181
14539,-0.0196006806173667
14540,-0.0195280895940613
14541,-0.0196072516932099
14542,-0.0195496145679472
14543,-0.0196287766670958
14544,0.0137682482197377
14545,0.013689086120589
14546,0.0137467232458518
14547,0.0136675611467032
14548,0.0137401521700086
14549,0.01366099007086
14550,0.0137186271961227
14551,0.0136394650969741
14552,0.0543469640554841
14553,0.0542678019563354
14554,0.0543254390815982
14555,0.0542462769824496
14556,0.054318868005755
14557,0.0542397059066064
14558,0.0542973430318691
14559,0.0542181809327205
14560,-0.0605051196872838
14561,-0.0605842817864324
14562,-0.0605266446611697
14563,-0.0606058067603183
14564,-0.0605332157370129
14565,-0.0606123778361615
14566,-0.0605547407108987
14567,-0.0606339028100474
14568,-0.0199264038515374
14569,-0.020005565950686
14570,-0.0199479288254233
14571,-0.0200270909245719
14572,-0.0199544999012665
14573,-0.0200336620004151
14574,-0.0199760248751523
14575,-0.020055186974301
14576,0.0133418379125325
14577,0.0132626758133839
14578,0.0133203129386466
14579,0.013241150839498
14580,0.0133137418628034
14581,0.0132345797636548
14582,0.0132922168889176
14583,0.0132130547897689
14584,0.0539205537482789
14585,0.0538413916491302
14586,0.053899028774393
14587,0.0538198666752444
14588,0.0538924576985498
14589,0.0538132955994012
14590,0.0538709327246639
14591,0.0537917706255153
14592,-0.0582489023133539
14593,-0.0583280644125026
14594,-0.0582704272872398
14595,-0.0583495893863884
14596,-0.058276998363083
14597,-0.0583561604622316
14598,-0.0582985233369689
14599,-0.0583776854361175
14600,-0.0176701864776075
14601,-0.0177493485767562
14602,-0.0176917114514934
14603,-0.017770873550642
14604,-0.0176982825273366
14605,-0.0177774446264852
14606,-0.0177198075012225
14607,-0.0177989696003711
14608,0.0155980552864624
14609,0.0155188931873137
14610,0.0155765303125765
14611,0.0154973682134279
14612,0.0155699592367333
14613,0.0154907971375847
14614,0.0155484342628474
14615,0.0154692721636988
14616,0.0561767711222088
14617,0.0560976090230601
14618,0.0561552461483229
14619,0.0560760840491742
14620,0.0561486750724797
14621,0.0560695129733311
14622,0.0561271500985938
14623,0.0560479879994452
14624,-0.0586753126205591
14625,-0.0587544747197077
14626,-0.058696837594445
14627,-0.0587759996935936
14628,-0.0587034086702882
14629,-0.0587825707694368
14630,-0.058724933644174
14631,-0.0588040957433227
14632,-0.0180965967848127
14633,-0.0181757588839613
14634,-0.0181181217586986
14635,-0.0181972838578472
14636,-0.0181246928345418
14637,-0.0182038549336904
14638,-0.0181462178084277
14639,-0.0182253799075763
14640,0.0151716449792572
14641,0.0150924828801085
14642,0.0151501200053713
14643,0.0150709579062227
14644,0.0151435489295281
14645,0.0150643868303795
14646,0.0151220239556422
14647,0.0150428618564936
14648,0.0557503608150036
14649,0.0556711987158549
14650,0.0557288358411177
14651,0.0556496737419691
14652,0.0557222647652745
14653,0.0556431026661259
14654,0.0557007397913886
14655,0.05562157769224
14656,-0.0547260009493305
14657,-0.0548051630484791
14658,-0.0547475259232163
14659,-0.054826688022365
14660,-0.0547540969990595
14661,-0.0548332590982082
14662,-0.0547756219729454
14663,-0.054854784072094
14664,-0.0141472851135841
14665,-0.0142264472127327
14666,-0.0141688100874699
14667,-0.0142479721866186
14668,-0.0141753811633131
14669,-0.0142545432624618
14670,-0.014196906137199
14671,-0.0142760682363476
14672,0.0191209566504858
14673,0.0190417945513372
14674,0.0190994316766
14675,0.0190202695774513
14676,0.0190928606007568
14677,0.0190136985016081
14678,0.0190713356268709
14679,0.0189921735277222
14680,0.0596996724862322
14681,0.0596205103870836
14682,0.0596781475123463
14683,0.0595989854131977
14684,0.0596715764365032
14685,0.0595924143373545
14686,0.0596500514626173
14687,0.0595708893634686
14688,-0.0551524112565356
14689,-0.0552315733556843
14690,-0.0551739362304215
14691,-0.0552530983295702
14692,-0.0551805073062647
14693,-0.0552596694054133
14694,-0.0552020322801506
14695,-0.0552811943792992
14696,-0.0145736954207893
14697,-0.0146528575199379
14698,-0.0145952203946751
14699,-0.0146743824938238
14700,-0.0146017914705183
14701,-0.014680953569667
14702,-0.0146233164444042
14703,-0.0147024785435528
14704,0.0186945463432806
14705,0.018615384244132
14706,0.0186730213693948
14707,0.0185938592702461
14708,0.0186664502935516
14709,0.0185872881944029
14710,0.0186449253196657
14711,0.0185657632205171
14712,0.059273262179027
14713,0.0591941000798784
14714,0.0592517372051412
14715,0.0591725751059925
14716,0.059245166129298
14717,0.0591660040301493
14718,0.0592236411554121
14719,0.0591444790562635
14720,-0.0586299870826174
14721,-0.058709149181766
14722,-0.0586515120565033
14723,-0.0587306741556519
14724,-0.0586580831323465
14725,-0.0587372452314951
14726,-0.0586796081062323
14727,-0.058758770205381
14728,-0.018051271246871
14729,-0.0181304333460196
14730,-0.0180727962207569
14731,-0.0181519583199055
14732,-0.0180793672966001
14733,-0.0181585293957487
14734,-0.0181008922704859
14735,-0.0181800543696346
14736,0.0152169705171989
14737,0.0151378084180503
14738,0.015195445543313
14739,0.0151162834441644
14740,0.0151888744674698
14741,0.0151097123683212
14742,0.015167349493584
14743,0.0150881873944353
14744,0.0557956863529453
14745,0.0557165242537966
14746,0.0557741613790594
14747,0.0556949992799108
14748,0.0557675903032162
14749,0.0556884282040676
14750,0.0557460653293303
14751,0.0556669032301817
14752,-0.0590563973898226
14753,-0.0591355594889712
14754,-0.0590779223637084
14755,-0.0591570844628571
14756,-0.0590844934395516
14757,-0.0591636555387003
14758,-0.0591060184134375
14759,-0.0591851805125862
14760,-0.0184776815540762
14761,-0.0185568436532248
14762,-0.0184992065279621
14763,-0.0185783686271107
14764,-0.0185057776038052
14765,-0.0185849397029539
14766,-0.0185273025776911
14767,-0.0186064646768398
14768,0.0147905602099937
14769,0.0147113981108451
14770,0.0147690352361078
14771,0.0146898731369592
14772,0.0147624641602646
14773,0.014683302061116
14774,0.0147409391863788
14775,0.0146617770872301
14776,0.0553692760457401
14777,0.0552901139465915
14778,0.0553477510718542
14779,0.0552685889727056
14780,0.055341179996011
14781,0.0552620178968624
14782,0.0553196550221252
14783,0.0552404929229765
14784,-0.0551070857185939
14785,-0.0551862478177426
14786,-0.0551286106924798
14787,-0.0552077727916284
14788,-0.055135181768323
14789,-0.0552143438674716
14790,-0.0551567067422089
14791,-0.0552358688413575
14792,-0.0145283698828475
14793,-0.0146075319819962
14794,-0.0145498948567334
14795,-0.0146290569558821
14796,-0.0145564659325766
14797,-0.0146356280317252
14798,-0.0145779909064625
14799,-0.0146571530056111
14800,0.0187398718812224
14801,0.0186607097820737
14802,0.0187183469073365
14803,0.0186391848081878
14804,0.0187117758314933
14805,0.0186326137323447
14806,0.0186902508576074
14807,0.0186110887584588
14808,0.0593185877169687
14809,0.0592394256178201
14810,0.0592970627430829
14811,0.0592179006439342
14812,0.0592904916672397
14813,0.059211329568091
14814,0.0592689666933538
14815,0.0591898045942052
14816,-0.0555334960257991
14817,-0.0556126581249477
14818,-0.055555020999685
14819,-0.0556341830988336
14820,-0.0555615920755282
14821,-0.0556407541746768
14822,-0.0555831170494141
14823,-0.0556622791485627
14824,-0.0149547801900527
14825,-0.0150339422892014
14826,-0.0149763051639386
14827,-0.0150554672630872
14828,-0.0149828762397818
14829,-0.0150620383389304
14830,-0.0150044012136677
14831,-0.0150835633128163
14832,0.0183134615740172
14833,0.0182342994748685
14834,0.0182919366001313
14835,0.0182127745009827
14836,0.0182853655242881
14837,0.0182062034251395
14838,0.0182638405504022
14839,0.0181846784512536
14840,0.0588921774097636
14841,0.0588130153106149
14842,0.0588706524358777
14843,0.0587914903367291
14844,0.0588640813600345
14845,0.0587849192608859
14846,0.0588425563861486
14847,0.058763394287
14848,-0.0406323905050956
14849,-0.0407115526042443
14850,-0.0406539154789815
14851,-0.0407330775781301
14852,-0.0406604865548247
14853,-0.0407396486539733
14854,-0.0406820115287106
14855,-0.0407611736278592
14856,-5.3674669349283256e-05
14857,-0.0001328367684979
14858,-7.51996432351613e-05
14859,-0.0001543617423837
14860,-8.177071907834824e-05
14861,-0.0001609328182269
14862,-0.0001032956929642
14863,-0.0001824577921128
14864,0.0332145670947207
14865,0.033135404995572
14866,0.0331930421208348
14867,0.0331138800216862
14868,0.0331864710449916
14869,0.033107308945843
14870,0.0331649460711057
14871,0.0330857839719571
14872,0.0737932829304671
14873,0.0737141208313184
14874,0.0737717579565812
14875,0.0736925958574325
14876,0.073765186880738
14877,0.0736860247815894
14878,0.0737436619068521
14879,0.0736644998077035
14880,-0.0410588008123008
14881,-0.0411379629114494
14882,-0.0410803257861867
14883,-0.0411594878853353
14884,-0.0410868968620299
14885,-0.0411660589611785
14886,-0.0411084218359157
14887,-0.0411875839350644
14888,-0.0004800849765544
14889,-0.0005592470757031
14890,-0.0005016099504403
14891,-0.0005807720495889
14892,-0.0005081810262835
14893,-0.0005873431254321
14894,-0.0005297060001694
14895,-0.000608868099318
14896,0.0327881567875155
14897,0.0327089946883668
14898,0.0327666318136296
14899,0.032687469714481
14900,0.0327600607377864
14901,0.0326808986386378
14902,0.0327385357639005
14903,0.0326593736647519
14904,0.0733668726232619
14905,0.0732877105241132
14906,0.073345347649376
14907,0.0732661855502274
14908,0.0733387765735328
14909,0.0732596144743842
14910,0.0733172515996469
14911,0.0732380895004983
14912,-0.0371094891410722
14913,-0.0371886512402208
14914,-0.037131014114958
14915,-0.0372101762141067
14916,-0.0371375851908012
14917,-0.0372167472899499
14918,-0.0371591101646871
14919,-0.0372382722638357
14920,0.0034692266946741
14921,0.0033900645955255
14922,0.0034477017207882
14923,0.0033685396216396
14924,0.0034411306449451
14925,0.0033619685457964
14926,0.0034196056710592
14927,0.0033404435719105
14928,0.0367374684587441
14929,0.0366583063595955
14930,0.0367159434848582
14931,0.0366367813857096
14932,0.0367093724090151
14933,0.0366302103098664
14934,0.0366878474351292
14935,0.0366086853359805
14936,0.0773161842944905
14937,0.0772370221953419
14938,0.0772946593206046
14939,0.077215497221456
14940,0.0772880882447615
14941,0.0772089261456128
14942,0.0772665632708756
14943,0.0771874011717269
14944,-0.0375358994482773
14945,-0.037615061547426
14946,-0.0375574244221632
14947,-0.0376365865213119
14948,-0.0375639954980064
14949,-0.037643157597155
14950,-0.0375855204718923
14951,-0.0376646825710409
14952,0.0030428163874689
14953,0.0029636542883203
14954,0.0030212914135831
14955,0.0029421293144344
14956,0.0030147203377399
14957,0.0029355582385912
14958,0.002993195363854
14959,0.0029140332647054
14960,0.0363110581515389
14961,0.0362318960523903
14962,0.0362895331776531
14963,0.0362103710785044
14964,0.0362829621018099
14965,0.0362038000026612
14966,0.036261437127924
14967,0.0361822750287754
14968,0.0768897739872853
14969,0.0768106118881367
14970,0.0768682490133994
14971,0.0767890869142508
14972,0.0768616779375563
14973,0.0767825158384076
14974,0.0768401529636704
14975,0.0767609908645217
14976,-0.0410134752743591
14977,-0.0410926373735077
14978,-0.041035000248245
14979,-0.0411141623473936
14980,-0.0410415713240882
14981,-0.0411207334232368
14982,-0.041063096297974
14983,-0.0411422583971227
14984,-0.0004347594386127
14985,-0.0005139215377613
14986,-0.0004562844124986
14987,-0.0005354465116472
14988,-0.0004628554883418
14989,-0.0005420175874904
14990,-0.0004843804622276
14991,-0.0005635425613763
14992,0.0328334823254572
14993,0.0327543202263086
14994,0.0328119573515713
14995,0.0327327952524227
14996,0.0328053862757281
14997,0.0327262241765795
14998,0.0327838613018423
14999,0.0327046992026936
15000,0.0734121981612036
15001,0.0733330360620549
15002,0.0733906731873177
15003,0.0733115110881691
15004,0.0733841021114745
15005,0.0733049400123259
15006,0.0733625771375886
15007,0.07328341503844
15008,-0.0414398855815643
15009,-0.0415190476807129
15010,-0.0414614105554502
15011,-0.0415405726545988
15012,-0.0414679816312933
15013,-0.041547143730442
15014,-0.0414895066051792
15015,-0.0415686687043279
15016,-0.0008611697458179
15017,-0.0009403318449665
15018,-0.0008826947197038
15019,-0.0009618568188524
15020,-0.000889265795547
15021,-0.0009684278946956
15022,-0.0009107907694328
15023,-0.0009899528685815
15024,0.032407072018252
15025,0.0323279099191034
15026,0.0323855470443661
15027,0.0323063849452175
15028,0.0323789759685229
15029,0.0322998138693743
15030,0.0323574509946371
15031,0.0322782888954884
15032,0.0729857878539984
15033,0.0729066257548498
15034,0.0729642628801125
15035,0.0728851007809639
15036,0.0729576918042693
15037,0.0728785297051207
15038,0.0729361668303835
15039,0.0728570047312348
15040,-0.0374905739103356
15041,-0.0375697360094843
15042,-0.0375120988842215
15043,-0.0375912609833701
15044,-0.0375186699600647
15045,-0.0375978320592133
15046,-0.0375401949339506
15047,-0.0376193570330992
15048,0.0030881419254107
15049,0.003008979826262
15050,0.0030666169515248
15051,0.0029874548523761
15052,0.0030600458756816
15053,0.002980883776533
15054,0.0030385209017957
15055,0.0029593588026471
15056,0.0363563836894807
15057,0.036277221590332
15058,0.0363348587155948
15059,0.0362556966164461
15060,0.0363282876397516
15061,0.036249125540603
15062,0.0363067626658657
15063,0.0362276005667171
15064,0.076935099525227
15065,0.0768559374260784
15066,0.0769135745513412
15067,0.0768344124521925
15068,0.076907003475498
15069,0.0768278413763493
15070,0.0768854785016121
15071,0.0768063164024635
15072,-0.0379169842175408
15073,-0.0379961463166894
15074,-0.0379385091914267
15075,-0.0380176712905753
15076,-0.0379450802672699
15077,-0.0380242423664185
15078,-0.0379666052411558
15079,-0.0380457673403044
15080,0.0026617316182055
15081,0.0025825695190568
15082,0.0026402066443196
15083,0.002561044545171
15084,0.0026336355684764
15085,0.0025544734693278
15086,0.0026121105945905
15087,0.0025329484954419
15088,0.0359299733822755
15089,0.0358508112831268
15090,0.0359084484083896
15091,0.035829286309241
15092,0.0359018773325464
15093,0.0358227152333978
15094,0.0358803523586605
15095,0.0358011902595119
15096,0.0765086892180219
15097,0.0764295271188732
15098,0.076487164244136
15099,0.0764080021449873
15100,0.0764805931682928
15101,0.0764014310691441
15102,0.0764590681944069
15103,0.0763799060952583
15104,-0.0356607668436109
15105,-0.0357399289427596
15106,-0.0356822918174968
15107,-0.0357614539166455
15108,-0.03568886289334
15109,-0.0357680249924886
15110,-0.0357103878672259
15111,-0.0357895499663745
15112,0.0049179489921353
15113,0.0048387868929867
15114,0.0048964240182495
15115,0.0048172619191008
15116,0.0048898529424063
15117,0.0048106908432576
15118,0.0048683279685204
15119,0.0047891658693718
15120,0.0381861907562053
15121,0.0381070286570567
15122,0.0381646657823195
15123,0.0380855036831708
15124,0.0381580947064763
15125,0.0380789326073276
15126,0.0381365697325904
15127,0.0380574076334418
15128,0.0787649065919517
15129,0.0786857444928031
15130,0.0787433816180658
15131,0.0786642195189172
15132,0.0787368105422226
15133,0.078657648443074
15134,0.0787152855683368
15135,0.0786361234691881
15136,-0.0360871771508161
15137,-0.0361663392499648
15138,-0.036108702124702
15139,-0.0361878642238506
15140,-0.0361152732005452
15141,-0.0361944352996938
15142,-0.0361367981744311
15143,-0.0362159602735797
15144,0.0044915386849302
15145,0.0044123765857815
15146,0.0044700137110443
15147,0.0043908516118956
15148,0.0044634426352011
15149,0.0043842805360525
15150,0.0044419176613152
15151,0.0043627555621666
15152,0.0377597804490002
15153,0.0376806183498515
15154,0.0377382554751143
15155,0.0376590933759656
15156,0.0377316843992711
15157,0.0376525223001225
15158,0.0377101594253852
15159,0.0376309973262366
15160,0.0783384962847466
15161,0.0782593341855979
15162,0.0783169713108607
15163,0.078237809211712
15164,0.0783104002350175
15165,0.0782312381358688
15166,0.0782888752611316
15167,0.078209713161983
15168,-0.0321378654795875
15169,-0.0322170275787361
15170,-0.0321593904534734
15171,-0.032238552552622
15172,-0.0321659615293166
15173,-0.0322451236284652
15174,-0.0321874865032024
15175,-0.0322666486023511
15176,0.0084408503561588
15177,0.0083616882570102
15178,0.0084193253822729
15179,0.0083401632831243
15180,0.0084127543064297
15181,0.0083335922072811
15182,0.0083912293325439
15183,0.0083120672333952
15184,0.0417090921202288
15185,0.0416299300210802
15186,0.0416875671463429
15187,0.0416084050471943
15188,0.0416809960704997
15189,0.0416018339713511
15190,0.0416594710966139
15191,0.0415803089974652
15192,0.0822878079559752
15193,0.0822086458568265
15194,0.0822662829820893
15195,0.0821871208829407
15196,0.0822597119062461
15197,0.0821805498070975
15198,0.0822381869323602
15199,0.0821590248332116
15200,-0.0325642757867927
15201,-0.0326434378859413
15202,-0.0325858007606785
15203,-0.0326649628598272
15204,-0.0325923718365217
15205,-0.0326715339356704
15206,-0.0326138968104076
15207,-0.0326930589095562
15208,0.0080144400489536
15209,0.007935277949805
15210,0.0079929150750677
15211,0.0079137529759191
15212,0.0079863439992246
15213,0.0079071819000759
15214,0.0079648190253387
15215,0.00788565692619
15216,0.0412826818130236
15217,0.041203519713875
15218,0.0412611568391377
15219,0.0411819947399891
15220,0.0412545857632946
15221,0.0411754236641459
15222,0.0412330607894087
15223,0.04115389869026
15224,0.08186139764877
15225,0.0817822355496214
15226,0.0818398726748841
15227,0.0817607105757355
15228,0.0818333015990409
15229,0.0817541394998923
15230,0.0818117766251551
15231,0.0817326145260064
15232,-0.0360418516128744
15233,-0.0361210137120231
15234,-0.0360633765867603
15235,-0.0361425386859089
15236,-0.0360699476626035
15237,-0.0361491097617521
15238,-0.0360914726364894
15239,-0.036170634735638
15240,0.0045368642228719
15241,0.0044577021237232
15242,0.004515339248986
15243,0.0044361771498374
15244,0.0045087681731428
15245,0.0044296060739942
15246,0.0044872431992569
15247,0.0044080811001083
15248,0.0378051059869419
15249,0.0377259438877932
15250,0.037783581013056
15251,0.0377044189139074
15252,0.0377770099372128
15253,0.0376978478380642
15254,0.0377554849633269
15255,0.0376763228641783
15256,0.0783838218226883
15257,0.0783046597235396
15258,0.0783622968488024
15259,0.0782831347496537
15260,0.0783557257729592
15261,0.0782765636738105
15262,0.0783342007990733
15263,0.0782550386999247
15264,-0.0364682619200796
15265,-0.0365474240192282
15266,-0.0364897868939655
15267,-0.0365689489931141
15268,-0.0364963579698087
15269,-0.0365755200689573
15270,-0.0365178829436945
15271,-0.0365970450428432
15272,0.0041104539156667
15273,0.0040312918165181
15274,0.0040889289417808
15275,0.0040097668426322
15276,0.0040823578659376
15277,0.004003195766789
15278,0.0040608328920517
15279,0.0039816707929031
15280,0.0373786956797367
15281,0.0372995335805881
15282,0.0373571707058508
15283,0.0372780086067022
15284,0.0373505996300076
15285,0.037271437530859
15286,0.0373290746561217
15287,0.0372499125569731
15288,0.0779574115154831
15289,0.0778782494163344
15290,0.0779358865415972
15291,0.0778567244424486
15292,0.077929315465754
15293,0.0778501533666054
15294,0.0779077904918681
15295,0.0778286283927195
15296,-0.032518950248851
15297,-0.0325981123479996
15298,-0.0325404752227368
15299,-0.0326196373218855
15300,-0.03254704629858
15301,-0.0326262083977287
15302,-0.0325685712724659
15303,-0.0326477333716145
15304,0.0080597655868953
15305,0.0079806034877467
15306,0.0080382406130095
15307,0.0079590785138608
15308,0.0080316695371663
15309,0.0079525074380176
15310,0.0080101445632804
15311,0.0079309824641318
15312,0.0413280073509653
15313,0.0412488452518167
15314,0.0413064823770795
15315,0.0412273202779308
15316,0.0412999113012363
15317,0.0412207492020876
15318,0.0412783863273504
15319,0.0411992242282018
15320,0.0819067231867117
15321,0.0818275610875631
15322,0.0818851982128258
15323,0.0818060361136772
15324,0.0818786271369827
15325,0.081799465037834
15326,0.0818571021630968
15327,0.0817779400639481
15328,-0.0329453605560561
15329,-0.0330245226552048
15330,-0.032966885529942
15331,-0.0330460476290907
15332,-0.0329734566057852
15333,-0.0330526187049338
15334,-0.0329949815796711
15335,-0.0330741436788197
15336,0.0076333552796902
15337,0.0075541931805415
15338,0.0076118303058043
15339,0.0075326682066556
15340,0.0076052592299611
15341,0.0075260971308124
15342,0.0075837342560752
15343,0.0075045721569266
15344,0.0409015970437601
15345,0.0408224349446115
15346,0.0408800720698743
15347,0.0408009099707256
15348,0.0408735009940311
15349,0.0407943388948824
15350,0.0408519760201452
15351,0.0407728139209966
15352,0.0814803128795065
15353,0.0814011507803579
15354,0.0814587879056207
15355,0.081379625806472
15356,0.0814522168297775
15357,0.0813730547306288
15358,0.0814306918558916
15359,0.081351529756743
15360,-0.0631483236518586
15361,-0.0632274857510073
15362,-0.0631698486257445
15363,-0.0632490107248931
15364,-0.0631764197015877
15365,-0.0632555818007363
15366,-0.0631979446754736
15367,-0.0632771067746222
15368,-0.0225696078161122
15369,-0.0226487699152609
15370,-0.0225911327899981
15371,-0.0226702948891468
15372,-0.0225977038658413
15373,-0.0226768659649899
15374,-0.0226192288397272
15375,-0.0226983909388758
15376,0.0106986339479577
15377,0.010619471848809
15378,0.0106771089740718
15379,0.0105979468749231
15380,0.0106705378982286
15381,0.01059137579908
15382,0.0106490129243427
15383,0.0105698508251941
15384,0.051277349783704
15385,0.0511981876845554
15386,0.0512558248098182
15387,0.0511766627106695
15388,0.051249253733975
15389,0.0511700916348263
15390,0.0512277287600891
15391,0.0511485666609405
15392,-0.0635747339590638
15393,-0.0636538960582125
15394,-0.0635962589329497
15395,-0.0636754210320983
15396,-0.0636028300087929
15397,-0.0636819921079415
15398,-0.0636243549826788
15399,-0.0637035170818274
15400,-0.0229960181233174
15401,-0.0230751802224661
15402,-0.0230175430972033
15403,-0.0230967051963519
15404,-0.0230241141730465
15405,-0.0231032762721951
15406,-0.0230456391469324
15407,-0.023124801246081
15408,0.0102722236407525
15409,0.0101930615416038
15410,0.0102506986668666
15411,0.010171536567718
15412,0.0102441275910234
15413,0.0101649654918748
15414,0.0102226026171375
15415,0.0101434405179889
15416,0.0508509394764989
15417,0.0507717773773502
15418,0.050829414502613
15419,0.0507502524034643
15420,0.0508228434267698
15421,0.0507436813276212
15422,0.0508013184528839
15423,0.0507221563537353
15424,-0.0596254222878352
15425,-0.0597045843869838
15426,-0.0596469472617211
15427,-0.0597261093608697
15428,-0.0596535183375642
15429,-0.0597326804367129
15430,-0.0596750433114501
15431,-0.0597542054105987
15432,-0.0190467064520888
15433,-0.0191258685512374
15434,-0.0190682314259747
15435,-0.0191473935251233
15436,-0.0190748025018178
15437,-0.0191539646009665
15438,-0.0190963274757037
15439,-0.0191754895748524
15440,0.0142215353119811
15441,0.0141423732128325
15442,0.0142000103380952
15443,0.0141208482389466
15444,0.0141934392622521
15445,0.0141142771631034
15446,0.0141719142883662
15447,0.0140927521892175
15448,0.0548002511477275
15449,0.0547210890485789
15450,0.0547787261738416
15451,0.054699564074693
15452,0.0547721550979984
15453,0.0546929929988498
15454,0.0547506301241126
15455,0.0546714680249639
15456,-0.0600518325950403
15457,-0.060130994694189
15458,-0.0600733575689262
15459,-0.0601525196680749
15460,-0.0600799286447694
15461,-0.0601590907439181
15462,-0.0601014536186553
15463,-0.0601806157178039
15464,-0.019473116759294
15465,-0.0195522788584426
15466,-0.0194946417331798
15467,-0.0195738038323285
15468,-0.019501212809023
15469,-0.0195803749081717
15470,-0.0195227377829089
15471,-0.0196018998820575
15472,0.0137951250047759
15473,0.0137159629056273
15474,0.0137736000308901
15475,0.0136944379317414
15476,0.0137670289550469
15477,0.0136878668558982
15478,0.013745503981161
15479,0.0136663418820124
15480,0.0543738408405223
15481,0.0542946787413737
15482,0.0543523158666364
15483,0.0542731537674878
15484,0.0543457447907933
15485,0.0542665826916446
15486,0.0543242198169074
15487,0.0542450577177587
15488,-0.0635294084211221
15489,-0.0636085705202707
15490,-0.063550933395008
15491,-0.0636300954941566
15492,-0.0635575044708512
15493,-0.0636366665699998
15494,-0.063579029444737
15495,-0.0636581915438857
15496,-0.0229506925853757
15497,-0.0230298546845243
15498,-0.0229722175592616
15499,-0.0230513796584102
15500,-0.0229787886351048
15501,-0.0230579507342534
15502,-0.0230003136089907
15503,-0.0230794757081393
15504,0.0103175491786942
15505,0.0102383870795456
15506,0.0102960242048083
15507,0.0102168621056597
15508,0.0102894531289651
15509,0.0102102910298165
15510,0.0102679281550792
15511,0.0101887660559306
15512,0.0508962650144406
15513,0.0508171029152919
15514,0.0508747400405547
15515,0.0507955779414061
15516,0.0508681689647115
15517,0.0507890068655629
15518,0.0508466439908256
15519,0.050767481891677
15520,-0.0639558187283273
15521,-0.0640349808274759
15522,-0.0639773437022132
15523,-0.0640565058013618
15524,-0.0639839147780564
15525,-0.064063076877205
15526,-0.0640054397519422
15527,-0.0640846018510909
15528,-0.0233771028925809
15529,-0.0234562649917295
15530,-0.0233986278664668
15531,-0.0234777899656154
15532,-0.02340519894231
15533,-0.0234843610414586
15534,-0.0234267239161958
15535,-0.0235058860153445
15536,0.009891138871489
15537,0.0098119767723404
15538,0.0098696138976031
15539,0.0097904517984545
15540,0.0098630428217599
15541,0.0097838807226113
15542,0.0098415178478741
15543,0.0097623557487254
15544,0.0504698547072354
15545,0.0503906926080868
15546,0.0504483297333495
15547,0.0503691676342009
15548,0.0504417586575063
15549,0.0503625965583577
15550,0.0504202336836204
15551,0.0503410715844718
15552,-0.0600065070570986
15553,-0.0600856691562473
15554,-0.0600280320309845
15555,-0.0601071941301332
15556,-0.0600346031068277
15557,-0.0601137652059763
15558,-0.0600561280807136
15559,-0.0601352901798622
15560,-0.0194277912213522
15561,-0.0195069533205009
15562,-0.0194493161952381
15563,-0.0195284782943868
15564,-0.0194558872710813
15565,-0.0195350493702299
15566,-0.0194774122449672
15567,-0.0195565743441158
15568,0.0138404505427176
15569,0.013761288443569
15570,0.0138189255688318
15571,0.0137397634696831
15572,0.0138123544929886
15573,0.0137331923938399
15574,0.0137908295191027
15575,0.0137116674199541
15576,0.054419166378464
15577,0.0543400042793154
15578,0.0543976414045782
15579,0.0543184793054295
15580,0.054391070328735
15581,0.0543119082295863
15582,0.0543695453548491
15583,0.0542903832557005
15584,-0.0604329173643038
15585,-0.0605120794634524
15586,-0.0604544423381897
15587,-0.0605336044373383
15588,-0.0604610134140329
15589,-0.0605401755131815
15590,-0.0604825383879188
15591,-0.0605617004870674
15592,-0.0198542015285574
15593,-0.0199333636277061
15594,-0.0198757265024433
15595,-0.0199548886015919
15596,-0.0198822975782865
15597,-0.0199614596774351
15598,-0.0199038225521724
15599,-0.019982984651321
15600,0.0134140402355125
15601,0.0133348781363638
15602,0.0133925152616266
15603,0.013313353162478
15604,0.0133859441857834
15605,0.0133067820866348
15606,0.0133644192118975
15607,0.0132852571127489
15608,0.0539927560712589
15609,0.0539135939721102
15610,0.053971231097373
15611,0.0538920689982243
15612,0.0539646600215298
15613,0.0538854979223812
15614,0.0539431350476439
15615,0.0538639729484953
15616,-0.0581766999903739
15617,-0.0582558620895226
15618,-0.0581982249642598
15619,-0.0582773870634085
15620,-0.058204796040103
15621,-0.0582839581392517
15622,-0.0582263210139889
15623,-0.0583054831131375
15624,-0.0175979841546276
15625,-0.0176771462537762
15626,-0.0176195091285134
15627,-0.0176986712276621
15628,-0.0176260802043566
15629,-0.0177052423035053
15630,-0.0176476051782425
15631,-0.0177267672773911
15632,0.0156702576094423
15633,0.0155910955102937
15634,0.0156487326355565
15635,0.0155695705364078
15636,0.0156421615597133
15637,0.0155629994605646
15638,0.0156206365858274
15639,0.0155414744866788
15640,0.0562489734451887
15641,0.0561698113460401
15642,0.0562274484713028
15643,0.0561482863721542
15644,0.0562208773954597
15645,0.056141715296311
15646,0.0561993524215738
15647,0.0561201903224251
15648,-0.0586031102975791
15649,-0.0586822723967278
15650,-0.058624635271465
15651,-0.0587037973706136
15652,-0.0586312063473082
15653,-0.0587103684464568
15654,-0.0586527313211941
15655,-0.0587318934203427
15656,-0.0180243944618327
15657,-0.0181035565609814
15658,-0.0180459194357186
15659,-0.0181250815348673
15660,-0.0180524905115618
15661,-0.0181316526107104
15662,-0.0180740154854477
15663,-0.0181531775845963
15664,0.0152438473022372
15665,0.0151646852030885
15666,0.0152223223283513
15667,0.0151431602292026
15668,0.0152157512525081
15669,0.0151365891533595
15670,0.0151942262786222
15671,0.0151150641794736
15672,0.0558225631379835
15673,0.0557434010388349
15674,0.0558010381640977
15675,0.055721876064949
15676,0.0557944670882545
15677,0.0557153049891058
15678,0.0557729421143686
15679,0.05569378001522
15680,-0.0546537986263505
15681,-0.0547329607254991
15682,-0.0546753236002364
15683,-0.054754485699385
15684,-0.0546818946760796
15685,-0.0547610567752282
15686,-0.0547034196499654
15687,-0.0547825817491141
15688,-0.0140750827906041
15689,-0.0141542448897527
15690,-0.01409660776449
15691,-0.0141757698636386
15692,-0.0141031788403332
15693,-0.0141823409394818
15694,-0.014124703814219
15695,-0.0142038659133677
15696,0.0191931589734658
15697,0.0191139968743172
15698,0.0191716339995799
15699,0.0190924719004313
15700,0.0191650629237367
15701,0.0190859008245881
15702,0.0191435379498509
15703,0.0190643758507022
15704,0.0597718748092122
15705,0.0596927127100635
15706,0.0597503498353263
15707,0.0596711877361777
15708,0.0597437787594831
15709,0.0596646166603345
15710,0.0597222537855972
15711,0.0596430916864486
15712,-0.0550802089335557
15713,-0.0551593710327043
15714,-0.0551017339074415
15715,-0.0551808960065902
15716,-0.0551083049832847
15717,-0.0551874670824334
15718,-0.0551298299571706
15719,-0.0552089920563193
15720,-0.0145014930978093
15721,-0.0145806551969579
15722,-0.0145230180716952
15723,-0.0146021801708438
15724,-0.0145295891475383
15725,-0.014608751246687
15726,-0.0145511141214242
15727,-0.0146302762205729
15728,0.0187667486662606
15729,0.018687586567112
15730,0.0187452236923747
15731,0.0186660615932261
15732,0.0187386526165315
15733,0.0186594905173829
15734,0.0187171276426457
15735,0.018637965543497
15736,0.059345464502007
15737,0.0592663024028584
15738,0.0593239395281211
15739,0.0592447774289725
15740,0.0593173684522779
15741,0.0592382063531293
15742,0.0592958434783921
15743,0.0592166813792434
15744,-0.0585577847596374
15745,-0.058636946858786
15746,-0.0585793097335233
15747,-0.0586584718326719
15748,-0.0585858808093665
15749,-0.0586650429085151
15750,-0.0586074057832524
15751,-0.058686567882401
15752,-0.017979068923891
15753,-0.0180582310230397
15754,-0.0180005938977769
15755,-0.0180797559969255
15756,-0.0180071649736201
15757,-0.0180863270727687
15758,-0.018028689947506
15759,-0.0181078520466546
15760,0.0152891728401789
15761,0.0152100107410302
15762,0.015267647866293
15763,0.0151884857671444
15764,0.0152610767904498
15765,0.0151819146913012
15766,0.0152395518165639
15767,0.0151603897174153
15768,0.0558678886759253
15769,0.0557887265767766
15770,0.0558463637020394
15771,0.0557672016028907
15772,0.0558397926261962
15773,0.0557606305270476
15774,0.0558182676523103
15775,0.0557391055531617
15776,-0.0589841950668426
15777,-0.0590633571659912
15778,-0.0590057200407285
15779,-0.0590848821398771
15780,-0.0590122911165717
15781,-0.0590914532157203
15782,-0.0590338160904575
15783,-0.0591129781896062
15784,-0.0184054792310962
15785,-0.0184846413302449
15786,-0.0184270042049821
15787,-0.0185061663041307
15788,-0.0184335752808253
15789,-0.0185127373799739
15790,-0.0184551002547112
15791,-0.0185342623538598
15792,0.0148627625329737
15793,0.014783600433825
15794,0.0148412375590878
15795,0.0147620754599392
15796,0.0148346664832446
15797,0.014755504384096
15798,0.0148131415093587
15799,0.0147339794102101
15800,0.0554414783687201
15801,0.0553623162695714
15802,0.0554199533948342
15803,0.0553407912956856
15804,0.055413382318991
15805,0.0553342202198424
15806,0.0553918573451051
15807,0.0553126952459565
15808,-0.055034883395614
15809,-0.0551140454947626
15810,-0.0550564083694998
15811,-0.0551355704686485
15812,-0.055062979445343
15813,-0.0551421415444917
15814,-0.0550845044192289
15815,-0.0551636665183775
15816,-0.0144561675598676
15817,-0.0145353296590162
15818,-0.0144776925337534
15819,-0.0145568546329021
15820,-0.0144842636095966
15821,-0.0145634257087453
15822,-0.0145057885834825
15823,-0.0145849506826312
15824,0.0188120742042023
15825,0.0187329121050537
15826,0.0187905492303164
15827,0.0187113871311678
15828,0.0187839781544733
15829,0.0187048160553246
15830,0.0187624531805874
15831,0.0186832910814387
15832,0.0593907900399487
15833,0.0593116279408001
15834,0.0593692650660628
15835,0.0592901029669142
15836,0.0593626939902196
15837,0.059283531891071
15838,0.0593411690163338
15839,0.0592620069171851
15840,-0.0554612937028191
15841,-0.0555404558019678
15842,-0.055482818676705
15843,-0.0555619807758537
15844,-0.0554893897525482
15845,-0.0555685518516968
15846,-0.0555109147264341
15847,-0.0555900768255827
15848,-0.0148825778670728
15849,-0.0149617399662214
15850,-0.0149041028409586
15851,-0.0149832649401073
15852,-0.0149106739168018
15853,-0.0149898360159505
15854,-0.0149321988906877
15855,-0.0150113609898363
15856,0.0183856638969971
15857,0.0183065017978485
15858,0.0183641389231113
15859,0.0182849768239626
15860,0.0183575678472681
15861,0.0182784057481194
15862,0.0183360428733822
15863,0.0182568807742336
15864,0.0589643797327435
15865,0.0588852176335949
15866,0.0589428547588577
15867,0.058863692659709
15868,0.0589362836830145
15869,0.0588571215838658
15870,0.0589147587091286
15871,0.0588355966099799
15872,-0.0405601881821157
15873,-0.0406393502812643
15874,-0.0405817131560015
15875,-0.0406608752551502
15876,-0.0405882842318447
15877,-0.0406674463309934
15878,-0.0406098092057306
15879,-0.0406889713048792
15880,1.8527653630684422e-05
15881,-6.063444551795231e-05
15882,-2.997320255193614e-06
15883,-8.215941940383035e-05
15884,-9.56839609838056e-06
15885,-8.873049524701729e-05
15886,-3.10933699842586e-05
15887,-0.0001102554691328
15888,0.0332867694177006
15889,0.033207607318552
15890,0.0332652444438148
15891,0.0331860823446661
15892,0.0332586733679716
15893,0.0331795112688229
15894,0.0332371483940857
15895,0.033157986294937
15896,0.073865485253447
15897,0.0737863231542984
15898,0.0738439602795611
15899,0.0737647981804125
15900,0.073837389203718
15901,0.0737582271045693
15902,0.0738158642298321
15903,0.0737367021306834
15904,-0.0409865984893208
15905,-0.0410657605884695
15906,-0.0410081234632067
15907,-0.0410872855623554
15908,-0.0410146945390499
15909,-0.0410938566381985
15910,-0.0410362195129358
15911,-0.0411153816120844
15912,-0.0004078826535744
15913,-0.0004870447527231
15914,-0.0004294076274603
15915,-0.000508569726609
15916,-0.0004359787033035
15917,-0.0005151408024522
15918,-0.0004575036771894
15919,-0.000536665776338
15920,0.0328603591104954
15921,0.0327811970113468
15922,0.0328388341366096
15923,0.0327596720374609
15924,0.0328322630607664
15925,0.0327531009616177
15926,0.0328107380868805
15927,0.0327315759877319
15928,0.0734390749462418
15929,0.0733599128470932
15930,0.073417549972356
15931,0.0733383878732073
15932,0.0734109788965128
15933,0.0733318167973641
15934,0.0733894539226269
15935,0.0733102918234783
15936,-0.0370372868180922
15937,-0.0371164489172408
15938,-0.0370588117919781
15939,-0.0371379738911267
15940,-0.0370653828678213
15941,-0.0371445449669699
15942,-0.0370869078417071
15943,-0.0371660699408558
15944,0.0035414290176541
15945,0.0034622669185055
15946,0.0035199040437682
15947,0.0034407419446196
15948,0.003513332967925
15949,0.0034341708687764
15950,0.0034918079940392
15951,0.0034126458948905
15952,0.0368096707817241
15953,0.0367305086825755
15954,0.0367881458078382
15955,0.0367089837086896
15956,0.036781574731995
15957,0.0367024126328464
15958,0.0367600497581091
15959,0.0366808876589605
15960,0.0773883866174705
15961,0.0773092245183218
15962,0.0773668616435846
15963,0.077287699544436
15964,0.0773602905677414
15965,0.0772811284685928
15966,0.0773387655938555
15967,0.0772596034947069
15968,-0.0374636971252974
15969,-0.037542859224446
15970,-0.0374852220991833
15971,-0.0375643841983319
15972,-0.0374917931750264
15973,-0.0375709552741751
15974,-0.0375133181489123
15975,-0.037592480248061
15976,0.0031150187104489
15977,0.0030358566113003
15978,0.003093493736563
15979,0.0030143316374144
15980,0.0030869226607198
15981,0.0030077605615712
15982,0.003065397686834
15983,0.0029862355876853
15984,0.0363832604745189
15985,0.0363040983753703
15986,0.036361735500633
15987,0.0362825734014844
15988,0.0363551644247898
15989,0.0362760023256412
15990,0.036333639450904
15991,0.0362544773517553
15992,0.0769619763102653
15993,0.0768828142111167
15994,0.0769404513363794
15995,0.0768612892372308
15996,0.0769338802605362
15997,0.0768547181613876
15998,0.0769123552866503
15999,0.0768331931875017
16000,-0.0409412729513791
16001,-0.0410204350505278
16002,-0.040962797925265
16003,-0.0410419600244136
16004,-0.0409693690011082
16005,-0.0410485311002568
16006,-0.0409908939749941
16007,-0.0410700560741427
16008,-0.0003625571156327
16009,-0.0004417192147814
16010,-0.0003840820895186
16011,-0.0004632441886673
16012,-0.0003906531653618
16013,-0.0004698152645104
16014,-0.0004121781392477
16015,-0.0004913402383963
16016,0.0329056846484372
16017,0.0328265225492885
16018,0.0328841596745513
16019,0.0328049975754026
16020,0.0328775885987081
16021,0.0327984264995595
16022,0.0328560636248222
16023,0.0327769015256736
16024,0.0734844004841836
16025,0.0734052383850349
16026,0.0734628755102977
16027,0.073383713411149
16028,0.0734563044344545
16029,0.0733771423353058
16030,0.0734347794605686
16031,0.07335561736142
16032,-0.0413676832585843
16033,-0.0414468453577329
16034,-0.0413892082324702
16035,-0.0414683703316188
16036,-0.0413957793083134
16037,-0.041474941407462
16038,-0.0414173042821992
16039,-0.0414964663813479
16040,-0.0007889674228379
16041,-0.0008681295219866
16042,-0.0008104923967238
16043,-0.0008896544958724
16044,-0.000817063472567
16045,-0.0008962255717156
16046,-0.0008385884464529
16047,-0.0009177505456015
16048,0.032479274341232
16049,0.0324001122420833
16050,0.0324577493673461
16051,0.0323785872681975
16052,0.0324511782915029
16053,0.0323720161923543
16054,0.032429653317617
16055,0.0323504912184684
16056,0.0730579901769784
16057,0.0729788280778297
16058,0.0730364652030925
16059,0.0729573031039439
16060,0.0730298941272493
16061,0.0729507320281007
16062,0.0730083691533634
16063,0.0729292070542148
16064,-0.0374183715873557
16065,-0.0374975336865043
16066,-0.0374398965612415
16067,-0.0375190586603902
16068,-0.0374464676370847
16069,-0.0375256297362334
16070,-0.0374679926109706
16071,-0.0375471547101192
16072,0.0031603442483906
16073,0.003081182149242
16074,0.0031388192745047
16075,0.0030596571753561
16076,0.0031322481986616
16077,0.0030530860995129
16078,0.0031107232247757
16079,0.003031561125627
16080,0.0364285860124606
16081,0.036349423913312
16082,0.0364070610385747
16083,0.0363278989394261
16084,0.0364004899627316
16085,0.0363213278635829
16086,0.0363789649888457
16087,0.036299802889697
16088,0.077007301848207
16089,0.0769281397490584
16090,0.0769857768743211
16091,0.0769066147751725
16092,0.0769792057984779
16093,0.0769000436993293
16094,0.0769576808245921
16095,0.0768785187254434
16096,-0.0378447818945608
16097,-0.0379239439937095
16098,-0.0378663068684467
16099,-0.0379454689675954
16100,-0.0378728779442899
16101,-0.0379520400434385
16102,-0.0378944029181758
16103,-0.0379735650173244
16104,0.0027339339411854
16105,0.0026547718420368
16106,0.0027124089672996
16107,0.0026332468681509
16108,0.0027058378914564
16109,0.0026266757923077
16110,0.0026843129175705
16111,0.0026051508184219
16112,0.0360021757052554
16113,0.0359230136061068
16114,0.0359806507313696
16115,0.0359014886322209
16116,0.0359740796555264
16117,0.0358949175563777
16118,0.0359525546816405
16119,0.0358733925824919
16120,0.0765808915410018
16121,0.0765017294418532
16122,0.076559366567116
16123,0.0764802044679673
16124,0.0765527954912728
16125,0.0764736333921241
16126,0.0765312705173869
16127,0.0764521084182382
16128,-0.035588564520631
16129,-0.0356677266197796
16130,-0.0356100894945169
16131,-0.0356892515936655
16132,-0.03561666057036
16133,-0.0356958226695087
16134,-0.0356381855442459
16135,-0.0357173476433946
16136,0.0049901513151153
16137,0.0049109892159667
16138,0.0049686263412294
16139,0.0048894642420808
16140,0.0049620552653862
16141,0.0048828931662376
16142,0.0049405302915004
16143,0.0048613681923517
16144,0.0382583930791853
16145,0.0381792309800367
16146,0.0382368681052994
16147,0.0381577060061508
16148,0.0382302970294562
16149,0.0381511349303076
16150,0.0382087720555704
16151,0.0381296099564217
16152,0.0788371089149317
16153,0.0787579468157831
16154,0.0788155839410458
16155,0.0787364218418972
16156,0.0788090128652026
16157,0.078729850766054
16158,0.0787874878913167
16159,0.0787083257921681
16160,-0.0360149748278362
16161,-0.0360941369269848
16162,-0.036036499801722
16163,-0.0361156619008707
16164,-0.0360430708775652
16165,-0.0361222329767139
16166,-0.0360645958514511
16167,-0.0361437579505997
16168,0.0045637410079101
16169,0.0044845789087615
16170,0.0045422160340243
16171,0.0044630539348756
16172,0.0045356449581811
16173,0.0044564828590324
16174,0.0045141199842952
16175,0.0044349578851465
16176,0.0378319827719801
16177,0.0377528206728315
16178,0.0378104577980943
16179,0.0377312956989456
16180,0.0378038867222511
16181,0.0377247246231024
16182,0.0377823617483652
16183,0.0377031996492166
16184,0.0784106986077265
16185,0.0783315365085779
16186,0.0783891736338406
16187,0.078310011534692
16188,0.0783826025579974
16189,0.0783034404588488
16190,0.0783610775841116
16191,0.0782819154849629
16192,-0.0320656631566075
16193,-0.0321448252557562
16194,-0.0320871881304934
16195,-0.032166350229642
16196,-0.0320937592063366
16197,-0.0321729213054852
16198,-0.0321152841802225
16199,-0.0321944462793711
16200,0.0085130526791388
16201,0.0084338905799901
16202,0.0084915277052529
16203,0.0084123656061043
16204,0.0084849566294097
16205,0.0084057945302611
16206,0.0084634316555238
16207,0.0083842695563752
16208,0.0417812944432088
16209,0.0417021323440601
16210,0.0417597694693229
16211,0.0416806073701743
16212,0.0417531983934797
16213,0.0416740362943311
16214,0.0417316734195938
16215,0.0416525113204452
16216,0.0823600102789551
16217,0.0822808481798065
16218,0.0823384853050693
16219,0.0822593232059206
16220,0.0823319142292261
16221,0.0822527521300775
16222,0.0823103892553402
16223,0.0822312271561916
16224,-0.0324920734638127
16225,-0.0325712355629613
16226,-0.0325135984376986
16227,-0.0325927605368472
16228,-0.0325201695135418
16229,-0.0325993316126904
16230,-0.0325416944874276
16231,-0.0326208565865763
16232,0.0080866423719336
16233,0.008007480272785
16234,0.0080651173980477
16235,0.0079859552988991
16236,0.0080585463222045
16237,0.0079793842230559
16238,0.0080370213483186
16239,0.00795785924917
16240,0.0413548841360036
16241,0.041275722036855
16242,0.0413333591621177
16243,0.0412541970629691
16244,0.0413267880862745
16245,0.0412476259871259
16246,0.0413052631123886
16247,0.04122610101324
16248,0.08193359997175
16249,0.0818544378726013
16250,0.0819120749978641
16251,0.0818329128987154
16252,0.0819055039220209
16253,0.0818263418228723
16254,0.081883978948135
16255,0.0818048168489864
16256,-0.0359696492898945
16257,-0.0360488113890431
16258,-0.0359911742637803
16259,-0.036070336362929
16260,-0.0359977453396235
16261,-0.0360769074387722
16262,-0.0360192703135094
16263,-0.036098432412658
16264,0.0046090665458518
16265,0.0045299044467032
16266,0.004587541571966
16267,0.0045083794728173
16268,0.0045809704961228
16269,0.0045018083969741
16270,0.0045594455222369
16271,0.0044802834230883
16272,0.0378773083099218
16273,0.0377981462107732
16274,0.037855783336036
16275,0.0377766212368873
16276,0.0378492122601928
16277,0.0377700501610441
16278,0.0378276872863069
16279,0.0377485251871583
16280,0.0784560241456682
16281,0.0783768620465196
16282,0.0784344991717824
16283,0.0783553370726337
16284,0.0784279280959392
16285,0.0783487659967905
16286,0.0784064031220533
16287,0.0783272410229046
16288,-0.0363960595970996
16289,-0.0364752216962483
16290,-0.0364175845709855
16291,-0.0364967466701341
16292,-0.0364241556468287
16293,-0.0365033177459773
16294,-0.0364456806207146
16295,-0.0365248427198632
16296,0.0041826562386467
16297,0.004103494139498
16298,0.0041611312647608
16299,0.0040819691656121
16300,0.0041545601889176
16301,0.004075398089769
16302,0.0041330352150317
16303,0.0040538731158831
16304,0.0374508980027167
16305,0.037371735903568
16306,0.0374293730288308
16307,0.0373502109296821
16308,0.0374228019529876
16309,0.037343639853839
16310,0.0374012769791017
16311,0.0373221148799531
16312,0.078029613838463
16313,0.0779504517393144
16314,0.0780080888645771
16315,0.0779289267654285
16316,0.078001517788734
16317,0.0779223556895853
16318,0.0779799928148481
16319,0.0779008307156995
16320,-0.032446747925871
16321,-0.0325259100250196
16322,-0.0324682728997569
16323,-0.0325474349989055
16324,-0.0324748439756001
16325,-0.0325540060747487
16326,-0.0324963689494859
16327,-0.0325755310486346
16328,0.0081319679098753
16329,0.0080528058107267
16330,0.0081104429359894
16331,0.0080312808368408
16332,0.0081038718601462
16333,0.0080247097609976
16334,0.0080823468862604
16335,0.0080031847871117
16336,0.0414002096739453
16337,0.0413210475747967
16338,0.0413786847000594
16339,0.0412995226009108
16340,0.0413721136242162
16341,0.0412929515250676
16342,0.0413505886503304
16343,0.0412714265511817
16344,0.0819789255096917
16345,0.081899763410543
16346,0.0819574005358058
16347,0.0818782384366572
16348,0.0819508294599626
16349,0.081871667360814
16350,0.0819293044860767
16351,0.0818501423869281
16352,-0.0328731582330762
16353,-0.0329523203322248
16354,-0.032894683206962
16355,-0.0329738453061107
16356,-0.0329012542828052
16357,-0.0329804163819539
16358,-0.0329227792566911
16359,-0.0330019413558397
16360,0.0077055576026701
16361,0.0076263955035215
16362,0.0076840326287842
16363,0.0076048705296356
16364,0.0076774615529411
16365,0.0075982994537924
16366,0.0076559365790552
16367,0.0075767744799065
16368,0.0409737993667401
16369,0.0408946372675915
16370,0.0409522743928542
16371,0.0408731122937056
16372,0.0409457033170111
16373,0.0408665412178624
16374,0.0409241783431252
16375,0.0408450162439765
16376,0.0815525152024865
16377,0.0814733531033379
16378,0.0815309902286006
16379,0.081451828129452
16380,0.0815244191527574
16381,0.0814452570536088
16382,0.0815028941788715
16383,0.0814237320797229
16384,-0.0814237320797229
16385,-0.0815028941788715
16386,-0.0814452570536088
16387,-0.0815244191527574
16388,-0.081451828129452
16389,-0.0815309902286006
16390,-0.0814733531033379
16391,-0.0815525152024865
16392,-0.0408450162439765
16393,-0.0409241783431252
16394,-0.0408665412178624
16395,-0.0409457033170111
16396,-0.0408731122937056
16397,-0.0409522743928542
16398,-0.0408946372675915
16399,-0.0409737993667401
16400,-0.0075767744799065
16401,-0.0076559365790552
16402,-0.0075982994537924
16403,-0.0076774615529411
16404,-0.0076048705296356
16405,-0.0076840326287842
16406,-0.0076263955035215
16407,-0.0077055576026701
16408,0.0330019413558397
16409,0.0329227792566911
16410,0.0329804163819539
16411,0.0329012542828052
16412,0.0329738453061107
16413,0.032894683206962
16414,0.0329523203322248
16415,0.0328731582330762
16416,-0.0818501423869281
16417,-0.0819293044860767
16418,-0.081871667360814
16419,-0.0819508294599626
16420,-0.0818782384366572
16421,-0.0819574005358058
16422,-0.081899763410543
16423,-0.0819789255096917
16424,-0.0412714265511817
16425,-0.0413505886503304
16426,-0.0412929515250676
16427,-0.0413721136242162
16428,-0.0412995226009108
16429,-0.0413786847000594
16430,-0.0413210475747967
16431,-0.0414002096739453
16432,-0.0080031847871117
16433,-0.0080823468862604
16434,-0.0080247097609976
16435,-0.0081038718601462
16436,-0.0080312808368408
16437,-0.0081104429359894
16438,-0.0080528058107267
16439,-0.0081319679098753
16440,0.0325755310486346
16441,0.0324963689494859
16442,0.0325540060747487
16443,0.0324748439756001
16444,0.0325474349989055
16445,0.0324682728997569
16446,0.0325259100250196
16447,0.032446747925871
16448,-0.0779008307156995
16449,-0.0779799928148481
16450,-0.0779223556895853
16451,-0.078001517788734
16452,-0.0779289267654285
16453,-0.0780080888645771
16454,-0.0779504517393144
16455,-0.078029613838463
16456,-0.0373221148799531
16457,-0.0374012769791017
16458,-0.037343639853839
16459,-0.0374228019529876
16460,-0.0373502109296821
16461,-0.0374293730288308
16462,-0.037371735903568
16463,-0.0374508980027167
16464,-0.0040538731158831
16465,-0.0041330352150317
16466,-0.004075398089769
16467,-0.0041545601889176
16468,-0.0040819691656121
16469,-0.0041611312647608
16470,-0.004103494139498
16471,-0.0041826562386467
16472,0.0365248427198632
16473,0.0364456806207146
16474,0.0365033177459773
16475,0.0364241556468287
16476,0.0364967466701341
16477,0.0364175845709855
16478,0.0364752216962483
16479,0.0363960595970996
16480,-0.0783272410229046
16481,-0.0784064031220533
16482,-0.0783487659967905
16483,-0.0784279280959392
16484,-0.0783553370726337
16485,-0.0784344991717824
16486,-0.0783768620465196
16487,-0.0784560241456682
16488,-0.0377485251871583
16489,-0.0378276872863069
16490,-0.0377700501610441
16491,-0.0378492122601928
16492,-0.0377766212368873
16493,-0.037855783336036
16494,-0.0377981462107732
16495,-0.0378773083099218
16496,-0.0044802834230883
16497,-0.0045594455222369
16498,-0.0045018083969741
16499,-0.0045809704961228
16500,-0.0045083794728173
16501,-0.004587541571966
16502,-0.0045299044467032
16503,-0.0046090665458518
16504,0.036098432412658
16505,0.0360192703135094
16506,0.0360769074387722
16507,0.0359977453396235
16508,0.036070336362929
16509,0.0359911742637803
16510,0.0360488113890431
16511,0.0359696492898945
16512,-0.0818048168489864
16513,-0.081883978948135
16514,-0.0818263418228723
16515,-0.0819055039220209
16516,-0.0818329128987154
16517,-0.0819120749978641
16518,-0.0818544378726013
16519,-0.08193359997175
16520,-0.04122610101324
16521,-0.0413052631123886
16522,-0.0412476259871259
16523,-0.0413267880862745
16524,-0.0412541970629691
16525,-0.0413333591621177
16526,-0.041275722036855
16527,-0.0413548841360036
16528,-0.00795785924917
16529,-0.0080370213483186
16530,-0.0079793842230559
16531,-0.0080585463222045
16532,-0.0079859552988991
16533,-0.0080651173980477
16534,-0.008007480272785
16535,-0.0080866423719336
16536,0.0326208565865763
16537,0.0325416944874276
16538,0.0325993316126904
16539,0.0325201695135418
16540,0.0325927605368472
16541,0.0325135984376986
16542,0.0325712355629613
16543,0.0324920734638127
16544,-0.0822312271561916
16545,-0.0823103892553402
16546,-0.0822527521300775
16547,-0.0823319142292261
16548,-0.0822593232059206
16549,-0.0823384853050693
16550,-0.0822808481798065
16551,-0.0823600102789551
16552,-0.0416525113204452
16553,-0.0417316734195938
16554,-0.0416740362943311
16555,-0.0417531983934797
16556,-0.0416806073701743
16557,-0.0417597694693229
16558,-0.0417021323440601
16559,-0.0417812944432088
16560,-0.0083842695563752
16561,-0.0084634316555238
16562,-0.0084057945302611
16563,-0.0084849566294097
16564,-0.0084123656061043
16565,-0.0084915277052529
16566,-0.0084338905799901
16567,-0.0085130526791388
16568,0.0321944462793711
16569,0.0321152841802225
16570,0.0321729213054852
16571,0.0320937592063366
16572,0.032166350229642
16573,0.0320871881304934
16574,0.0321448252557562
16575,0.0320656631566075
16576,-0.0782819154849629
16577,-0.0783610775841116
16578,-0.0783034404588488
16579,-0.0783826025579974
16580,-0.078310011534692
16581,-0.0783891736338406
16582,-0.0783315365085779
16583,-0.0784106986077265
16584,-0.0377031996492166
16585,-0.0377823617483652
16586,-0.0377247246231024
16587,-0.0378038867222511
16588,-0.0377312956989456
16589,-0.0378104577980943
16590,-0.0377528206728315
16591,-0.0378319827719801
16592,-0.0044349578851465
16593,-0.0045141199842952
16594,-0.0044564828590324
16595,-0.0045356449581811
16596,-0.0044630539348756
16597,-0.0045422160340243
16598,-0.0044845789087615
16599,-0.0045637410079101
16600,0.0361437579505997
16601,0.0360645958514511
16602,0.0361222329767139
16603,0.0360430708775652
16604,0.0361156619008707
16605,0.036036499801722
16606,0.0360941369269848
16607,0.0360149748278362
16608,-0.0787083257921681
16609,-0.0787874878913167
16610,-0.078729850766054
16611,-0.0788090128652026
16612,-0.0787364218418972
16613,-0.0788155839410458
16614,-0.0787579468157831
16615,-0.0788371089149317
16616,-0.0381296099564217
16617,-0.0382087720555704
16618,-0.0381511349303076
16619,-0.0382302970294562
16620,-0.0381577060061508
16621,-0.0382368681052994
16622,-0.0381792309800367
16623,-0.0382583930791853
16624,-0.0048613681923517
16625,-0.0049405302915004
16626,-0.0048828931662376
16627,-0.0049620552653862
16628,-0.0048894642420808
16629,-0.0049686263412294
16630,-0.0049109892159667
16631,-0.0049901513151153
16632,0.0357173476433946
16633,0.0356381855442459
16634,0.0356958226695087
16635,0.03561666057036
16636,0.0356892515936655
16637,0.0356100894945169
16638,0.0356677266197796
16639,0.035588564520631
16640,-0.0764521084182382
16641,-0.0765312705173869
16642,-0.0764736333921241
16643,-0.0765527954912728
16644,-0.0764802044679673
16645,-0.076559366567116
16646,-0.0765017294418532
16647,-0.0765808915410018
16648,-0.0358733925824919
16649,-0.0359525546816405
16650,-0.0358949175563777
16651,-0.0359740796555264
16652,-0.0359014886322209
16653,-0.0359806507313696
16654,-0.0359230136061068
16655,-0.0360021757052554
16656,-0.0026051508184219
16657,-0.0026843129175705
16658,-0.0026266757923077
16659,-0.0027058378914564
16660,-0.0026332468681509
16661,-0.0027124089672996
16662,-0.0026547718420368
16663,-0.0027339339411854
16664,0.0379735650173244
16665,0.0378944029181758
16666,0.0379520400434385
16667,0.0378728779442899
16668,0.0379454689675954
16669,0.0378663068684467
16670,0.0379239439937095
16671,0.0378447818945608
16672,-0.0768785187254434
16673,-0.0769576808245921
16674,-0.0769000436993293
16675,-0.0769792057984779
16676,-0.0769066147751725
16677,-0.0769857768743211
16678,-0.0769281397490584
16679,-0.077007301848207
16680,-0.036299802889697
16681,-0.0363789649888457
16682,-0.0363213278635829
16683,-0.0364004899627316
16684,-0.0363278989394261
16685,-0.0364070610385747
16686,-0.036349423913312
16687,-0.0364285860124606
16688,-0.003031561125627
16689,-0.0031107232247757
16690,-0.0030530860995129
16691,-0.0031322481986616
16692,-0.0030596571753561
16693,-0.0031388192745047
16694,-0.003081182149242
16695,-0.0031603442483906
16696,0.0375471547101192
16697,0.0374679926109706
16698,0.0375256297362334
16699,0.0374464676370847
16700,0.0375190586603902
16701,0.0374398965612415
16702,0.0374975336865043
16703,0.0374183715873557
16704,-0.0729292070542148
16705,-0.0730083691533634
16706,-0.0729507320281007
16707,-0.0730298941272493
16708,-0.0729573031039439
16709,-0.0730364652030925
16710,-0.0729788280778297
16711,-0.0730579901769784
16712,-0.0323504912184684
16713,-0.032429653317617
16714,-0.0323720161923543
16715,-0.0324511782915029
16716,-0.0323785872681975
16717,-0.0324577493673461
16718,-0.0324001122420833
16719,-0.032479274341232
16720,0.0009177505456015
16721,0.0008385884464529
16722,0.0008962255717156
16723,0.000817063472567
16724,0.0008896544958724
16725,0.0008104923967238
16726,0.0008681295219866
16727,0.0007889674228379
16728,0.0414964663813479
16729,0.0414173042821992
16730,0.041474941407462
16731,0.0413957793083134
16732,0.0414683703316188
16733,0.0413892082324702
16734,0.0414468453577329
16735,0.0413676832585843
16736,-0.07335561736142
16737,-0.0734347794605686
16738,-0.0733771423353058
16739,-0.0734563044344545
16740,-0.073383713411149
16741,-0.0734628755102977
16742,-0.0734052383850349
16743,-0.0734844004841836
16744,-0.0327769015256736
16745,-0.0328560636248222
16746,-0.0327984264995595
16747,-0.0328775885987081
16748,-0.0328049975754026
16749,-0.0328841596745513
16750,-0.0328265225492885
16751,-0.0329056846484372
16752,0.0004913402383963
16753,0.0004121781392477
16754,0.0004698152645104
16755,0.0003906531653618
16756,0.0004632441886673
16757,0.0003840820895186
16758,0.0004417192147814
16759,0.0003625571156327
16760,0.0410700560741427
16761,0.0409908939749941
16762,0.0410485311002568
16763,0.0409693690011082
16764,0.0410419600244136
16765,0.040962797925265
16766,0.0410204350505278
16767,0.0409412729513791
16768,-0.0768331931875017
16769,-0.0769123552866503
16770,-0.0768547181613876
16771,-0.0769338802605362
16772,-0.0768612892372308
16773,-0.0769404513363794
16774,-0.0768828142111167
16775,-0.0769619763102653
16776,-0.0362544773517553
16777,-0.036333639450904
16778,-0.0362760023256412
16779,-0.0363551644247898
16780,-0.0362825734014844
16781,-0.036361735500633
16782,-0.0363040983753703
16783,-0.0363832604745189
16784,-0.0029862355876853
16785,-0.003065397686834
16786,-0.0030077605615712
16787,-0.0030869226607198
16788,-0.0030143316374144
16789,-0.003093493736563
16790,-0.0030358566113003
16791,-0.0031150187104489
16792,0.037592480248061
16793,0.0375133181489123
16794,0.0375709552741751
16795,0.0374917931750264
16796,0.0375643841983319
16797,0.0374852220991833
16798,0.037542859224446
16799,0.0374636971252974
16800,-0.0772596034947069
16801,-0.0773387655938555
16802,-0.0772811284685928
16803,-0.0773602905677414
16804,-0.077287699544436
16805,-0.0773668616435846
16806,-0.0773092245183218
16807,-0.0773883866174705
16808,-0.0366808876589605
16809,-0.0367600497581091
16810,-0.0367024126328464
16811,-0.036781574731995
16812,-0.0367089837086896
16813,-0.0367881458078382
16814,-0.0367305086825755
16815,-0.0368096707817241
16816,-0.0034126458948905
16817,-0.0034918079940392
16818,-0.0034341708687764
16819,-0.003513332967925
16820,-0.0034407419446196
16821,-0.0035199040437682
16822,-0.0034622669185055
16823,-0.0035414290176541
16824,0.0371660699408558
16825,0.0370869078417071
16826,0.0371445449669699
16827,0.0370653828678213
16828,0.0371379738911267
16829,0.0370588117919781
16830,0.0371164489172408
16831,0.0370372868180922
16832,-0.0733102918234783
16833,-0.0733894539226269
16834,-0.0733318167973641
16835,-0.0734109788965128
16836,-0.0733383878732073
16837,-0.073417549972356
16838,-0.0733599128470932
16839,-0.0734390749462418
16840,-0.0327315759877319
16841,-0.0328107380868805
16842,-0.0327531009616177
16843,-0.0328322630607664
16844,-0.0327596720374609
16845,-0.0328388341366096
16846,-0.0327811970113468
16847,-0.0328603591104954
16848,0.000536665776338
16849,0.0004575036771894
16850,0.0005151408024522
16851,0.0004359787033035
16852,0.000508569726609
16853,0.0004294076274603
16854,0.0004870447527231
16855,0.0004078826535744
16856,0.0411153816120844
16857,0.0410362195129358
16858,0.0410938566381985
16859,0.0410146945390499
16860,0.0410872855623554
16861,0.0410081234632067
16862,0.0410657605884695
16863,0.0409865984893208
16864,-0.0737367021306834
16865,-0.0738158642298321
16866,-0.0737582271045693
16867,-0.073837389203718
16868,-0.0737647981804125
16869,-0.0738439602795611
16870,-0.0737863231542984
16871,-0.073865485253447
16872,-0.033157986294937
16873,-0.0332371483940857
16874,-0.0331795112688229
16875,-0.0332586733679716
16876,-0.0331860823446661
16877,-0.0332652444438148
16878,-0.033207607318552
16879,-0.0332867694177006
16880,0.0001102554691328
16881,3.10933699842586e-05
16882,8.873049524701729e-05
16883,9.56839609838056e-06
16884,8.215941940383035e-05
16885,2.997320255193614e-06
16886,6.063444551795231e-05
16887,-1.8527653630684422e-05
16888,0.0406889713048792
16889,0.0406098092057306
16890,0.0406674463309934
16891,0.0405882842318447
16892,0.0406608752551502
16893,0.0405817131560015
16894,0.0406393502812643
16895,0.0405601881821157
16896,-0.0588355966099799
16897,-0.0589147587091286
16898,-0.0588571215838658
16899,-0.0589362836830145
16900,-0.058863692659709
16901,-0.0589428547588577
16902,-0.0588852176335949
16903,-0.0589643797327435
16904,-0.0182568807742336
16905,-0.0183360428733822
16906,-0.0182784057481194
16907,-0.0183575678472681
16908,-0.0182849768239626
16909,-0.0183641389231113
16910,-0.0183065017978485
16911,-0.0183856638969971
16912,0.0150113609898363
16913,0.0149321988906877
16914,0.0149898360159505
16915,0.0149106739168018
16916,0.0149832649401073
16917,0.0149041028409586
16918,0.0149617399662214
16919,0.0148825778670728
16920,0.0555900768255827
16921,0.0555109147264341
16922,0.0555685518516968
16923,0.0554893897525482
16924,0.0555619807758537
16925,0.055482818676705
16926,0.0555404558019678
16927,0.0554612937028191
16928,-0.0592620069171851
16929,-0.0593411690163338
16930,-0.059283531891071
16931,-0.0593626939902196
16932,-0.0592901029669142
16933,-0.0593692650660628
16934,-0.0593116279408001
16935,-0.0593907900399487
16936,-0.0186832910814387
16937,-0.0187624531805874
16938,-0.0187048160553246
16939,-0.0187839781544733
16940,-0.0187113871311678
16941,-0.0187905492303164
16942,-0.0187329121050537
16943,-0.0188120742042023
16944,0.0145849506826312
16945,0.0145057885834825
16946,0.0145634257087453
16947,0.0144842636095966
16948,0.0145568546329021
16949,0.0144776925337534
16950,0.0145353296590162
16951,0.0144561675598676
16952,0.0551636665183775
16953,0.0550845044192289
16954,0.0551421415444917
16955,0.055062979445343
16956,0.0551355704686485
16957,0.0550564083694998
16958,0.0551140454947626
16959,0.055034883395614
16960,-0.0553126952459565
16961,-0.0553918573451051
16962,-0.0553342202198424
16963,-0.055413382318991
16964,-0.0553407912956856
16965,-0.0554199533948342
16966,-0.0553623162695714
16967,-0.0554414783687201
16968,-0.0147339794102101
16969,-0.0148131415093587
16970,-0.014755504384096
16971,-0.0148346664832446
16972,-0.0147620754599392
16973,-0.0148412375590878
16974,-0.014783600433825
16975,-0.0148627625329737
16976,0.0185342623538598
16977,0.0184551002547112
16978,0.0185127373799739
16979,0.0184335752808253
16980,0.0185061663041307
16981,0.0184270042049821
16982,0.0184846413302449
16983,0.0184054792310962
16984,0.0591129781896062
16985,0.0590338160904575
16986,0.0590914532157203
16987,0.0590122911165717
16988,0.0590848821398771
16989,0.0590057200407285
16990,0.0590633571659912
16991,0.0589841950668426
16992,-0.0557391055531617
16993,-0.0558182676523103
16994,-0.0557606305270476
16995,-0.0558397926261962
16996,-0.0557672016028907
16997,-0.0558463637020394
16998,-0.0557887265767766
16999,-0.0558678886759253
17000,-0.0151603897174153
17001,-0.0152395518165639
17002,-0.0151819146913012
17003,-0.0152610767904498
17004,-0.0151884857671444
17005,-0.015267647866293
17006,-0.0152100107410302
17007,-0.0152891728401789
17008,0.0181078520466546
17009,0.018028689947506
17010,0.0180863270727687
17011,0.0180071649736201
17012,0.0180797559969255
17013,0.0180005938977769
17014,0.0180582310230397
17015,0.017979068923891
17016,0.058686567882401
17017,0.0586074057832524
17018,0.0586650429085151
17019,0.0585858808093665
17020,0.0586584718326719
17021,0.0585793097335233
17022,0.058636946858786
17023,0.0585577847596374
17024,-0.0592166813792434
17025,-0.0592958434783921
17026,-0.0592382063531293
17027,-0.0593173684522779
17028,-0.0592447774289725
17029,-0.0593239395281211
17030,-0.0592663024028584
17031,-0.059345464502007
17032,-0.018637965543497
17033,-0.0187171276426457
17034,-0.0186594905173829
17035,-0.0187386526165315
17036,-0.0186660615932261
17037,-0.0187452236923747
17038,-0.018687586567112
17039,-0.0187667486662606
17040,0.0146302762205729
17041,0.0145511141214242
17042,0.014608751246687
17043,0.0145295891475383
17044,0.0146021801708438
17045,0.0145230180716952
17046,0.0145806551969579
17047,0.0145014930978093
17048,0.0552089920563193
17049,0.0551298299571706
17050,0.0551874670824334
17051,0.0551083049832847
17052,0.0551808960065902
17053,0.0551017339074415
17054,0.0551593710327043
17055,0.0550802089335557
17056,-0.0596430916864486
17057,-0.0597222537855972
17058,-0.0596646166603345
17059,-0.0597437787594831
17060,-0.0596711877361777
17061,-0.0597503498353263
17062,-0.0596927127100635
17063,-0.0597718748092122
17064,-0.0190643758507022
17065,-0.0191435379498509
17066,-0.0190859008245881
17067,-0.0191650629237367
17068,-0.0190924719004313
17069,-0.0191716339995799
17070,-0.0191139968743172
17071,-0.0191931589734658
17072,0.0142038659133677
17073,0.014124703814219
17074,0.0141823409394818
17075,0.0141031788403332
17076,0.0141757698636386
17077,0.01409660776449
17078,0.0141542448897527
17079,0.0140750827906041
17080,0.0547825817491141
17081,0.0547034196499654
17082,0.0547610567752282
17083,0.0546818946760796
17084,0.054754485699385
17085,0.0546753236002364
17086,0.0547329607254991
17087,0.0546537986263505
17088,-0.05569378001522
17089,-0.0557729421143686
17090,-0.0557153049891058
17091,-0.0557944670882545
17092,-0.055721876064949
17093,-0.0558010381640977
17094,-0.0557434010388349
17095,-0.0558225631379835
17096,-0.0151150641794736
17097,-0.0151942262786222
17098,-0.0151365891533595
17099,-0.0152157512525081
17100,-0.0151431602292026
17101,-0.0152223223283513
17102,-0.0151646852030885
17103,-0.0152438473022372
17104,0.0181531775845963
17105,0.0180740154854477
17106,0.0181316526107104
17107,0.0180524905115618
17108,0.0181250815348673
17109,0.0180459194357186
17110,0.0181035565609814
17111,0.0180243944618327
17112,0.0587318934203427
17113,0.0586527313211941
17114,0.0587103684464568
17115,0.0586312063473082
17116,0.0587037973706136
17117,0.058624635271465
17118,0.0586822723967278
17119,0.0586031102975791
17120,-0.0561201903224251
17121,-0.0561993524215738
17122,-0.056141715296311
17123,-0.0562208773954597
17124,-0.0561482863721542
17125,-0.0562274484713028
17126,-0.0561698113460401
17127,-0.0562489734451887
17128,-0.0155414744866788
17129,-0.0156206365858274
17130,-0.0155629994605646
17131,-0.0156421615597133
17132,-0.0155695705364078
17133,-0.0156487326355565
17134,-0.0155910955102937
17135,-0.0156702576094423
17136,0.0177267672773911
17137,0.0176476051782425
17138,0.0177052423035053
17139,0.0176260802043566
17140,0.0176986712276621
17141,0.0176195091285134
17142,0.0176771462537762
17143,0.0175979841546276
17144,0.0583054831131375
17145,0.0582263210139889
17146,0.0582839581392517
17147,0.058204796040103
17148,0.0582773870634085
17149,0.0581982249642598
17150,0.0582558620895226
17151,0.0581766999903739
17152,-0.0538639729484953
17153,-0.0539431350476439
17154,-0.0538854979223812
17155,-0.0539646600215298
17156,-0.0538920689982243
17157,-0.053971231097373
17158,-0.0539135939721102
17159,-0.0539927560712589
17160,-0.0132852571127489
17161,-0.0133644192118975
17162,-0.0133067820866348
17163,-0.0133859441857834
17164,-0.013313353162478
17165,-0.0133925152616266
17166,-0.0133348781363638
17167,-0.0134140402355125
17168,0.019982984651321
17169,0.0199038225521724
17170,0.0199614596774351
17171,0.0198822975782865
17172,0.0199548886015919
17173,0.0198757265024433
17174,0.0199333636277061
17175,0.0198542015285574
17176,0.0605617004870674
17177,0.0604825383879188
17178,0.0605401755131815
17179,0.0604610134140329
17180,0.0605336044373383
17181,0.0604544423381897
17182,0.0605120794634524
17183,0.0604329173643038
17184,-0.0542903832557005
17185,-0.0543695453548491
17186,-0.0543119082295863
17187,-0.054391070328735
17188,-0.0543184793054295
17189,-0.0543976414045782
17190,-0.0543400042793154
17191,-0.054419166378464
17192,-0.0137116674199541
17193,-0.0137908295191027
17194,-0.0137331923938399
17195,-0.0138123544929886
17196,-0.0137397634696831
17197,-0.0138189255688318
17198,-0.013761288443569
17199,-0.0138404505427176
17200,0.0195565743441158
17201,0.0194774122449672
17202,0.0195350493702299
17203,0.0194558872710813
17204,0.0195284782943868
17205,0.0194493161952381
17206,0.0195069533205009
17207,0.0194277912213522
17208,0.0601352901798622
17209,0.0600561280807136
17210,0.0601137652059763
17211,0.0600346031068277
17212,0.0601071941301332
17213,0.0600280320309845
17214,0.0600856691562473
17215,0.0600065070570986
17216,-0.0503410715844718
17217,-0.0504202336836204
17218,-0.0503625965583577
17219,-0.0504417586575063
17220,-0.0503691676342009
17221,-0.0504483297333495
17222,-0.0503906926080868
17223,-0.0504698547072354
17224,-0.0097623557487254
17225,-0.0098415178478741
17226,-0.0097838807226113
17227,-0.0098630428217599
17228,-0.0097904517984545
17229,-0.0098696138976031
17230,-0.0098119767723404
17231,-0.009891138871489
17232,0.0235058860153445
17233,0.0234267239161958
17234,0.0234843610414586
17235,0.02340519894231
17236,0.0234777899656154
17237,0.0233986278664668
17238,0.0234562649917295
17239,0.0233771028925809
17240,0.0640846018510909
17241,0.0640054397519422
17242,0.064063076877205
17243,0.0639839147780564
17244,0.0640565058013618
17245,0.0639773437022132
17246,0.0640349808274759
17247,0.0639558187283273
17248,-0.050767481891677
17249,-0.0508466439908256
17250,-0.0507890068655629
17251,-0.0508681689647115
17252,-0.0507955779414061
17253,-0.0508747400405547
17254,-0.0508171029152919
17255,-0.0508962650144406
17256,-0.0101887660559306
17257,-0.0102679281550792
17258,-0.0102102910298165
17259,-0.0102894531289651
17260,-0.0102168621056597
17261,-0.0102960242048083
17262,-0.0102383870795456
17263,-0.0103175491786942
17264,0.0230794757081393
17265,0.0230003136089907
17266,0.0230579507342534
17267,0.0229787886351048
17268,0.0230513796584102
17269,0.0229722175592616
17270,0.0230298546845243
17271,0.0229506925853757
17272,0.0636581915438857
17273,0.063579029444737
17274,0.0636366665699998
17275,0.0635575044708512
17276,0.0636300954941566
17277,0.063550933395008
17278,0.0636085705202707
17279,0.0635294084211221
17280,-0.0542450577177587
17281,-0.0543242198169074
17282,-0.0542665826916446
17283,-0.0543457447907933
17284,-0.0542731537674878
17285,-0.0543523158666364
17286,-0.0542946787413737
17287,-0.0543738408405223
17288,-0.0136663418820124
17289,-0.013745503981161
17290,-0.0136878668558982
17291,-0.0137670289550469
17292,-0.0136944379317414
17293,-0.0137736000308901
17294,-0.0137159629056273
17295,-0.0137951250047759
17296,0.0196018998820575
17297,0.0195227377829089
17298,0.0195803749081717
17299,0.019501212809023
17300,0.0195738038323285
17301,0.0194946417331798
17302,0.0195522788584426
17303,0.019473116759294
17304,0.0601806157178039
17305,0.0601014536186553
17306,0.0601590907439181
17307,0.0600799286447694
17308,0.0601525196680749
17309,0.0600733575689262
17310,0.060130994694189
17311,0.0600518325950403
17312,-0.0546714680249639
17313,-0.0547506301241126
17314,-0.0546929929988498
17315,-0.0547721550979984
17316,-0.054699564074693
17317,-0.0547787261738416
17318,-0.0547210890485789
17319,-0.0548002511477275
17320,-0.0140927521892175
17321,-0.0141719142883662
17322,-0.0141142771631034
17323,-0.0141934392622521
17324,-0.0141208482389466
17325,-0.0142000103380952
17326,-0.0141423732128325
17327,-0.0142215353119811
17328,0.0191754895748524
17329,0.0190963274757037
17330,0.0191539646009665
17331,0.0190748025018178
17332,0.0191473935251233
17333,0.0190682314259747
17334,0.0191258685512374
17335,0.0190467064520888
17336,0.0597542054105987
17337,0.0596750433114501
17338,0.0597326804367129
17339,0.0596535183375642
17340,0.0597261093608697
17341,0.0596469472617211
17342,0.0597045843869838
17343,0.0596254222878352
17344,-0.0507221563537353
17345,-0.0508013184528839
17346,-0.0507436813276212
17347,-0.0508228434267698
17348,-0.0507502524034643
17349,-0.050829414502613
17350,-0.0507717773773502
17351,-0.0508509394764989
17352,-0.0101434405179889
17353,-0.0102226026171375
17354,-0.0101649654918748
17355,-0.0102441275910234
17356,-0.010171536567718
17357,-0.0102506986668666
17358,-0.0101930615416038
17359,-0.0102722236407525
17360,0.023124801246081
17361,0.0230456391469324
17362,0.0231032762721951
17363,0.0230241141730465
17364,0.0230967051963519
17365,0.0230175430972033
17366,0.0230751802224661
17367,0.0229960181233174
17368,0.0637035170818274
17369,0.0636243549826788
17370,0.0636819921079415
17371,0.0636028300087929
17372,0.0636754210320983
17373,0.0635962589329497
17374,0.0636538960582125
17375,0.0635747339590638
17376,-0.0511485666609405
17377,-0.0512277287600891
17378,-0.0511700916348263
17379,-0.051249253733975
17380,-0.0511766627106695
17381,-0.0512558248098182
17382,-0.0511981876845554
17383,-0.051277349783704
17384,-0.0105698508251941
17385,-0.0106490129243427
17386,-0.01059137579908
17387,-0.0106705378982286
17388,-0.0105979468749231
17389,-0.0106771089740718
17390,-0.010619471848809
17391,-0.0106986339479577
17392,0.0226983909388758
17393,0.0226192288397272
17394,0.0226768659649899
17395,0.0225977038658413
17396,0.0226702948891468
17397,0.0225911327899981
17398,0.0226487699152609
17399,0.0225696078161122
17400,0.0632771067746222
17401,0.0631979446754736
17402,0.0632555818007363
17403,0.0631764197015877
17404,0.0632490107248931
17405,0.0631698486257445
17406,0.0632274857510073
17407,0.0631483236518586
17408,-0.081351529756743
17409,-0.0814306918558916
17410,-0.0813730547306288
17411,-0.0814522168297775
17412,-0.081379625806472
17413,-0.0814587879056207
17414,-0.0814011507803579
17415,-0.0814803128795065
17416,-0.0407728139209966
17417,-0.0408519760201452
17418,-0.0407943388948824
17419,-0.0408735009940311
17420,-0.0408009099707256
17421,-0.0408800720698743
17422,-0.0408224349446115
17423,-0.0409015970437601
17424,-0.0075045721569266
17425,-0.0075837342560752
17426,-0.0075260971308124
17427,-0.0076052592299611
17428,-0.0075326682066556
17429,-0.0076118303058043
17430,-0.0075541931805415
17431,-0.0076333552796902
17432,0.0330741436788197
17433,0.0329949815796711
17434,0.0330526187049338
17435,0.0329734566057852
17436,0.0330460476290907
17437,0.032966885529942
17438,0.0330245226552048
17439,0.0329453605560561
17440,-0.0817779400639481
17441,-0.0818571021630968
17442,-0.081799465037834
17443,-0.0818786271369827
17444,-0.0818060361136772
17445,-0.0818851982128258
17446,-0.0818275610875631
17447,-0.0819067231867117
17448,-0.0411992242282018
17449,-0.0412783863273504
17450,-0.0412207492020876
17451,-0.0412999113012363
17452,-0.0412273202779308
17453,-0.0413064823770795
17454,-0.0412488452518167
17455,-0.0413280073509653
17456,-0.0079309824641318
17457,-0.0080101445632804
17458,-0.0079525074380176
17459,-0.0080316695371663
17460,-0.0079590785138608
17461,-0.0080382406130095
17462,-0.0079806034877467
17463,-0.0080597655868953
17464,0.0326477333716145
17465,0.0325685712724659
17466,0.0326262083977287
17467,0.03254704629858
17468,0.0326196373218855
17469,0.0325404752227368
17470,0.0325981123479996
17471,0.032518950248851
17472,-0.0778286283927195
17473,-0.0779077904918681
17474,-0.0778501533666054
17475,-0.077929315465754
17476,-0.0778567244424486
17477,-0.0779358865415972
17478,-0.0778782494163344
17479,-0.0779574115154831
17480,-0.0372499125569731
17481,-0.0373290746561217
17482,-0.037271437530859
17483,-0.0373505996300076
17484,-0.0372780086067022
17485,-0.0373571707058508
17486,-0.0372995335805881
17487,-0.0373786956797367
17488,-0.0039816707929031
17489,-0.0040608328920517
17490,-0.004003195766789
17491,-0.0040823578659376
17492,-0.0040097668426322
17493,-0.0040889289417808
17494,-0.0040312918165181
17495,-0.0041104539156667
17496,0.0365970450428432
17497,0.0365178829436945
17498,0.0365755200689573
17499,0.0364963579698087
17500,0.0365689489931141
17501,0.0364897868939655
17502,0.0365474240192282
17503,0.0364682619200796
17504,-0.0782550386999247
17505,-0.0783342007990733
17506,-0.0782765636738105
17507,-0.0783557257729592
17508,-0.0782831347496537
17509,-0.0783622968488024
17510,-0.0783046597235396
17511,-0.0783838218226883
17512,-0.0376763228641783
17513,-0.0377554849633269
17514,-0.0376978478380642
17515,-0.0377770099372128
17516,-0.0377044189139074
17517,-0.037783581013056
17518,-0.0377259438877932
17519,-0.0378051059869419
17520,-0.0044080811001083
17521,-0.0044872431992569
17522,-0.0044296060739942
17523,-0.0045087681731428
17524,-0.0044361771498374
17525,-0.004515339248986
17526,-0.0044577021237232
17527,-0.0045368642228719
17528,0.036170634735638
17529,0.0360914726364894
17530,0.0361491097617521
17531,0.0360699476626035
17532,0.0361425386859089
17533,0.0360633765867603
17534,0.0361210137120231
17535,0.0360418516128744
17536,-0.0817326145260064
17537,-0.0818117766251551
17538,-0.0817541394998923
17539,-0.0818333015990409
17540,-0.0817607105757355
17541,-0.0818398726748841
17542,-0.0817822355496214
17543,-0.08186139764877
17544,-0.04115389869026
17545,-0.0412330607894087
17546,-0.0411754236641459
17547,-0.0412545857632946
17548,-0.0411819947399891
17549,-0.0412611568391377
17550,-0.041203519713875
17551,-0.0412826818130236
17552,-0.00788565692619
17553,-0.0079648190253387
17554,-0.0079071819000759
17555,-0.0079863439992246
17556,-0.0079137529759191
17557,-0.0079929150750677
17558,-0.007935277949805
17559,-0.0080144400489536
17560,0.0326930589095562
17561,0.0326138968104076
17562,0.0326715339356704
17563,0.0325923718365217
17564,0.0326649628598272
17565,0.0325858007606785
17566,0.0326434378859413
17567,0.0325642757867927
17568,-0.0821590248332116
17569,-0.0822381869323602
17570,-0.0821805498070975
17571,-0.0822597119062461
17572,-0.0821871208829407
17573,-0.0822662829820893
17574,-0.0822086458568265
17575,-0.0822878079559752
17576,-0.0415803089974652
17577,-0.0416594710966139
17578,-0.0416018339713511
17579,-0.0416809960704997
17580,-0.0416084050471943
17581,-0.0416875671463429
17582,-0.0416299300210802
17583,-0.0417090921202288
17584,-0.0083120672333952
17585,-0.0083912293325439
17586,-0.0083335922072811
17587,-0.0084127543064297
17588,-0.0083401632831243
17589,-0.0084193253822729
17590,-0.0083616882570102
17591,-0.0084408503561588
17592,0.0322666486023511
17593,0.0321874865032024
17594,0.0322451236284652
17595,0.0321659615293166
17596,0.032238552552622
17597,0.0321593904534734
17598,0.0322170275787361
17599,0.0321378654795875
17600,-0.078209713161983
17601,-0.0782888752611316
17602,-0.0782312381358688
17603,-0.0783104002350175
17604,-0.078237809211712
17605,-0.0783169713108607
17606,-0.0782593341855979
17607,-0.0783384962847466
17608,-0.0376309973262366
17609,-0.0377101594253852
17610,-0.0376525223001225
17611,-0.0377316843992711
17612,-0.0376590933759656
17613,-0.0377382554751143
17614,-0.0376806183498515
17615,-0.0377597804490002
17616,-0.0043627555621666
17617,-0.0044419176613152
17618,-0.0043842805360525
17619,-0.0044634426352011
17620,-0.0043908516118956
17621,-0.0044700137110443
17622,-0.0044123765857815
17623,-0.0044915386849302
17624,0.0362159602735797
17625,0.0361367981744311
17626,0.0361944352996938
17627,0.0361152732005452
17628,0.0361878642238506
17629,0.036108702124702
17630,0.0361663392499648
17631,0.0360871771508161
17632,-0.0786361234691881
17633,-0.0787152855683368
17634,-0.078657648443074
17635,-0.0787368105422226
17636,-0.0786642195189172
17637,-0.0787433816180658
17638,-0.0786857444928031
17639,-0.0787649065919517
17640,-0.0380574076334418
17641,-0.0381365697325904
17642,-0.0380789326073276
17643,-0.0381580947064763
17644,-0.0380855036831708
17645,-0.0381646657823195
17646,-0.0381070286570567
17647,-0.0381861907562053
17648,-0.0047891658693718
17649,-0.0048683279685204
17650,-0.0048106908432576
17651,-0.0048898529424063
17652,-0.0048172619191008
17653,-0.0048964240182495
17654,-0.0048387868929867
17655,-0.0049179489921353
17656,0.0357895499663745
17657,0.0357103878672259
17658,0.0357680249924886
17659,0.03568886289334
17660,0.0357614539166455
17661,0.0356822918174968
17662,0.0357399289427596
17663,0.0356607668436109
17664,-0.0763799060952583
17665,-0.0764590681944069
17666,-0.0764014310691441
17667,-0.0764805931682928
17668,-0.0764080021449873
17669,-0.076487164244136
17670,-0.0764295271188732
17671,-0.0765086892180219
17672,-0.0358011902595119
17673,-0.0358803523586605
17674,-0.0358227152333978
17675,-0.0359018773325464
17676,-0.035829286309241
17677,-0.0359084484083896
17678,-0.0358508112831268
17679,-0.0359299733822755
17680,-0.0025329484954419
17681,-0.0026121105945905
17682,-0.0025544734693278
17683,-0.0026336355684764
17684,-0.002561044545171
17685,-0.0026402066443196
17686,-0.0025825695190568
17687,-0.0026617316182055
17688,0.0380457673403044
17689,0.0379666052411558
17690,0.0380242423664185
17691,0.0379450802672699
17692,0.0380176712905753
17693,0.0379385091914267
17694,0.0379961463166894
17695,0.0379169842175408
17696,-0.0768063164024635
17697,-0.0768854785016121
17698,-0.0768278413763493
17699,-0.076907003475498
17700,-0.0768344124521925
17701,-0.0769135745513412
17702,-0.0768559374260784
17703,-0.076935099525227
17704,-0.0362276005667171
17705,-0.0363067626658657
17706,-0.036249125540603
17707,-0.0363282876397516
17708,-0.0362556966164461
17709,-0.0363348587155948
17710,-0.036277221590332
17711,-0.0363563836894807
17712,-0.0029593588026471
17713,-0.0030385209017957
17714,-0.002980883776533
17715,-0.0030600458756816
17716,-0.0029874548523761
17717,-0.0030666169515248
17718,-0.003008979826262
17719,-0.0030881419254107
17720,0.0376193570330992
17721,0.0375401949339506
17722,0.0375978320592133
17723,0.0375186699600647
17724,0.0375912609833701
17725,0.0375120988842215
17726,0.0375697360094843
17727,0.0374905739103356
17728,-0.0728570047312348
17729,-0.0729361668303835
17730,-0.0728785297051207
17731,-0.0729576918042693
17732,-0.0728851007809639
17733,-0.0729642628801125
17734,-0.0729066257548498
17735,-0.0729857878539984
17736,-0.0322782888954884
17737,-0.0323574509946371
17738,-0.0322998138693743
17739,-0.0323789759685229
17740,-0.0323063849452175
17741,-0.0323855470443661
17742,-0.0323279099191034
17743,-0.032407072018252
17744,0.0009899528685815
17745,0.0009107907694328
17746,0.0009684278946956
17747,0.000889265795547
17748,0.0009618568188524
17749,0.0008826947197038
17750,0.0009403318449665
17751,0.0008611697458179
17752,0.0415686687043279
17753,0.0414895066051792
17754,0.041547143730442
17755,0.0414679816312933
17756,0.0415405726545988
17757,0.0414614105554502
17758,0.0415190476807129
17759,0.0414398855815643
17760,-0.07328341503844
17761,-0.0733625771375886
17762,-0.0733049400123259
17763,-0.0733841021114745
17764,-0.0733115110881691
17765,-0.0733906731873177
17766,-0.0733330360620549
17767,-0.0734121981612036
17768,-0.0327046992026936
17769,-0.0327838613018423
17770,-0.0327262241765795
17771,-0.0328053862757281
17772,-0.0327327952524227
17773,-0.0328119573515713
17774,-0.0327543202263086
17775,-0.0328334823254572
17776,0.0005635425613763
17777,0.0004843804622276
17778,0.0005420175874904
17779,0.0004628554883418
17780,0.0005354465116472
17781,0.0004562844124986
17782,0.0005139215377613
17783,0.0004347594386127
17784,0.0411422583971227
17785,0.041063096297974
17786,0.0411207334232368
17787,0.0410415713240882
17788,0.0411141623473936
17789,0.041035000248245
17790,0.0410926373735077
17791,0.0410134752743591
17792,-0.0767609908645217
17793,-0.0768401529636704
17794,-0.0767825158384076
17795,-0.0768616779375563
17796,-0.0767890869142508
17797,-0.0768682490133994
17798,-0.0768106118881367
17799,-0.0768897739872853
17800,-0.0361822750287754
17801,-0.036261437127924
17802,-0.0362038000026612
17803,-0.0362829621018099
17804,-0.0362103710785044
17805,-0.0362895331776531
17806,-0.0362318960523903
17807,-0.0363110581515389
17808,-0.0029140332647054
17809,-0.002993195363854
17810,-0.0029355582385912
17811,-0.0030147203377399
17812,-0.0029421293144344
17813,-0.0030212914135831
17814,-0.0029636542883203
17815,-0.0030428163874689
17816,0.0376646825710409
17817,0.0375855204718923
17818,0.037643157597155
17819,0.0375639954980064
17820,0.0376365865213119
17821,0.0375574244221632
17822,0.037615061547426
17823,0.0375358994482773
17824,-0.0771874011717269
17825,-0.0772665632708756
17826,-0.0772089261456128
17827,-0.0772880882447615
17828,-0.077215497221456
17829,-0.0772946593206046
17830,-0.0772370221953419
17831,-0.0773161842944905
17832,-0.0366086853359805
17833,-0.0366878474351292
17834,-0.0366302103098664
17835,-0.0367093724090151
17836,-0.0366367813857096
17837,-0.0367159434848582
17838,-0.0366583063595955
17839,-0.0367374684587441
17840,-0.0033404435719105
17841,-0.0034196056710592
17842,-0.0033619685457964
17843,-0.0034411306449451
17844,-0.0033685396216396
17845,-0.0034477017207882
17846,-0.0033900645955255
17847,-0.0034692266946741
17848,0.0372382722638357
17849,0.0371591101646871
17850,0.0372167472899499
17851,0.0371375851908012
17852,0.0372101762141067
17853,0.037131014114958
17854,0.0371886512402208
17855,0.0371094891410722
17856,-0.0732380895004983
17857,-0.0733172515996469
17858,-0.0732596144743842
17859,-0.0733387765735328
17860,-0.0732661855502274
17861,-0.073345347649376
17862,-0.0732877105241132
17863,-0.0733668726232619
17864,-0.0326593736647519
17865,-0.0327385357639005
17866,-0.0326808986386378
17867,-0.0327600607377864
17868,-0.032687469714481
17869,-0.0327666318136296
17870,-0.0327089946883668
17871,-0.0327881567875155
17872,0.000608868099318
17873,0.0005297060001694
17874,0.0005873431254321
17875,0.0005081810262835
17876,0.0005807720495889
17877,0.0005016099504403
17878,0.0005592470757031
17879,0.0004800849765544
17880,0.0411875839350644
17881,0.0411084218359157
17882,0.0411660589611785
17883,0.0410868968620299
17884,0.0411594878853353
17885,0.0410803257861867
17886,0.0411379629114494
17887,0.0410588008123008
17888,-0.0736644998077035
17889,-0.0737436619068521
17890,-0.0736860247815894
17891,-0.073765186880738
17892,-0.0736925958574325
17893,-0.0737717579565812
17894,-0.0737141208313184
17895,-0.0737932829304671
17896,-0.0330857839719571
17897,-0.0331649460711057
17898,-0.033107308945843
17899,-0.0331864710449916
17900,-0.0331138800216862
17901,-0.0331930421208348
17902,-0.033135404995572
17903,-0.0332145670947207
17904,0.0001824577921128
17905,0.0001032956929642
17906,0.0001609328182269
17907,8.177071907834824e-05
17908,0.0001543617423837
17909,7.51996432351613e-05
17910,0.0001328367684979
17911,5.3674669349283256e-05
17912,0.0407611736278592
17913,0.0406820115287106
17914,0.0407396486539733
17915,0.0406604865548247
17916,0.0407330775781301
17917,0.0406539154789815
17918,0.0407115526042443
17919,0.0406323905050956
17920,-0.058763394287
17921,-0.0588425563861486
17922,-0.0587849192608859
17923,-0.0588640813600345
17924,-0.0587914903367291
17925,-0.0588706524358777
17926,-0.0588130153106149
17927,-0.0588921774097636
17928,-0.0181846784512536
17929,-0.0182638405504022
17930,-0.0182062034251395
17931,-0.0182853655242881
17932,-0.0182127745009827
17933,-0.0182919366001313
17934,-0.0182342994748685
17935,-0.0183134615740172
17936,0.0150835633128163
17937,0.0150044012136677
17938,0.0150620383389304
17939,0.0149828762397818
17940,0.0150554672630872
17941,0.0149763051639386
17942,0.0150339422892014
17943,0.0149547801900527
17944,0.0556622791485627
17945,0.0555831170494141
17946,0.0556407541746768
17947,0.0555615920755282
17948,0.0556341830988336
17949,0.055555020999685
17950,0.0556126581249477
17951,0.0555334960257991
17952,-0.0591898045942052
17953,-0.0592689666933538
17954,-0.059211329568091
17955,-0.0592904916672397
17956,-0.0592179006439342
17957,-0.0592970627430829
17958,-0.0592394256178201
17959,-0.0593185877169687
17960,-0.0186110887584588
17961,-0.0186902508576074
17962,-0.0186326137323447
17963,-0.0187117758314933
17964,-0.0186391848081878
17965,-0.0187183469073365
17966,-0.0186607097820737
17967,-0.0187398718812224
17968,0.0146571530056111
17969,0.0145779909064625
17970,0.0146356280317252
17971,0.0145564659325766
17972,0.0146290569558821
17973,0.0145498948567334
17974,0.0146075319819962
17975,0.0145283698828475
17976,0.0552358688413575
17977,0.0551567067422089
17978,0.0552143438674716
17979,0.055135181768323
17980,0.0552077727916284
17981,0.0551286106924798
17982,0.0551862478177426
17983,0.0551070857185939
17984,-0.0552404929229765
17985,-0.0553196550221252
17986,-0.0552620178968624
17987,-0.055341179996011
17988,-0.0552685889727056
17989,-0.0553477510718542
17990,-0.0552901139465915
17991,-0.0553692760457401
17992,-0.0146617770872301
17993,-0.0147409391863788
17994,-0.014683302061116
17995,-0.0147624641602646
17996,-0.0146898731369592
17997,-0.0147690352361078
17998,-0.0147113981108451
17999,-0.0147905602099937
18000,0.0186064646768398
18001,0.0185273025776911
18002,0.0185849397029539
18003,0.0185057776038052
18004,0.0185783686271107
18005,0.0184992065279621
18006,0.0185568436532248
18007,0.0184776815540762
18008,0.0591851805125862
18009,0.0591060184134375
18010,0.0591636555387003
18011,0.0590844934395516
18012,0.0591570844628571
18013,0.0590779223637084
18014,0.0591355594889712
18015,0.0590563973898226
18016,-0.0556669032301817
18017,-0.0557460653293303
18018,-0.0556884282040676
18019,-0.0557675903032162
18020,-0.0556949992799108
18021,-0.0557741613790594
18022,-0.0557165242537966
18023,-0.0557956863529453
18024,-0.0150881873944353
18025,-0.015167349493584
18026,-0.0151097123683212
18027,-0.0151888744674698
18028,-0.0151162834441644
18029,-0.015195445543313
18030,-0.0151378084180503
18031,-0.0152169705171989
18032,0.0181800543696346
18033,0.0181008922704859
18034,0.0181585293957487
18035,0.0180793672966001
18036,0.0181519583199055
18037,0.0180727962207569
18038,0.0181304333460196
18039,0.018051271246871
18040,0.058758770205381
18041,0.0586796081062323
18042,0.0587372452314951
18043,0.0586580831323465
18044,0.0587306741556519
18045,0.0586515120565033
18046,0.058709149181766
18047,0.0586299870826174
18048,-0.0591444790562635
18049,-0.0592236411554121
18050,-0.0591660040301493
18051,-0.059245166129298
18052,-0.0591725751059925
18053,-0.0592517372051412
18054,-0.0591941000798784
18055,-0.059273262179027
18056,-0.0185657632205171
18057,-0.0186449253196657
18058,-0.0185872881944029
18059,-0.0186664502935516
18060,-0.0185938592702461
18061,-0.0186730213693948
18062,-0.018615384244132
18063,-0.0186945463432806
18064,0.0147024785435528
18065,0.0146233164444042
18066,0.014680953569667
18067,0.0146017914705183
18068,0.0146743824938238
18069,0.0145952203946751
18070,0.0146528575199379
18071,0.0145736954207893
18072,0.0552811943792992
18073,0.0552020322801506
18074,0.0552596694054133
18075,0.0551805073062647
18076,0.0552530983295702
18077,0.0551739362304215
18078,0.0552315733556843
18079,0.0551524112565356
18080,-0.0595708893634686
18081,-0.0596500514626173
18082,-0.0595924143373545
18083,-0.0596715764365032
18084,-0.0595989854131977
18085,-0.0596781475123463
18086,-0.0596205103870836
18087,-0.0596996724862322
18088,-0.0189921735277222
18089,-0.0190713356268709
18090,-0.0190136985016081
18091,-0.0190928606007568
18092,-0.0190202695774513
18093,-0.0190994316766
18094,-0.0190417945513372
18095,-0.0191209566504858
18096,0.0142760682363476
18097,0.014196906137199
18098,0.0142545432624618
18099,0.0141753811633131
18100,0.0142479721866186
18101,0.0141688100874699
18102,0.0142264472127327
18103,0.0141472851135841
18104,0.054854784072094
18105,0.0547756219729454
18106,0.0548332590982082
18107,0.0547540969990595
18108,0.054826688022365
18109,0.0547475259232163
18110,0.0548051630484791
18111,0.0547260009493305
18112,-0.05562157769224
18113,-0.0557007397913886
18114,-0.0556431026661259
18115,-0.0557222647652745
18116,-0.0556496737419691
18117,-0.0557288358411177
18118,-0.0556711987158549
18119,-0.0557503608150036
18120,-0.0150428618564936
18121,-0.0151220239556422
18122,-0.0150643868303795
18123,-0.0151435489295281
18124,-0.0150709579062227
18125,-0.0151501200053713
18126,-0.0150924828801085
18127,-0.0151716449792572
18128,0.0182253799075763
18129,0.0181462178084277
18130,0.0182038549336904
18131,0.0181246928345418
18132,0.0181972838578472
18133,0.0181181217586986
18134,0.0181757588839613
18135,0.0180965967848127
18136,0.0588040957433227
18137,0.058724933644174
18138,0.0587825707694368
18139,0.0587034086702882
18140,0.0587759996935936
18141,0.058696837594445
18142,0.0587544747197077
18143,0.0586753126205591
18144,-0.0560479879994452
18145,-0.0561271500985938
18146,-0.0560695129733311
18147,-0.0561486750724797
18148,-0.0560760840491742
18149,-0.0561552461483229
18150,-0.0560976090230601
18151,-0.0561767711222088
18152,-0.0154692721636988
18153,-0.0155484342628474
18154,-0.0154907971375847
18155,-0.0155699592367333
18156,-0.0154973682134279
18157,-0.0155765303125765
18158,-0.0155188931873137
18159,-0.0155980552864624
18160,0.0177989696003711
18161,0.0177198075012225
18162,0.0177774446264852
18163,0.0176982825273366
18164,0.017770873550642
18165,0.0176917114514934
18166,0.0177493485767562
18167,0.0176701864776075
18168,0.0583776854361175
18169,0.0582985233369689
18170,0.0583561604622316
18171,0.058276998363083
18172,0.0583495893863884
18173,0.0582704272872398
18174,0.0583280644125026
18175,0.0582489023133539
18176,-0.0537917706255153
18177,-0.0538709327246639
18178,-0.0538132955994012
18179,-0.0538924576985498
18180,-0.0538198666752444
18181,-0.053899028774393
18182,-0.0538413916491302
18183,-0.0539205537482789
18184,-0.0132130547897689
18185,-0.0132922168889176
18186,-0.0132345797636548
18187,-0.0133137418628034
18188,-0.013241150839498
18189,-0.0133203129386466
18190,-0.0132626758133839
18191,-0.0133418379125325
18192,0.020055186974301
18193,0.0199760248751523
18194,0.0200336620004151
18195,0.0199544999012665
18196,0.0200270909245719
18197,0.0199479288254233
18198,0.020005565950686
18199,0.0199264038515374
18200,0.0606339028100474
18201,0.0605547407108987
18202,0.0606123778361615
18203,0.0605332157370129
18204,0.0606058067603183
18205,0.0605266446611697
18206,0.0605842817864324
18207,0.0605051196872838
18208,-0.0542181809327205
18209,-0.0542973430318691
18210,-0.0542397059066064
18211,-0.054318868005755
18212,-0.0542462769824496
18213,-0.0543254390815982
18214,-0.0542678019563354
18215,-0.0543469640554841
18216,-0.0136394650969741
18217,-0.0137186271961227
18218,-0.01366099007086
18219,-0.0137401521700086
18220,-0.0136675611467032
18221,-0.0137467232458518
18222,-0.013689086120589
18223,-0.0137682482197377
18224,0.0196287766670958
18225,0.0195496145679472
18226,0.0196072516932099
18227,0.0195280895940613
18228,0.0196006806173667
18229,0.0195215185182181
18230,0.0195791556434809
18231,0.0194999935443322
18232,0.0602074925028422
18233,0.0601283304036935
18234,0.0601859675289563
18235,0.0601068054298077
18236,0.0601793964531131
18237,0.0601002343539645
18238,0.0601578714792272
18239,0.0600787093800786
18240,-0.0502688692614918
18241,-0.0503480313606405
18242,-0.0502903942353777
18243,-0.0503695563345264
18244,-0.0502969653112209
18245,-0.0503761274103695
18246,-0.0503184902851068
18247,-0.0503976523842554
18248,-0.0096901534257455
18249,-0.0097693155248941
18250,-0.0097116783996313
18251,-0.00979084049878
18252,-0.0097182494754745
18253,-0.0097974115746232
18254,-0.0097397744493604
18255,-0.009818936548509
18256,0.0235780883383244
18257,0.0234989262391758
18258,0.0235565633644386
18259,0.0234774012652899
18260,0.0235499922885954
18261,0.0234708301894467
18262,0.0235284673147095
18263,0.0234493052155609
18264,0.0641568041740708
18265,0.0640776420749222
18266,0.0641352792001849
18267,0.0640561171010363
18268,0.0641287081243418
18269,0.0640495460251931
18270,0.0641071831504559
18271,0.0640280210513073
18272,-0.050695279568697
18273,-0.0507744416678457
18274,-0.0507168045425829
18275,-0.0507959666417315
18276,-0.0507233756184261
18277,-0.0508025377175747
18278,-0.050744900592312
18279,-0.0508240626914606
18280,-0.0101165637329506
18281,-0.0101957258320993
18282,-0.0101380887068365
18283,-0.0102172508059852
18284,-0.0101446597826797
18285,-0.0102238218818283
18286,-0.0101661847565656
18287,-0.0102453468557142
18288,0.0231516780311193
18289,0.0230725159319706
18290,0.0231301530572334
18291,0.0230509909580847
18292,0.0231235819813902
18293,0.0230444198822416
18294,0.0231020570075043
18295,0.0230228949083557
18296,0.0637303938668657
18297,0.063651231767717
18298,0.0637088688929798
18299,0.0636297067938311
18300,0.0637022978171366
18301,0.0636231357179879
18302,0.0636807728432507
18303,0.0636016107441021
18304,-0.0541728553947788
18305,-0.0542520174939274
18306,-0.0541943803686647
18307,-0.0542735424678133
18308,-0.0542009514445078
18309,-0.0542801135436565
18310,-0.0542224764183937
18311,-0.0543016385175424
18312,-0.0135941395590324
18313,-0.013673301658181
18314,-0.0136156645329183
18315,-0.0136948266320669
18316,-0.0136222356087615
18317,-0.0137013977079101
18318,-0.0136437605826473
18319,-0.013722922681796
18320,0.0196741022050375
18321,0.0195949401058889
18322,0.0196525772311516
18323,0.019573415132003
18324,0.0196460061553084
18325,0.0195668440561598
18326,0.0196244811814226
18327,0.0195453190822739
18328,0.0602528180407839
18329,0.0601736559416353
18330,0.060231293066898
18331,0.0601521309677494
18332,0.0602247219910548
18333,0.0601455598919062
18334,0.060203197017169
18335,0.0601240349180203
18336,-0.054599265701984
18337,-0.0546784278011326
18338,-0.0546207906758698
18339,-0.0546999527750185
18340,-0.054627361751713
18341,-0.0547065238508617
18342,-0.0546488867255989
18343,-0.0547280488247475
18344,-0.0140205498662376
18345,-0.0140997119653862
18346,-0.0140420748401234
18347,-0.0141212369392721
18348,-0.0140486459159666
18349,-0.0141278080151153
18350,-0.0140701708898525
18351,-0.0141493329890012
18352,0.0192476918978323
18353,0.0191685297986837
18354,0.0192261669239465
18355,0.0191470048247978
18356,0.0192195958481033
18357,0.0191404337489546
18358,0.0191980708742174
18359,0.0191189087750687
18360,0.0598264077335787
18361,0.0597472456344301
18362,0.0598048827596928
18363,0.0597257206605442
18364,0.0597983116838496
18365,0.059719149584701
18366,0.0597767867099638
18367,0.0596976246108151
18368,-0.0506499540307553
18369,-0.050729116129904
18370,-0.0506714790046412
18371,-0.0507506411037898
18372,-0.0506780500804844
18373,-0.050757212179633
18374,-0.0506995750543703
18375,-0.0507787371535189
18376,-0.0100712381950089
18377,-0.0101504002941576
18378,-0.0100927631688948
18379,-0.0101719252680434
18380,-0.010099334244738
18381,-0.0101784963438866
18382,-0.0101208592186239
18383,-0.0102000213177725
18384,0.023197003569061
18385,0.0231178414699123
18386,0.0231754785951751
18387,0.0230963164960265
18388,0.0231689075193319
18389,0.0230897454201833
18390,0.023147382545446
18391,0.0230682204462974
18392,0.0637757194048074
18393,0.0636965573056587
18394,0.0637541944309215
18395,0.0636750323317728
18396,0.0637476233550783
18397,0.0636684612559296
18398,0.0637260983811924
18399,0.0636469362820438
18400,-0.0510763643379605
18401,-0.0511555264371091
18402,-0.0510978893118464
18403,-0.051177051410995
18404,-0.0511044603876896
18405,-0.0511836224868382
18406,-0.0511259853615754
18407,-0.0512051474607241
18408,-0.0104976485022141
18409,-0.0105768106013627
18410,-0.0105191734761
18411,-0.0105983355752486
18412,-0.0105257445519432
18413,-0.0106049066510918
18414,-0.0105472695258291
18415,-0.0106264316249777
18416,0.0227705932618558
18417,0.0226914311627072
18418,0.0227490682879699
18419,0.0226699061888213
18420,0.0227424972121267
18421,0.0226633351129781
18422,0.0227209722382408
18423,0.0226418101390922
18424,0.0633493090976022
18425,0.0632701469984536
18426,0.0633277841237163
18427,0.0632486220245677
18428,0.0633212130478731
18429,0.0632420509487245
18430,0.0632996880739872
18431,0.0632205259748386
18432,-0.0814902400150126
18433,-0.0815694021141613
18434,-0.0815117649888985
18435,-0.0815909270880472
18436,-0.0815183360647417
18437,-0.0815974981638903
18438,-0.0815398610386276
18439,-0.0816190231377762
18440,-0.0409115241792663
18441,-0.0409906862784149
18442,-0.0409330491531521
18443,-0.0410122112523008
18444,-0.0409396202289953
18445,-0.041018782328144
18446,-0.0409611452028812
18447,-0.0410403073020298
18448,-0.0076432824151963
18449,-0.0077224445143449
18450,-0.0076648073890821
18451,-0.0077439694882308
18452,-0.0076713784649253
18453,-0.007750540564074
18454,-0.0076929034388112
18455,-0.0077720655379598
18456,0.03293543342055
18457,0.0328562713214014
18458,0.0329139084466641
18459,0.0328347463475155
18460,0.032907337370821
18461,0.0328281752716723
18462,0.0328858123969351
18463,0.0328066502977864
18464,-0.0819166503222178
18465,-0.0819958124213665
18466,-0.0819381752961037
18467,-0.0820173373952524
18468,-0.0819447463719469
18469,-0.0820239084710955
18470,-0.0819662713458328
18471,-0.0820454334449814
18472,-0.0413379344864714
18473,-0.0414170965856201
18474,-0.0413594594603573
18475,-0.041438621559506
18476,-0.0413660305362005
18477,-0.0414451926353491
18478,-0.0413875555100864
18479,-0.041466717609235
18480,-0.0080696927224015
18481,-0.0081488548215501
18482,-0.0080912176962873
18483,-0.008170379795436
18484,-0.0080977887721305
18485,-0.0081769508712792
18486,-0.0081193137460164
18487,-0.008198475845165
18488,0.0325090231133448
18489,0.0324298610141962
18490,0.032487498139459
18491,0.0324083360403103
18492,0.0324809270636158
18493,0.0324017649644671
18494,0.0324594020897299
18495,0.0323802399905813
18496,-0.0779673386509892
18497,-0.0780465007501378
18498,-0.0779888636248751
18499,-0.0780680257240237
18500,-0.0779954347007183
18501,-0.0780745967998669
18502,-0.0780169596746041
18503,-0.0780961217737528
18504,-0.0373886228152428
18505,-0.0374677849143914
18506,-0.0374101477891287
18507,-0.0374893098882773
18508,-0.0374167188649719
18509,-0.0374958809641205
18510,-0.0374382438388577
18511,-0.0375174059380064
18512,-0.0041203810511728
18513,-0.0041995431503214
18514,-0.0041419060250587
18515,-0.0042210681242073
18516,-0.0041484771009019
18517,-0.0042276392000505
18518,-0.0041700020747878
18519,-0.0042491641739364
18520,0.0364583347845735
18521,0.0363791726854248
18522,0.0364368098106876
18523,0.036357647711539
18524,0.0364302387348444
18525,0.0363510766356958
18526,0.0364087137609585
18527,0.0363295516618099
18528,-0.0783937489581944
18529,-0.078472911057343
18530,-0.0784152739320802
18531,-0.0784944360312289
18532,-0.0784218450079234
18533,-0.0785010071070721
18534,-0.0784433699818093
18535,-0.078522532080958
18536,-0.037815033122448
18537,-0.0378941952215966
18538,-0.0378365580963339
18539,-0.0379157201954825
18540,-0.0378431291721771
18541,-0.0379222912713257
18542,-0.0378646541460629
18543,-0.0379438162452116
18544,-0.004546791358378
18545,-0.0046259534575266
18546,-0.0045683163322639
18547,-0.0046474784314125
18548,-0.0045748874081071
18549,-0.0046540495072557
18550,-0.0045964123819929
18551,-0.0046755744811416
18552,0.0360319244773683
18553,0.0359527623782197
18554,0.0360103995034824
18555,0.0359312374043338
18556,0.0360038284276392
18557,0.0359246663284906
18558,0.0359823034537534
18559,0.0359031413546047
18560,-0.0818713247842761
18561,-0.0819504868834248
18562,-0.081892849758162
18563,-0.0819720118573106
18564,-0.0818994208340052
18565,-0.0819785829331538
18566,-0.0819209458078911
18567,-0.0820001079070397
18568,-0.0412926089485297
18569,-0.0413717710476784
18570,-0.0413141339224156
18571,-0.0413932960215642
18572,-0.0413207049982588
18573,-0.0413998670974074
18574,-0.0413422299721447
18575,-0.0414213920712933
18576,-0.0080243671844597
18577,-0.0081035292836084
18578,-0.0080458921583456
18579,-0.0081250542574943
18580,-0.0080524632341888
18581,-0.0081316253333374
18582,-0.0080739882080747
18583,-0.0081531503072233
18584,0.0325543486512866
18585,0.0324751865521379
18586,0.0325328236774007
18587,0.032453661578252
18588,0.0325262526015575
18589,0.0324470905024089
18590,0.0325047276276716
18591,0.032425565528523
18592,-0.0822977350914813
18593,-0.0823768971906299
18594,-0.0823192600653672
18595,-0.0823984221645158
18596,-0.0823258311412104
18597,-0.082404993240359
18598,-0.0823473561150962
18599,-0.0824265182142449
18600,-0.0417190192557349
18601,-0.0417981813548836
18602,-0.0417405442296208
18603,-0.0418197063287694
18604,-0.041747115305464
18605,-0.0418262774046126
18606,-0.0417686402793499
18607,-0.0418478023784985
18608,-0.0084507774916649
18609,-0.0085299395908136
18610,-0.0084723024655508
18611,-0.0085514645646994
18612,-0.008478873541394
18613,-0.0085580356405426
18614,-0.0085003985152799
18615,-0.0085795606144285
18616,0.0321279383440814
18617,0.0320487762449327
18618,0.0321064133701955
18619,0.0320272512710469
18620,0.0320998422943523
18621,0.0320206801952037
18622,0.0320783173204664
18623,0.0319991552213178
18624,-0.0783484234202527
18625,-0.0784275855194013
18626,-0.0783699483941385
18627,-0.0784491104932872
18628,-0.0783765194699817
18629,-0.0784556815691304
18630,-0.0783980444438676
18631,-0.0784772065430162
18632,-0.0377697075845063
18633,-0.0378488696836549
18634,-0.0377912325583922
18635,-0.0378703946575408
18636,-0.0377978036342353
18637,-0.037876965733384
18638,-0.0378193286081212
18639,-0.0378984907072699
18640,-0.0045014658204363
18641,-0.0045806279195849
18642,-0.0045229907943222
18643,-0.0046021528934708
18644,-0.0045295618701653
18645,-0.004608723969314
18646,-0.0045510868440512
18647,-0.0046302489431999
18648,0.03607725001531
18649,0.0359980879161614
18650,0.0360557250414241
18651,0.0359765629422755
18652,0.0360491539655809
18653,0.0359699918664323
18654,0.0360276289916951
18655,0.0359484668925464
18656,-0.0787748337274578
18657,-0.0788539958266065
18658,-0.0787963587013437
18659,-0.0788755208004923
18660,-0.0788029297771869
18661,-0.0788820918763355
18662,-0.0788244547510728
18663,-0.0789036168502214
18664,-0.0381961178917115
18665,-0.0382752799908601
18666,-0.0382176428655973
18667,-0.038296804964746
18668,-0.0382242139414405
18669,-0.0383033760405892
18670,-0.0382457389153264
18671,-0.038324901014475
18672,-0.0049278761276415
18673,-0.0050070382267901
18674,-0.0049494011015273
18675,-0.005028563200676
18676,-0.0049559721773705
18677,-0.0050351342765192
18678,-0.0049774971512564
18679,-0.005056659250405
18680,0.0356508397081048
18681,0.0355716776089562
18682,0.035629314734219
18683,0.0355501526350703
18684,0.0356227436583758
18685,0.0355435815592271
18686,0.0356012186844899
18687,0.0355220565853412
18688,-0.076518616353528
18689,-0.0765977784526766
18690,-0.0765401413274138
18691,-0.0766193034265625
18692,-0.076546712403257
18693,-0.0766258745024057
18694,-0.0765682373771429
18695,-0.0766473994762916
18696,-0.0359399005177816
18697,-0.0360190626169302
18698,-0.0359614254916675
18699,-0.0360405875908161
18700,-0.0359679965675107
18701,-0.0360471586666593
18702,-0.0359895215413965
18703,-0.0360686836405452
18704,-0.0026716587537116
18705,-0.0027508208528602
18706,-0.0026931837275975
18707,-0.0027723458267461
18708,-0.0026997548034407
18709,-0.0027789169025893
18710,-0.0027212797773265
18711,-0.0028004418764752
18712,0.0379070570820347
18713,0.0378278949828861
18714,0.0378855321081488
18715,0.0378063700090002
18716,0.0378789610323056
18717,0.037799798933157
18718,0.0378574360584198
18719,0.0377782739592711
18720,-0.0769450266607332
18721,-0.0770241887598818
18722,-0.076966551634619
18723,-0.0770457137337677
18724,-0.0769731227104622
18725,-0.0770522848096108
18726,-0.0769946476843481
18727,-0.0770738097834967
18728,-0.0363663108249868
18729,-0.0364454729241354
18730,-0.0363878357988727
18731,-0.0364669978980213
18732,-0.0363944068747158
18733,-0.0364735689738645
18734,-0.0364159318486017
18735,-0.0364950939477504
18736,-0.0030980690609168
18737,-0.0031772311600654
18738,-0.0031195940348027
18739,-0.0031987561339513
18740,-0.0031261651106458
18741,-0.0032053272097945
18742,-0.0031476900845317
18743,-0.0032268521836804
18744,0.0374806467748295
18745,0.0374014846756809
18746,0.0374591218009436
18747,0.037379959701795
18748,0.0374525507251004
18749,0.0373733886259518
18750,0.0374310257512146
18751,0.0373518636520659
18752,-0.0729957149895045
18753,-0.0730748770886531
18754,-0.0730172399633904
18755,-0.073096402062539
18756,-0.0730238110392336
18757,-0.0731029731383822
18758,-0.0730453360131195
18759,-0.0731244981122681
18760,-0.0324169991537581
18761,-0.0324961612529068
18762,-0.032438524127644
18763,-0.0325176862267926
18764,-0.0324450952034872
18765,-0.0325242573026358
18766,-0.0324666201773731
18767,-0.0325457822765217
18768,0.0008512426103118
18769,0.0007720805111631
18770,0.0008297176364259
18771,0.0007505555372773
18772,0.0008231465605827
18773,0.0007439844614341
18774,0.0008016215866968
18775,0.0007224594875482
18776,0.0414299584460582
18777,0.0413507963469095
18778,0.0414084334721723
18779,0.0413292713730236
18780,0.0414018623963291
18781,0.0413227002971805
18782,0.0413803374224432
18783,0.0413011753232946
18784,-0.0734221252967097
18785,-0.0735012873958583
18786,-0.0734436502705956
18787,-0.0735228123697442
18788,-0.0734502213464388
18789,-0.0735293834455874
18790,-0.0734717463203246
18791,-0.0735509084194733
18792,-0.0328434094609633
18793,-0.0329225715601119
18794,-0.0328649344348492
18795,-0.0329440965339978
18796,-0.0328715055106924
18797,-0.032950667609841
18798,-0.0328930304845783
18799,-0.0329721925837269
18800,0.0004248323031066
18801,0.000345670203958
18802,0.0004033073292207
18803,0.0003241452300721
18804,0.0003967362533775
18805,0.0003175741542289
18806,0.0003752112794916
18807,0.000296049180343
18808,0.041003548138853
18809,0.0409243860397043
18810,0.0409820231649671
18811,0.0409028610658185
18812,0.0409754520891239
18813,0.0408962899899753
18814,0.040953927115238
18815,0.0408747650160894
18816,-0.0768997011227914
18817,-0.0769788632219401
18818,-0.0769212260966773
18819,-0.0770003881958259
18820,-0.0769277971725205
18821,-0.0770069592716691
18822,-0.0769493221464064
18823,-0.077028484245555
18824,-0.0363209852870451
18825,-0.0364001473861937
18826,-0.0363425102609309
18827,-0.0364216723600796
18828,-0.0363490813367741
18829,-0.0364282434359228
18830,-0.03637060631066
18831,-0.0364497684098086
18832,-0.0030527435229751
18833,-0.0031319056221237
18834,-0.0030742684968609
18835,-0.0031534305960096
18836,-0.0030808395727041
18837,-0.0031600016718528
18838,-0.00310236454659
18839,-0.0031815266457386
18840,0.0375259723127712
18841,0.0374468102136226
18842,0.0375044473388853
18843,0.0374252852397367
18844,0.0374978762630422
18845,0.0374187141638935
18846,0.0374763512891563
18847,0.0373971891900076
18848,-0.0773261114299966
18849,-0.0774052735291453
18850,-0.0773476364038825
18851,-0.0774267985030311
18852,-0.0773542074797257
18853,-0.0774333695788743
18854,-0.0773757324536116
18855,-0.0774548945527602
18856,-0.0367473955942502
18857,-0.0368265576933989
18858,-0.0367689205681361
18859,-0.0368480826672848
18860,-0.0367754916439793
18861,-0.0368546537431279
18862,-0.0367970166178652
18863,-0.0368761787170138
18864,-0.0034791538301802
18865,-0.0035583159293289
18866,-0.0035006788040661
18867,-0.0035798409032148
18868,-0.0035072498799093
18869,-0.0035864119790579
18870,-0.0035287748537952
18871,-0.0036079369529438
18872,0.037099562005566
18873,0.0370203999064174
18874,0.0370780370316802
18875,0.0369988749325315
18876,0.037071465955837
18877,0.0369923038566883
18878,0.0370499409819511
18879,0.0369707788828025
18880,-0.073376799758768
18881,-0.0734559618579166
18882,-0.0733983247326539
18883,-0.0734774868318025
18884,-0.0734048958084971
18885,-0.0734840579076457
18886,-0.0734264207823829
18887,-0.0735055828815316
18888,-0.0327980839230216
18889,-0.0328772460221702
18890,-0.0328196088969075
18891,-0.0328987709960561
18892,-0.0328261799727507
18893,-0.0329053420718993
18894,-0.0328477049466365
18895,-0.0329268670457852
18896,0.0004701578410483
18897,0.0003909957418997
18898,0.0004486328671624
18899,0.0003694707680138
18900,0.0004420617913192
18901,0.0003628996921706
18902,0.0004205368174334
18903,0.0003413747182847
18904,0.0410488736767947
18905,0.0409697115776461
18906,0.0410273487029088
18907,0.0409481866037602
18908,0.0410207776270656
18909,0.040941615527917
18910,0.0409992526531797
18911,0.0409200905540311
18912,-0.0738032100659732
18913,-0.0738823721651218
18914,-0.073824735039859
18915,-0.0739038971390077
18916,-0.0738313061157022
18917,-0.0739104682148509
18918,-0.0738528310895881
18919,-0.0739319931887367
18920,-0.0332244942302268
18921,-0.0333036563293754
18922,-0.0332460192041127
18923,-0.0333251813032613
18924,-0.0332525902799558
18925,-0.0333317523791045
18926,-0.0332741152538417
18927,-0.0333532773529904
18928,4.374753384316736e-05
18929,-3.5414565305469384e-05
18930,2.222255995728932e-05
18931,-5.693953919134742e-05
18932,1.565148411410237e-05
18933,-6.351061503453436e-05
18934,-5.873489771775671e-06
18935,-8.503558892041241e-05
18936,0.0406224633695895
18937,0.0405433012704409
18938,0.0406009383957036
18939,0.040521776296555
18940,0.0405943673198604
18941,0.0405152052207118
18942,0.0405728423459746
18943,0.0404936802468259
18944,-0.0589021045452697
18945,-0.0589812666444183
18946,-0.0589236295191556
18947,-0.0590027916183042
18948,-0.0589302005949987
18949,-0.0590093626941474
18950,-0.0589517255688846
18951,-0.0590308876680333
18952,-0.0183233887095233
18953,-0.0184025508086719
18954,-0.0183449136834092
18955,-0.0184240757825578
18956,-0.0183514847592524
18957,-0.018430646858401
18958,-0.0183730097331382
18959,-0.0184521718322869
18960,0.0149448530545466
18961,0.014865690955398
18962,0.0149233280806607
18963,0.0148441659815121
18964,0.0149167570048175
18965,0.0148375949056689
18966,0.0148952320309317
18967,0.014816069931783
18968,0.055523568890293
18969,0.0554444067911444
18970,0.0555020439164071
18971,0.0554228818172585
18972,0.0554954728405639
18973,0.0554163107414153
18974,0.0554739478666781
18975,0.0553947857675294
18976,-0.0593285148524749
18977,-0.0594076769516235
18978,-0.0593500398263607
18979,-0.0594292019255094
18980,-0.0593566109022039
18981,-0.0594357730013526
18982,-0.0593781358760898
18983,-0.0594572979752384
18984,-0.0187497990167285
18985,-0.0188289611158771
18986,-0.0187713239906144
18987,-0.018850486089763
18988,-0.0187778950664575
18989,-0.0188570571656062
18990,-0.0187994200403434
18991,-0.0188785821394921
18992,0.0145184427473414
18993,0.0144392806481928
18994,0.0144969177734555
18995,0.0144177556743069
18996,0.0144903466976124
18997,0.0144111845984637
18998,0.0144688217237265
18999,0.0143896596245778
19000,0.0550971585830878
19001,0.0550179964839392
19002,0.0550756336092019
19003,0.0549964715100533
19004,0.0550690625333587
19005,0.0549899004342101
19006,0.0550475375594729
19007,0.0549683754603242
19008,-0.0553792031812462
19009,-0.0554583652803949
19010,-0.0554007281551321
19011,-0.0554798902542807
19012,-0.0554072992309753
19013,-0.0554864613301239
19014,-0.0554288242048612
19015,-0.0555079863040098
19016,-0.0148004873454998
19017,-0.0148796494446485
19018,-0.0148220123193857
19019,-0.0149011744185343
19020,-0.0148285833952289
19021,-0.0149077454943775
19022,-0.0148501083691148
19023,-0.0149292704682634
19024,0.0184677544185701
19025,0.0183885923194214
19026,0.0184462294446842
19027,0.0183670673455356
19028,0.018439658368841
19029,0.0183604962696924
19030,0.0184181333949551
19031,0.0183389712958065
19032,0.0590464702543165
19033,0.0589673081551678
19034,0.0590249452804306
19035,0.0589457831812819
19036,0.0590183742045874
19037,0.0589392121054387
19038,0.0589968492307015
19039,0.0589176871315529
19040,-0.0558056134884514
19041,-0.0558847755876
19042,-0.0558271384623373
19043,-0.0559063005614859
19044,-0.0558337095381805
19045,-0.0559128716373291
19046,-0.0558552345120663
19047,-0.055934396611215
19048,-0.015226897652705
19049,-0.0153060597518537
19050,-0.0152484226265909
19051,-0.0153275847257395
19052,-0.0152549937024341
19053,-0.0153341558015827
19054,-0.01527651867632
19055,-0.0153556807754686
19056,0.0180413441113649
19057,0.0179621820122162
19058,0.018019819137479
19059,0.0179406570383304
19060,0.0180132480616358
19061,0.0179340859624872
19062,0.0179917230877499
19063,0.0179125609886013
19064,0.0586200599471113
19065,0.0585408978479626
19066,0.0585985349732254
19067,0.0585193728740768
19068,0.0585919638973822
19069,0.0585128017982336
19070,0.0585704389234963
19071,0.0584912768243477
19072,-0.0592831893145332
19073,-0.0593623514136818
19074,-0.059304714288419
19075,-0.0593838763875677
19076,-0.0593112853642622
19077,-0.0593904474634109
19078,-0.0593328103381481
19079,-0.0594119724372967
19080,-0.0187044734787868
19081,-0.0187836355779354
19082,-0.0187259984526726
19083,-0.0188051605518213
19084,-0.0187325695285158
19085,-0.0188117316276645
19086,-0.0187540945024017
19087,-0.0188332566015503
19088,0.0145637682852831
19089,0.0144846061861345
19090,0.0145422433113973
19091,0.0144630812122486
19092,0.0145356722355541
19093,0.0144565101364054
19094,0.0145141472616682
19095,0.0144349851625196
19096,0.0551424841210295
19097,0.0550633220218809
19098,0.0551209591471436
19099,0.055041797047995
19100,0.0551143880713005
19101,0.0550352259721518
19102,0.0550928630974146
19103,0.0550137009982659
19104,-0.0597095996217383
19105,-0.059788761720887
19106,-0.0597311245956242
19107,-0.0598102866947728
19108,-0.0597376956714674
19109,-0.059816857770616
19110,-0.0597592206453533
19111,-0.0598383827445019
19112,-0.0191308837859919
19113,-0.0192100458851406
19114,-0.0191524087598778
19115,-0.0192315708590265
19116,-0.019158979835721
19117,-0.0192381419348696
19118,-0.0191805048096069
19119,-0.0192596669087555
19120,0.014137357978078
19121,0.0140581958789293
19122,0.0141158330041921
19123,0.0140366709050434
19124,0.0141092619283489
19125,0.0140300998292003
19126,0.014087736954463
19127,0.0140085748553144
19128,0.0547160738138243
19129,0.0546369117146757
19130,0.0546945488399385
19131,0.0546153867407898
19132,0.0546879777640953
19133,0.0546088156649466
19134,0.0546664527902094
19135,0.0545872906910608
19136,-0.0557602879505097
19137,-0.0558394500496583
19138,-0.0557818129243956
19139,-0.0558609750235442
19140,-0.0557883840002388
19141,-0.0558675460993874
19142,-0.0558099089741246
19143,-0.0558890710732733
19144,-0.0151815721147633
19145,-0.0152607342139119
19146,-0.0152030970886492
19147,-0.0152822591877978
19148,-0.0152096681644924
19149,-0.015288830263641
19150,-0.0152311931383782
19151,-0.0153103552375269
19152,0.0180866696493066
19153,0.018007507550158
19154,0.0180651446754207
19155,0.0179859825762721
19156,0.0180585735995775
19157,0.0179794115004289
19158,0.0180370486256917
19159,0.017957886526543
19160,0.058665385485053
19161,0.0585862233859044
19162,0.0586438605111671
19163,0.0585646984120185
19164,0.0586372894353239
19165,0.0585581273361753
19166,0.058615764461438
19167,0.0585366023622894
19168,-0.0561866982577149
19169,-0.0562658603568635
19170,-0.0562082232316007
19171,-0.0562873853307494
19172,-0.0562147943074439
19173,-0.0562939564065926
19174,-0.0562363192813298
19175,-0.0563154813804784
19176,-0.0156079824219685
19177,-0.0156871445211171
19178,-0.0156295073958544
19179,-0.015708669495003
19180,-0.0156360784716976
19181,-0.0157152405708462
19182,-0.0156576034455834
19183,-0.0157367655447321
19184,0.0176602593421014
19185,0.0175810972429528
19186,0.0176387343682155
19187,0.0175595722690669
19188,0.0176321632923723
19189,0.0175530011932237
19190,0.0176106383184865
19191,0.0175314762193378
19192,0.0582389751778478
19193,0.0581598130786992
19194,0.0582174502039619
19195,0.0581382881048133
19196,0.0582108791281187
19197,0.0581317170289701
19198,0.0581893541542329
19199,0.0581101920550842
19200,-0.053930480883785
19201,-0.0540096429829336
19202,-0.0539520058576709
19203,-0.0540311679568195
19204,-0.0539585769335141
19205,-0.0540377390326627
19206,-0.0539801019073999
19207,-0.0540592640065486
19208,-0.0133517650480386
19209,-0.0134309271471873
19210,-0.0133732900219245
19211,-0.0134524521210731
19212,-0.0133798610977677
19213,-0.0134590231969163
19214,-0.0134013860716536
19215,-0.0134805481708022
19216,0.0199164767160313
19217,0.0198373146168826
19218,0.0198949517421454
19219,0.0198157896429968
19220,0.0198883806663022
19221,0.0198092185671536
19222,0.0198668556924163
19223,0.0197876935932677
19224,0.0604951925517777
19225,0.060416030452629
19226,0.0604736675778918
19227,0.0603945054787432
19228,0.0604670965020486
19229,0.0603879344029
19230,0.0604455715281627
19231,0.0603664094290141
19232,-0.0543568911909902
19233,-0.0544360532901388
19234,-0.0543784161648761
19235,-0.0544575782640247
19236,-0.0543849872407192
19237,-0.0544641493398679
19238,-0.0544065122146051
19239,-0.0544856743137538
19240,-0.0137781753552438
19241,-0.0138573374543924
19242,-0.0137997003291297
19243,-0.0138788624282783
19244,-0.0138062714049729
19245,-0.0138854335041215
19246,-0.0138277963788587
19247,-0.0139069584780074
19248,0.0194900664088261
19249,0.0194109043096775
19250,0.0194685414349402
19251,0.0193893793357916
19252,0.019461970359097
19253,0.0193828082599484
19254,0.0194404453852112
19255,0.0193612832860625
19256,0.0600687822445725
19257,0.0599896201454238
19258,0.0600472572706866
19259,0.059968095171538
19260,0.0600406861948434
19261,0.0599615240956948
19262,0.0600191612209576
19263,0.0599399991218089
19264,-0.0504075795197615
19265,-0.0504867416189102
19266,-0.0504291044936474
19267,-0.0505082665927961
19268,-0.0504356755694906
19269,-0.0505148376686392
19270,-0.0504572005433765
19271,-0.0505363626425251
19272,-0.0098288636840152
19273,-0.0099080257831638
19274,-0.009850388657901
19275,-0.0099295507570497
19276,-0.0098569597337442
19277,-0.0099361218328929
19278,-0.0098784847076301
19279,-0.0099576468067787
19280,0.0234393780800547
19281,0.0233602159809061
19282,0.0234178531061689
19283,0.0233386910070202
19284,0.0234112820303257
19285,0.023332119931177
19286,0.0233897570564398
19287,0.0233105949572912
19288,0.0640180939158011
19289,0.0639389318166525
19290,0.0639965689419152
19291,0.0639174068427666
19292,0.0639899978660721
19293,0.0639108357669234
19294,0.0639684728921862
19295,0.0638893107930376
19296,-0.0508339898269667
19297,-0.0509131519261154
19298,-0.0508555148008526
19299,-0.0509346769000012
19300,-0.0508620858766958
19301,-0.0509412479758444
19302,-0.0508836108505817
19303,-0.0509627729497303
19304,-0.0102552739912203
19305,-0.010334436090369
19306,-0.0102767989651062
19307,-0.0103559610642549
19308,-0.0102833700409494
19309,-0.010362532140098
19310,-0.0103048950148353
19311,-0.0103840571139839
19312,0.0230129677728496
19313,0.0229338056737009
19314,0.0229914427989637
19315,0.022912280699815
19316,0.0229848717231205
19317,0.0229057096239719
19318,0.0229633467492346
19319,0.022884184650086
19320,0.063591683608596
19321,0.0635125215094473
19322,0.0635701586347101
19323,0.0634909965355614
19324,0.0635635875588669
19325,0.0634844254597182
19326,0.063542062584981
19327,0.0634629004858324
19328,-0.0543115656530485
19329,-0.0543907277521971
19330,-0.0543330906269343
19331,-0.054412252726083
19332,-0.0543396617027775
19333,-0.0544188238019262
19334,-0.0543611866766634
19335,-0.054440348775812
19336,-0.0137328498173021
19337,-0.0138120119164507
19338,-0.013754374791188
19339,-0.0138335368903366
19340,-0.0137609458670311
19341,-0.0138401079661798
19342,-0.013782470840917
19343,-0.0138616329400657
19344,0.0195353919467678
19345,0.0194562298476192
19346,0.0195138669728819
19347,0.0194347048737333
19348,0.0195072958970388
19349,0.0194281337978901
19350,0.0194857709231529
19351,0.0194066088240042
19352,0.0601141077825142
19353,0.0600349456833656
19354,0.0600925828086283
19355,0.0600134207094797
19356,0.0600860117327851
19357,0.0600068496336365
19358,0.0600644867588993
19359,0.0599853246597506
19360,-0.0547379759602537
19361,-0.0548171380594023
19362,-0.0547595009341395
19363,-0.0548386630332882
19364,-0.0547660720099827
19365,-0.0548452341091314
19366,-0.0547875969838686
19367,-0.0548667590830172
19368,-0.0141592601245073
19369,-0.0142384222236559
19370,-0.0141807850983931
19371,-0.0142599471975418
19372,-0.0141873561742363
19373,-0.014266518273385
19374,-0.0142088811481222
19375,-0.0142880432472708
19376,0.0191089816395626
19377,0.019029819540414
19378,0.0190874566656768
19379,0.0190082945665281
19380,0.0190808855898336
19381,0.0190017234906849
19382,0.0190593606159477
19383,0.0189801985167991
19384,0.059687697475309
19385,0.0596085353761604
19386,0.0596661725014231
19387,0.0595870104022745
19388,0.0596596014255799
19389,0.0595804393264313
19390,0.0596380764516941
19391,0.0595589143525454
19392,-0.050788664289025
19393,-0.0508678263881736
19394,-0.0508101892629109
19395,-0.0508893513620595
19396,-0.0508167603387541
19397,-0.0508959224379027
19398,-0.05083828531264
19399,-0.0509174474117886
19400,-0.0102099484532786
19401,-0.0102891105524273
19402,-0.0102314734271645
19403,-0.0103106355263131
19404,-0.0102380445030077
19405,-0.0103172066021563
19406,-0.0102595694768936
19407,-0.0103387315760422
19408,0.0230582933107913
19409,0.0229791312116426
19410,0.0230367683369054
19411,0.0229576062377568
19412,0.0230301972610622
19413,0.0229510351619136
19414,0.0230086722871763
19415,0.0229295101880277
19416,0.0636370091465377
19417,0.063557847047389
19418,0.0636154841726518
19419,0.0635363220735031
19420,0.0636089130968086
19421,0.0635297509976599
19422,0.0635873881229227
19423,0.0635082260237741
19424,-0.0512150745962302
19425,-0.0512942366953788
19426,-0.0512365995701161
19427,-0.0513157616692647
19428,-0.0512431706459593
19429,-0.0513223327451079
19430,-0.0512646956198451
19431,-0.0513438577189938
19432,-0.0106363587604838
19433,-0.0107155208596324
19434,-0.0106578837343697
19435,-0.0107370458335183
19436,-0.0106644548102129
19437,-0.0107436169093615
19438,-0.0106859797840987
19439,-0.0107651418832474
19440,0.0226318830035861
19441,0.0225527209044375
19442,0.0226103580297002
19443,0.0225311959305516
19444,0.022603786953857
19445,0.0225246248547084
19446,0.0225822619799711
19447,0.0225030998808225
19448,0.0632105988393325
19449,0.0631314367401839
19450,0.0631890738654466
19451,0.063109911766298
19452,0.0631825027896034
19453,0.0631033406904548
19454,0.0631609778157175
19455,0.0630818157165689
19456,-0.0814180376920327
19457,-0.0814971997911813
19458,-0.0814395626659186
19459,-0.0815187247650672
19460,-0.0814461337417618
19461,-0.0815252958409104
19462,-0.0814676587156476
19463,-0.0815468208147962
19464,-0.0408393218562863
19465,-0.0409184839554349
19466,-0.0408608468301722
19467,-0.0409400089293208
19468,-0.0408674179060154
19469,-0.040946580005164
19470,-0.0408889428799012
19471,-0.0409681049790499
19472,-0.0075710800922163
19473,-0.0076502421913649
19474,-0.0075926050661022
19475,-0.0076717671652508
19476,-0.0075991761419454
19477,-0.007678338241094
19478,-0.0076207011158312
19479,-0.0076998632149799
19480,0.03300763574353
19481,0.0329284736443814
19482,0.0329861107696441
19483,0.0329069486704955
19484,0.0329795396938009
19485,0.0329003775946523
19486,0.032958014719915
19487,0.0328788526207664
19488,-0.0818444479992379
19489,-0.0819236100983865
19490,-0.0818659729731237
19491,-0.0819451350722724
19492,-0.0818725440489669
19493,-0.0819517061481156
19494,-0.0818940690228528
19495,-0.0819732311220014
19496,-0.0412657321634915
19497,-0.0413448942626401
19498,-0.0412872571373774
19499,-0.041366419236526
19500,-0.0412938282132205
19501,-0.0413729903123692
19502,-0.0413153531871064
19503,-0.0413945152862551
19504,-0.0079974903994215
19505,-0.0080766524985701
19506,-0.0080190153733074
19507,-0.008098177472456
19508,-0.0080255864491505
19509,-0.0081047485482992
19510,-0.0080471114230364
19511,-0.0081262735221851
19512,0.0325812254363248
19513,0.0325020633371762
19514,0.0325597004624389
19515,0.0324805383632903
19516,0.0325531293865957
19517,0.0324739672874471
19518,0.0325316044127099
19519,0.0324524423135612
19520,-0.0778951363280092
19521,-0.0779742984271578
19522,-0.0779166613018951
19523,-0.0779958234010437
19524,-0.0779232323777383
19525,-0.0780023944768869
19526,-0.0779447573516242
19527,-0.0780239194507728
19528,-0.0373164204922628
19529,-0.0373955825914115
19530,-0.0373379454661487
19531,-0.0374171075652974
19532,-0.0373445165419919
19533,-0.0374236786411405
19534,-0.0373660415158778
19535,-0.0374452036150264
19536,-0.0040481787281928
19537,-0.0041273408273415
19538,-0.0040697037020787
19539,-0.0041488658012274
19540,-0.0040762747779219
19541,-0.0041554368770705
19542,-0.0040977997518078
19543,-0.0041769618509564
19544,0.0365305371075534
19545,0.0364513750084048
19546,0.0365090121336676
19547,0.0364298500345189
19548,0.0365024410578244
19549,0.0364232789586757
19550,0.0364809160839385
19551,0.0364017539847899
19552,-0.0783215466352144
19553,-0.078400708734363
19554,-0.0783430716091003
19555,-0.0784222337082489
19556,-0.0783496426849435
19557,-0.0784288047840921
19558,-0.0783711676588293
19559,-0.078450329757978
19560,-0.037742830799468
19561,-0.0378219928986167
19562,-0.0377643557733539
19563,-0.0378435178725025
19564,-0.0377709268491971
19565,-0.0378500889483457
19566,-0.037792451823083
19567,-0.0378716139222316
19568,-0.004474589035398
19569,-0.0045537511345467
19570,-0.0044961140092839
19571,-0.0045752761084325
19572,-0.0045026850851271
19573,-0.0045818471842757
19574,-0.004524210059013
19575,-0.0046033721581616
19576,0.0361041268003483
19577,0.0360249647011996
19578,0.0360826018264624
19579,0.0360034397273138
19580,0.0360760307506192
19581,0.0359968686514706
19582,0.0360545057767333
19583,0.0359753436775847
19584,-0.0817991224612961
19585,-0.0818782845604448
19586,-0.081820647435182
19587,-0.0818998095343307
19588,-0.0818272185110252
19589,-0.0819063806101739
19590,-0.0818487434849111
19591,-0.0819279055840597
19592,-0.0412204066255498
19593,-0.0412995687246984
19594,-0.0412419315994356
19595,-0.0413210936985843
19596,-0.0412485026752788
19597,-0.0413276647744275
19598,-0.0412700276491647
19599,-0.0413491897483133
19600,-0.0079521648614798
19601,-0.0080313269606284
19602,-0.0079736898353656
19603,-0.0080528519345143
19604,-0.0079802609112088
19605,-0.0080594230103575
19606,-0.0080017858850947
19607,-0.0080809479842433
19608,0.0326265509742665
19609,0.0325473888751179
19610,0.0326050260003806
19611,0.032525863901232
19612,0.0325984549245375
19613,0.0325192928253888
19614,0.0325769299506516
19615,0.0324977678515029
19616,-0.0822255327685013
19617,-0.08230469486765
19618,-0.0822470577423872
19619,-0.0823262198415358
19620,-0.0822536288182304
19621,-0.082332790917379
19622,-0.0822751537921163
19623,-0.0823543158912649
19624,-0.0416468169327549
19625,-0.0417259790319036
19626,-0.0416683419066408
19627,-0.0417475040057895
19628,-0.041674912982484
19629,-0.0417540750816326
19630,-0.0416964379563699
19631,-0.0417756000555185
19632,-0.008378575168685
19633,-0.0084577372678336
19634,-0.0084001001425708
19635,-0.0084792622417195
19636,-0.008406671218414
19637,-0.0084858333175627
19638,-0.0084281961922999
19639,-0.0085073582914485
19640,0.0322001406670613
19641,0.0321209785679127
19642,0.0321786156931755
19643,0.0320994535940268
19644,0.0321720446173323
19645,0.0320928825181836
19646,0.0321505196434464
19647,0.0320713575442978
19648,-0.0782762210972727
19649,-0.0783553831964213
19650,-0.0782977460711586
19651,-0.0783769081703072
19652,-0.0783043171470017
19653,-0.0783834792461504
19654,-0.0783258421208876
19655,-0.0784050042200363
19656,-0.0376975052615263
19657,-0.0377766673606749
19658,-0.0377190302354122
19659,-0.0377981923345608
19660,-0.0377256013112554
19661,-0.037804763410404
19662,-0.0377471262851413
19663,-0.0378262883842899
19664,-0.0044292634974563
19665,-0.0045084255966049
19666,-0.0044507884713422
19667,-0.0045299505704908
19668,-0.0044573595471854
19669,-0.004536521646334
19670,-0.0044788845210713
19671,-0.0045580466202199
19672,0.03614945233829
19673,0.0360702902391413
19674,0.0361279273644041
19675,0.0360487652652555
19676,0.0361213562885609
19677,0.0360421941894123
19678,0.036099831314675
19679,0.0360206692155264
19680,-0.0787026314044779
19681,-0.0787817935036265
19682,-0.0787241563783638
19683,-0.0788033184775124
19684,-0.0787307274542069
19685,-0.0788098895533556
19686,-0.0787522524280928
19687,-0.0788314145272414
19688,-0.0381239155687315
19689,-0.0382030776678801
19690,-0.0381454405426174
19691,-0.038224602641766
19692,-0.0381520116184606
19693,-0.0382311737176092
19694,-0.0381735365923464
19695,-0.0382526986914951
19696,-0.0048556738046615
19697,-0.0049348359038101
19698,-0.0048771987785474
19699,-0.004956360877696
19700,-0.0048837698543906
19701,-0.0049629319535392
19702,-0.0049052948282764
19703,-0.0049844569274251
19704,0.0357230420310848
19705,0.0356438799319362
19706,0.0357015170571989
19707,0.0356223549580503
19708,0.0356949459813557
19709,0.0356157838822071
19710,0.0356734210074699
19711,0.0355942589083212
19712,-0.076446414030548
19713,-0.0765255761296967
19714,-0.0764679390044339
19715,-0.0765471011035825
19716,-0.0764745100802771
19717,-0.0765536721794257
19718,-0.0764960350541629
19719,-0.0765751971533116
19720,-0.0358676981948016
19721,-0.0359468602939503
19722,-0.0358892231686875
19723,-0.0359683852678361
19724,-0.0358957942445307
19725,-0.0359749563436793
19726,-0.0359173192184166
19727,-0.0359964813175652
19728,-0.0025994564307316
19729,-0.0026786185298803
19730,-0.0026209814046175
19731,-0.0027001435037661
19732,-0.0026275524804607
19733,-0.0027067145796093
19734,-0.0026490774543466
19735,-0.0027282395534952
19736,0.0379792594050147
19737,0.037900097305866
19738,0.0379577344311288
19739,0.0378785723319802
19740,0.0379511633552856
19741,0.037872001256137
19742,0.0379296383813997
19743,0.0378504762822511
19744,-0.0768728243377532
19745,-0.0769519864369018
19746,-0.0768943493116391
19747,-0.0769735114107877
19748,-0.0769009203874823
19749,-0.0769800824866309
19750,-0.0769224453613681
19751,-0.0770016074605168
19752,-0.0362941085020068
19753,-0.0363732706011554
19754,-0.0363156334758927
19755,-0.0363947955750413
19756,-0.0363222045517359
19757,-0.0364013666508845
19758,-0.0363437295256217
19759,-0.0364228916247704
19760,-0.0030258667379368
19761,-0.0031050288370854
19762,-0.0030473917118227
19763,-0.0031265538109713
19764,-0.0030539627876659
19765,-0.0031331248868145
19766,-0.0030754877615517
19767,-0.0031546498607004
19768,0.0375528490978095
19769,0.0374736869986608
19770,0.0375313241239236
19771,0.037452162024775
19772,0.0375247530480804
19773,0.0374455909489318
19774,0.0375032280741945
19775,0.0374240659750459
19776,-0.0729235126665246
19777,-0.0730026747656732
19778,-0.0729450376404104
19779,-0.0730241997395591
19780,-0.0729516087162536
19781,-0.0730307708154023
19782,-0.0729731336901395
19783,-0.0730522957892881
19784,-0.0323447968307782
19785,-0.0324239589299268
19786,-0.032366321804664
19787,-0.0324454839038127
19788,-0.0323728928805072
19789,-0.0324520549796559
19790,-0.0323944178543931
19791,-0.0324735799535417
19792,0.0009234449332917
19793,0.0008442828341431
19794,0.0009019199594059
19795,0.0008227578602572
19796,0.0008953488835627
19797,0.000816186784414
19798,0.0008738239096768
19799,0.0007946618105282
19800,0.0415021607690381
19801,0.0414229986698895
19802,0.0414806357951522
19803,0.0414014736960036
19804,0.0414740647193091
19805,0.0413949026201604
19806,0.0414525397454232
19807,0.0413733776462745
19808,-0.0733499229737297
19809,-0.0734290850728784
19810,-0.0733714479476156
19811,-0.0734506100467642
19812,-0.0733780190234588
19813,-0.0734571811226074
19814,-0.0733995439973447
19815,-0.0734787060964933
19816,-0.0327712071379833
19817,-0.032850369237132
19818,-0.0327927321118692
19819,-0.0328718942110179
19820,-0.0327993031877124
19821,-0.032878465286861
19822,-0.0328208281615983
19823,-0.0328999902607469
19824,0.0004970346260866
19825,0.0004178725269379
19826,0.0004755096522007
19827,0.000396347553052
19828,0.0004689385763575
19829,0.0003897764772089
19830,0.0004474136024716
19831,0.000368251503323
19832,0.0410757504618329
19833,0.0409965883626843
19834,0.0410542254879471
19835,0.0409750633887984
19836,0.0410476544121039
19837,0.0409684923129552
19838,0.041026129438218
19839,0.0409469673390694
19840,-0.0768274987998115
19841,-0.0769066608989601
19842,-0.0768490237736974
19843,-0.076928185872846
19844,-0.0768555948495405
19845,-0.0769347569486892
19846,-0.0768771198234264
19847,-0.076956281922575
19848,-0.0362487829640651
19849,-0.0363279450632137
19850,-0.036270307937951
19851,-0.0363494700370996
19852,-0.0362768790137942
19853,-0.0363560411129428
19854,-0.03629840398768
19855,-0.0363775660868287
19856,-0.0029805411999951
19857,-0.0030597032991437
19858,-0.003002066173881
19859,-0.0030812282730296
19860,-0.0030086372497242
19861,-0.0030877993488728
19862,-0.00303016222361
19863,-0.0031093243227587
19864,0.0375981746357512
19865,0.0375190125366026
19866,0.0375766496618653
19867,0.0374974875627167
19868,0.0375700785860221
19869,0.0374909164868735
19870,0.0375485536121363
19871,0.0374693915129876
19872,-0.0772539091070167
19873,-0.0773330712061653
19874,-0.0772754340809025
19875,-0.0773545961800512
19876,-0.0772820051567457
19877,-0.0773611672558944
19878,-0.0773035301306316
19879,-0.0773826922297802
19880,-0.0366751932712703
19881,-0.0367543553704189
19882,-0.0366967182451562
19883,-0.0367758803443048
19884,-0.0367032893209993
19885,-0.036782451420148
19886,-0.0367248142948852
19887,-0.0368039763940339
19888,-0.0034069515072003
19889,-0.0034861136063489
19890,-0.0034284764810862
19891,-0.0035076385802348
19892,-0.0034350475569293
19893,-0.003514209656078
19894,-0.0034565725308152
19895,-0.0035357346299639
19896,0.037171764328546
19897,0.0370926022293974
19898,0.0371502393546601
19899,0.0370710772555115
19900,0.0371436682788169
19901,0.0370645061796683
19902,0.0371221433049311
19903,0.0370429812057824
19904,-0.073304597435788
19905,-0.0733837595349367
19906,-0.0733261224096739
19907,-0.0734052845088225
19908,-0.0733326934855171
19909,-0.0734118555846657
19910,-0.073354218459403
19911,-0.0734333805585516
19912,-0.0327258816000416
19913,-0.0328050436991903
19914,-0.0327474065739275
19915,-0.0328265686730761
19916,-0.0327539776497707
19917,-0.0328331397489193
19918,-0.0327755026236566
19919,-0.0328546647228052
19920,0.0005423601640283
19921,0.0004631980648796
19922,0.0005208351901424
19923,0.0004416730909938
19924,0.0005142641142992
19925,0.0004351020151506
19926,0.0004927391404133
19927,0.0004135770412647
19928,0.0411210759997747
19929,0.041041913900626
19930,0.0410995510258888
19931,0.0410203889267401
19932,0.0410929799500456
19933,0.041013817850897
19934,0.0410714549761597
19935,0.0409922928770111
19936,-0.0737310077429932
19937,-0.0738101698421418
19938,-0.0737525327168791
19939,-0.0738316948160277
19940,-0.0737591037927223
19941,-0.0738382658918709
19942,-0.0737806287666082
19943,-0.0738597908657568
19944,-0.0331522919072468
19945,-0.0332314540063954
19946,-0.0331738168811327
19947,-0.0332529789802813
19948,-0.0331803879569759
19949,-0.0332595500561245
19950,-0.0332019129308618
19951,-0.0332810750300104
19952,0.0001159498568231
19953,3.67877576744983e-05
19954,9.4424882937257e-05
19955,1.5262783788620263e-05
19956,8.785380709407006e-05
19957,8.691707945433318e-06
19958,6.632883320819201e-05
19959,-1.2833265940444724e-05
19960,0.0406946656925695
19961,0.0406155035934208
19962,0.0406731407186836
19963,0.040593978619535
19964,0.0406665696428404
19965,0.0405874075436918
19966,0.0406450446689545
19967,0.0405658825698059
19968,-0.0588299022222897
19969,-0.0589090643214383
19970,-0.0588514271961756
19971,-0.0589305892953242
19972,-0.0588579982720188
19973,-0.0589371603711674
19974,-0.0588795232459047
19975,-0.0589586853450533
19976,-0.0182511863865433
19977,-0.018330348485692
19978,-0.0182727113604292
19979,-0.0183518734595778
19980,-0.0182792824362724
19981,-0.018358444535421
19982,-0.0183008074101583
19983,-0.0183799695093069
19984,0.0150170553775266
19985,0.0149378932783779
19986,0.0149955304036407
19987,0.0149163683044921
19988,0.0149889593277975
19989,0.0149097972286489
19990,0.0149674343539116
19991,0.014888272254763
19992,0.055595771213273
19993,0.0555166091141243
19994,0.0555742462393871
19995,0.0554950841402384
19996,0.0555676751635439
19997,0.0554885130643953
19998,0.055546150189658
19999,0.0554669880905094
20000,-0.0592563125294949
20001,-0.0593354746286435
20002,-0.0592778375033808
20003,-0.0593569996025294
20004,-0.059284408579224
20005,-0.0593635706783726
20006,-0.0593059335531098
20007,-0.0593850956522585
20008,-0.0186775966937485
20009,-0.0187567587928971
20010,-0.0186991216676344
20011,-0.018778283766783
20012,-0.0187056927434776
20013,-0.0187848548426262
20014,-0.0187272177173635
20015,-0.0188063798165121
20016,0.0145906450703214
20017,0.0145114829711728
20018,0.0145691200964355
20019,0.0144899579972869
20020,0.0145625490205923
20021,0.0144833869214437
20022,0.0145410240467064
20023,0.0144618619475578
20024,0.0551693609060678
20025,0.0550901988069191
20026,0.0551478359321819
20027,0.0550686738330333
20028,0.0551412648563387
20029,0.0550621027571901
20030,0.0551197398824528
20031,0.0550405777833042
20032,-0.0553070008582663
20033,-0.0553861629574149
20034,-0.0553285258321521
20035,-0.0554076879313008
20036,-0.0553350969079953
20037,-0.055414259007144
20038,-0.0553566218818812
20039,-0.0554357839810298
20040,-0.0147282850225199
20041,-0.0148074471216685
20042,-0.0147498099964057
20043,-0.0148289720955544
20044,-0.0147563810722489
20045,-0.0148355431713976
20046,-0.0147779060461348
20047,-0.0148570681452834
20048,0.01853995674155
20049,0.0184607946424014
20050,0.0185184317676642
20051,0.0184392696685155
20052,0.018511860691821
20053,0.0184326985926723
20054,0.0184903357179351
20055,0.0184111736187865
20056,0.0591186725772964
20057,0.0590395104781478
20058,0.0590971476034105
20059,0.0590179855042619
20060,0.0590905765275674
20061,0.0590114144284187
20062,0.0590690515536815
20063,0.0589898894545328
20064,-0.0557334111654714
20065,-0.0558125732646201
20066,-0.0557549361393573
20067,-0.055834098238506
20068,-0.0557615072152005
20069,-0.0558406693143491
20070,-0.0557830321890864
20071,-0.055862194288235
20072,-0.015154695329725
20073,-0.0152338574288737
20074,-0.0151762203036109
20075,-0.0152553824027596
20076,-0.0151827913794541
20077,-0.0152619534786027
20078,-0.01520431635334
20079,-0.0152834784524886
20080,0.0181135464343448
20081,0.0180343843351962
20082,0.018092021460459
20083,0.0180128593613103
20084,0.0180854503846158
20085,0.0180062882854671
20086,0.0180639254107299
20087,0.0179847633115813
20088,0.0586922622700912
20089,0.0586131001709426
20090,0.0586707372962054
20091,0.0585915751970567
20092,0.0586641662203622
20093,0.0585850041212135
20094,0.0586426412464763
20095,0.0585634791473277
20096,-0.0592109869915532
20097,-0.0592901490907018
20098,-0.0592325119654391
20099,-0.0593116740645877
20100,-0.0592390830412822
20101,-0.0593182451404309
20102,-0.0592606080151681
20103,-0.0593397701143168
20104,-0.0186322711558068
20105,-0.0187114332549554
20106,-0.0186537961296927
20107,-0.0187329582288413
20108,-0.0186603672055359
20109,-0.0187395293046845
20110,-0.0186818921794217
20111,-0.0187610542785704
20112,0.0146359706082631
20113,0.0145568085091145
20114,0.0146144456343772
20115,0.0145352835352286
20116,0.014607874558534
20117,0.0145287124593854
20118,0.0145863495846482
20119,0.0145071874854995
20120,0.0552146864440095
20121,0.0551355243448609
20122,0.0551931614701236
20123,0.055113999370975
20124,0.0551865903942804
20125,0.0551074282951318
20126,0.0551650654203945
20127,0.0550859033212459
20128,-0.0596373972987584
20129,-0.059716559397907
20130,-0.0596589222726442
20131,-0.0597380843717929
20132,-0.0596654933484874
20133,-0.0597446554476361
20134,-0.0596870183223733
20135,-0.0597661804215219
20136,-0.019058681463012
20137,-0.0191378435621606
20138,-0.0190802064368979
20139,-0.0191593685360465
20140,-0.019086777512741
20141,-0.0191659396118897
20142,-0.0191083024866269
20143,-0.0191874645857756
20144,0.0142095603010579
20145,0.0141303982019093
20146,0.014188035327172
20147,0.0141088732280234
20148,0.0141814642513289
20149,0.0141023021521802
20150,0.014159939277443
20151,0.0140807771782943
20152,0.0547882761368043
20153,0.0547091140376557
20154,0.0547667511629184
20155,0.0546875890637698
20156,0.0547601800870752
20157,0.0546810179879266
20158,0.0547386551131894
20159,0.0546594930140407
20160,-0.0556880856275297
20161,-0.0557672477266784
20162,-0.0557096106014156
20163,-0.0557887727005642
20164,-0.0557161816772588
20165,-0.0557953437764074
20166,-0.0557377066511447
20167,-0.0558168687502933
20168,-0.0151093697917833
20169,-0.015188531890932
20170,-0.0151308947656692
20171,-0.0152100568648178
20172,-0.0151374658415124
20173,-0.015216627940661
20174,-0.0151589908153983
20175,-0.0152381529145469
20176,0.0181588719722866
20177,0.0180797098731379
20178,0.0181373469984007
20179,0.018058184899252
20180,0.0181307759225575
20181,0.0180516138234089
20182,0.0181092509486716
20183,0.018030088849523
20184,0.0587375878080329
20185,0.0586584257088843
20186,0.0587160628341471
20187,0.0586369007349984
20188,0.0587094917583039
20189,0.0586303296591553
20190,0.058687966784418
20191,0.0586088046852694
20192,-0.0561144959347349
20193,-0.0561936580338835
20194,-0.0561360209086208
20195,-0.0562151830077694
20196,-0.056142591984464
20197,-0.0562217540836126
20198,-0.0561641169583498
20199,-0.0562432790574985
20200,-0.0155357800989885
20201,-0.0156149421981372
20202,-0.0155573050728744
20203,-0.015636467172023
20204,-0.0155638761487176
20205,-0.0156430382478662
20206,-0.0155854011226035
20207,-0.0156645632217521
20208,0.0177324616650814
20209,0.0176532995659327
20210,0.0177109366911955
20211,0.0176317745920469
20212,0.0177043656153523
20213,0.0176252035162037
20214,0.0176828406414664
20215,0.0176036785423178
20216,0.0583111775008278
20217,0.0582320154016791
20218,0.0582896525269419
20219,0.0582104904277932
20220,0.0582830814510987
20221,0.0582039193519501
20222,0.0582615564772128
20223,0.0581823943780642
20224,-0.053858278560805
20225,-0.0539374406599537
20226,-0.0538798035346909
20227,-0.0539589656338395
20228,-0.0538863746105341
20229,-0.0539655367096827
20230,-0.05390789958442
20231,-0.0539870616835686
20232,-0.0132795627250586
20233,-0.0133587248242073
20234,-0.0133010876989445
20235,-0.0133802497980932
20236,-0.0133076587747877
20237,-0.0133868208739363
20238,-0.0133291837486736
20239,-0.0134083458478222
20240,0.0199886790390113
20241,0.0199095169398626
20242,0.0199671540651254
20243,0.0198879919659767
20244,0.0199605829892822
20245,0.0198814208901336
20246,0.0199390580153963
20247,0.0198598959162477
20248,0.0605673948747576
20249,0.060488232775609
20250,0.0605458699008718
20251,0.0604667078017231
20252,0.0605392988250286
20253,0.0604601367258799
20254,0.0605177738511427
20255,0.0604386117519941
20256,-0.0542846888680102
20257,-0.0543638509671589
20258,-0.0543062138418961
20259,-0.0543853759410447
20260,-0.0543127849177393
20261,-0.0543919470168879
20262,-0.0543343098916252
20263,-0.0544134719907738
20264,-0.0137059730322638
20265,-0.0137851351314125
20266,-0.0137274980061497
20267,-0.0138066601052983
20268,-0.0137340690819929
20269,-0.0138132311811415
20270,-0.0137555940558788
20271,-0.0138347561550274
20272,0.0195622687318061
20273,0.0194831066326574
20274,0.0195407437579202
20275,0.0194615816587716
20276,0.019534172682077
20277,0.0194550105829284
20278,0.0195126477081911
20279,0.0194334856090425
20280,0.0601409845675525
20281,0.0600618224684038
20282,0.0601194595936666
20283,0.0600402974945179
20284,0.0601128885178234
20285,0.0600337264186747
20286,0.0600913635439375
20287,0.0600122014447889
20288,-0.0503353771967816
20289,-0.0504145392959302
20290,-0.0503569021706674
20291,-0.0504360642698161
20292,-0.0503634732465106
20293,-0.0504426353456593
20294,-0.0503849982203965
20295,-0.0504641603195452
20296,-0.0097566613610352
20297,-0.0098358234601838
20298,-0.0097781863349211
20299,-0.0098573484340697
20300,-0.0097847574107643
20301,-0.0098639195099129
20302,-0.0098062823846501
20303,-0.0098854444837988
20304,0.0235115804030347
20305,0.0234324183038861
20306,0.0234900554291488
20307,0.0234108933300002
20308,0.0234834843533056
20309,0.023404322254157
20310,0.0234619593794198
20311,0.0233827972802711
20312,0.0640902962387811
20313,0.0640111341396325
20314,0.0640687712648952
20315,0.0639896091657466
20316,0.064062200189052
20317,0.0639830380899034
20318,0.0640406752151662
20319,0.0639615131160175
20320,-0.0507617875039868
20321,-0.0508409496031354
20322,-0.0507833124778726
20323,-0.0508624745770213
20324,-0.0507898835537158
20325,-0.0508690456528645
20326,-0.0508114085276017
20327,-0.0508905706267503
20328,-0.0101830716682404
20329,-0.010262233767389
20330,-0.0102045966421262
20331,-0.0102837587412749
20332,-0.0102111677179694
20333,-0.0102903298171181
20334,-0.0102326926918553
20335,-0.0103118547910039
20336,0.0230851700958295
20337,0.0230060079966809
20338,0.0230636451219437
20339,0.022984483022795
20340,0.0230570740461005
20341,0.0229779119469518
20342,0.0230355490722146
20343,0.0229563869730659
20344,0.0636638859315759
20345,0.0635847238324273
20346,0.06364236095769
20347,0.0635631988585414
20348,0.0636357898818469
20349,0.0635566277826982
20350,0.063614264907961
20351,0.0635351028088123
20352,-0.0542393633300685
20353,-0.0543185254292171
20354,-0.0542608883039544
20355,-0.054340050403103
20356,-0.0542674593797976
20357,-0.0543466214789462
20358,-0.0542889843536834
20359,-0.0543681464528321
20360,-0.0136606474943221
20361,-0.0137398095934708
20362,-0.013682172468208
20363,-0.0137613345673566
20364,-0.0136887435440512
20365,-0.0137679056431998
20366,-0.0137102685179371
20367,-0.0137894306170857
20368,0.0196075942697478
20369,0.0195284321705991
20370,0.0195860692958619
20371,0.0195069071967133
20372,0.0195794982200187
20373,0.0195003361208701
20374,0.0195579732461328
20375,0.0194788111469842
20376,0.0601863101054942
20377,0.0601071480063455
20378,0.0601647851316083
20379,0.0600856230324596
20380,0.0601582140557651
20381,0.0600790519566165
20382,0.0601366890818792
20383,0.0600575269827306
20384,-0.0546657736372737
20385,-0.0547449357364223
20386,-0.0546872986111596
20387,-0.0547664607103082
20388,-0.0546938696870028
20389,-0.0547730317861514
20390,-0.0547153946608886
20391,-0.0547945567600373
20392,-0.0140870578015273
20393,-0.0141662199006759
20394,-0.0141085827754132
20395,-0.0141877448745618
20396,-0.0141151538512564
20397,-0.014194315950405
20398,-0.0141366788251422
20399,-0.0142158409242909
20400,0.0191811839625426
20401,0.019102021863394
20402,0.0191596589886567
20403,0.0190804968895081
20404,0.0191530879128135
20405,0.0190739258136649
20406,0.0191315629389277
20407,0.019052400839779
20408,0.059759899798289
20409,0.0596807376991404
20410,0.0597383748244031
20411,0.0596592127252545
20412,0.0597318037485599
20413,0.0596526416494113
20414,0.059710278774674
20415,0.0596311166755254
20416,-0.050716461966045
20417,-0.0507956240651937
20418,-0.0507379869399309
20419,-0.0508171490390796
20420,-0.0507445580157741
20421,-0.0508237201149227
20422,-0.05076608298966
20423,-0.0508452450888086
20424,-0.0101377461302987
20425,-0.0102169082294473
20426,-0.0101592711041845
20427,-0.0102384332033332
20428,-0.0101658421800277
20429,-0.0102450042791764
20430,-0.0101873671539136
20431,-0.0102665292530622
20432,0.0231304956337712
20433,0.0230513335346226
20434,0.0231089706598854
20435,0.0230298085607367
20436,0.0231023995840422
20437,0.0230232374848935
20438,0.0230808746101563
20439,0.0230017125110077
20440,0.0637092114695176
20441,0.063630049370369
20442,0.0636876864956318
20443,0.0636085243964831
20444,0.0636811154197886
20445,0.0636019533206399
20446,0.0636595904459027
20447,0.063580428346754
20448,-0.0511428722732502
20449,-0.0512220343723989
20450,-0.0511643972471361
20451,-0.0512435593462847
20452,-0.0511709683229793
20453,-0.0512501304221279
20454,-0.0511924932968652
20455,-0.0512716553960138
20456,-0.0105641564375038
20457,-0.0106433185366525
20458,-0.0105856814113897
20459,-0.0106648435105384
20460,-0.0105922524872329
20461,-0.0106714145863815
20462,-0.0106137774611188
20463,-0.0106929395602674
20464,0.0227040853265661
20465,0.0226249232274174
20466,0.0226825603526802
20467,0.0226033982535315
20468,0.022675989276837
20469,0.0225968271776884
20470,0.0226544643029511
20471,0.0225753022038025
20472,0.0632828011623124
20473,0.0632036390631638
20474,0.0632612761884266
20475,0.0631821140892779
20476,0.0632547051125834
20477,0.0631755430134348
20478,0.0632331801386975
20479,0.0631540180395489
20480,-0.0630059728704131
20481,-0.0630851349695617
20482,-0.063027497844299
20483,-0.0631066599434476
20484,-0.0630340689201422
20485,-0.0631132310192908
20486,-0.063055593894028
20487,-0.0631347559931767
20488,-0.0224272570346667
20489,-0.0225064191338153
20490,-0.0224487820085526
20491,-0.0225279441077012
20492,-0.0224553530843958
20493,-0.0225345151835444
20494,-0.0224768780582816
20495,-0.0225560401574303
20496,0.0108409847294032
20497,0.0107618226302546
20498,0.0108194597555173
20499,0.0107402976563687
20500,0.0108128886796741
20501,0.0107337265805255
20502,0.0107913637057883
20503,0.0107122016066396
20504,0.0514197005651496
20505,0.051340538466001
20506,0.0513981755912637
20507,0.0513190134921151
20508,0.0513916045154205
20509,0.0513124424162719
20510,0.0513700795415347
20511,0.051290917442386
20512,-0.0634323831776183
20513,-0.0635115452767669
20514,-0.0634539081515041
20515,-0.0635330702506528
20516,-0.0634604792273473
20517,-0.063539641326496
20518,-0.0634820042012332
20519,-0.0635611663003819
20520,-0.0228536673418719
20521,-0.0229328294410205
20522,-0.0228751923157578
20523,-0.0229543544149064
20524,-0.0228817633916009
20525,-0.0229609254907496
20526,-0.0229032883654868
20527,-0.0229824504646355
20528,0.010414574422198
20529,0.0103354123230494
20530,0.0103930494483121
20531,0.0103138873491635
20532,0.010386478372469
20533,0.0103073162733203
20534,0.0103649533985831
20535,0.0102857912994344
20536,0.0509932902579444
20537,0.0509141281587958
20538,0.0509717652840585
20539,0.0508926031849099
20540,0.0509651942082153
20541,0.0508860321090667
20542,0.0509436692343295
20543,0.0508645071351808
20544,-0.0594830715063896
20545,-0.0595622336055382
20546,-0.0595045964802755
20547,-0.0595837585794241
20548,-0.0595111675561187
20549,-0.0595903296552673
20550,-0.0595326925300046
20551,-0.0596118546291532
20552,-0.0189043556706432
20553,-0.0189835177697919
20554,-0.0189258806445291
20555,-0.0190050427436777
20556,-0.0189324517203723
20557,-0.0190116138195209
20558,-0.0189539766942582
20559,-0.0190331387934068
20560,0.0143638860934267
20561,0.014284723994278
20562,0.0143423611195408
20563,0.0142631990203921
20564,0.0143357900436976
20565,0.014256627944549
20566,0.0143142650698117
20567,0.0142351029706631
20568,0.0549426019291731
20569,0.0548634398300244
20570,0.0549210769552872
20571,0.0548419148561385
20572,0.054914505879444
20573,0.0548353437802954
20574,0.0548929809055581
20575,0.0548138188064095
20576,-0.0599094818135948
20577,-0.0599886439127434
20578,-0.0599310067874807
20579,-0.0600101688866293
20580,-0.0599375778633239
20581,-0.0600167399624725
20582,-0.0599591028372097
20583,-0.0600382649363584
20584,-0.0193307659778484
20585,-0.0194099280769971
20586,-0.0193522909517343
20587,-0.0194314530508829
20588,-0.0193588620275775
20589,-0.0194380241267261
20590,-0.0193803870014634
20591,-0.019459549100612
20592,0.0139374757862215
20593,0.0138583136870728
20594,0.0139159508123356
20595,0.013836788713187
20596,0.0139093797364924
20597,0.0138302176373438
20598,0.0138878547626065
20599,0.0138086926634579
20600,0.0545161916219679
20601,0.0544370295228192
20602,0.054494666648082
20603,0.0544155045489334
20604,0.0544880955722388
20605,0.0544089334730902
20606,0.0544665705983529
20607,0.0543874084992043
20608,-0.0633870576396765
20609,-0.0634662197388252
20610,-0.0634085826135624
20611,-0.0634877447127111
20612,-0.0634151536894056
20613,-0.0634943157885543
20614,-0.0634366786632915
20615,-0.0635158407624401
20616,-0.0228083418039302
20617,-0.0228875039030788
20618,-0.022829866777816
20619,-0.0229090288769647
20620,-0.0228364378536592
20621,-0.0229155999528079
20622,-0.0228579628275451
20623,-0.0229371249266937
20624,0.0104598999601397
20625,0.0103807378609911
20626,0.0104383749862539
20627,0.0103592128871052
20628,0.0104318039104107
20629,0.010352641811262
20630,0.0104102789365248
20631,0.0103311168373762
20632,0.0510386157958861
20633,0.0509594536967375
20634,0.0510170908220002
20635,0.0509379287228516
20636,0.0510105197461571
20637,0.0509313576470084
20638,0.0509889947722712
20639,0.0509098326731225
20640,-0.0638134679468817
20641,-0.0638926300460304
20642,-0.0638349929207676
20643,-0.0639141550199162
20644,-0.0638415639966108
20645,-0.0639207260957594
20646,-0.0638630889704967
20647,-0.0639422510696453
20648,-0.0232347521111353
20649,-0.023313914210284
20650,-0.0232562770850212
20651,-0.0233354391841699
20652,-0.0232628481608644
20653,-0.023342010260013
20654,-0.0232843731347503
20655,-0.0233635352338989
20656,0.0100334896529346
20657,0.0099543275537859
20658,0.0100119646790487
20659,0.0099328025799
20660,0.0100053936032055
20661,0.0099262315040569
20662,0.0099838686293196
20663,0.009904706530171
20664,0.0506122054886809
20665,0.0505330433895323
20666,0.0505906805147951
20667,0.0505115184156464
20668,0.0505841094389519
20669,0.0505049473398032
20670,0.050562584465066
20671,0.0504834223659174
20672,-0.0598641562756531
20673,-0.0599433183748017
20674,-0.059885681249539
20675,-0.0599648433486876
20676,-0.0598922523253821
20677,-0.0599714144245308
20678,-0.059913777299268
20679,-0.0599929393984167
20680,-0.0192854404399067
20681,-0.0193646025390553
20682,-0.0193069654137926
20683,-0.0193861275129412
20684,-0.0193135364896358
20685,-0.0193926985887844
20686,-0.0193350614635216
20687,-0.0194142235626703
20688,0.0139828013241632
20689,0.0139036392250146
20690,0.0139612763502773
20691,0.0138821142511287
20692,0.0139547052744341
20693,0.0138755431752855
20694,0.0139331803005483
20695,0.0138540182013996
20696,0.0545615171599096
20697,0.054482355060761
20698,0.0545399921860237
20699,0.0544608300868751
20700,0.0545334211101805
20701,0.0544542590110319
20702,0.0545118961362946
20703,0.054432734037146
20704,-0.0602905665828583
20705,-0.0603697286820069
20706,-0.0603120915567442
20707,-0.0603912536558928
20708,-0.0603186626325873
20709,-0.060397824731736
20710,-0.0603401876064732
20711,-0.0604193497056218
20712,-0.0197118507471119
20713,-0.0197910128462605
20714,-0.0197333757209978
20715,-0.0198125378201464
20716,-0.0197399467968409
20717,-0.0198191088959896
20718,-0.0197614717707268
20719,-0.0198406338698755
20720,0.013556391016958
20721,0.0134772289178094
20722,0.0135348660430721
20723,0.0134557039439235
20724,0.0135282949672289
20725,0.0134491328680803
20726,0.0135067699933431
20727,0.0134276078941944
20728,0.0541351068527044
20729,0.0540559447535558
20730,0.0541135818788185
20731,0.0540344197796699
20732,0.0541070108029753
20733,0.0540278487038267
20734,0.0540854858290895
20735,0.0540063237299408
20736,-0.0580343492089284
20737,-0.058113511308077
20738,-0.0580558741828143
20739,-0.0581350362819629
20740,-0.0580624452586575
20741,-0.0581416073578061
20742,-0.0580839702325433
20743,-0.058163132331692
20744,-0.017455633373182
20745,-0.0175347954723307
20746,-0.0174771583470679
20747,-0.0175563204462165
20748,-0.0174837294229111
20749,-0.0175628915220597
20750,-0.017505254396797
20751,-0.0175844164959456
20752,0.0158126083908879
20753,0.0157334462917392
20754,0.015791083417002
20755,0.0157119213178534
20756,0.0157845123411588
20757,0.0157053502420102
20758,0.0157629873672729
20759,0.0156838252681243
20760,0.0563913242266343
20761,0.0563121621274856
20762,0.0563697992527484
20763,0.0562906371535998
20764,0.0563632281769052
20765,0.0562840660777566
20766,0.0563417032030193
20767,0.0562625411038707
20768,-0.0584607595161336
20769,-0.0585399216152822
20770,-0.0584822844900195
20771,-0.0585614465891681
20772,-0.0584888555658627
20773,-0.0585680176650113
20774,-0.0585103805397485
20775,-0.0585895426388972
20776,-0.0178820436803872
20777,-0.0179612057795358
20778,-0.0179035686542731
20779,-0.0179827307534217
20780,-0.0179101397301163
20781,-0.0179893018292649
20782,-0.0179316647040021
20783,-0.0180108268031508
20784,0.0153861980836827
20785,0.0153070359845341
20786,0.0153646731097968
20787,0.0152855110106482
20788,0.0153581020339536
20789,0.015278939934805
20790,0.0153365770600678
20791,0.0152574149609191
20792,0.0559649139194291
20793,0.0558857518202805
20794,0.0559433889455432
20795,0.0558642268463946
20796,0.0559368178697
20797,0.0558576557705514
20798,0.0559152928958141
20799,0.0558361307966655
20800,-0.0545114478449049
20801,-0.0545906099440536
20802,-0.0545329728187908
20803,-0.0546121349179395
20804,-0.054539543894634
20805,-0.0546187059937826
20806,-0.0545610688685199
20807,-0.0546402309676685
20808,-0.0139327320091586
20809,-0.0140118941083072
20810,-0.0139542569830444
20811,-0.0140334190821931
20812,-0.0139608280588876
20813,-0.0140399901580363
20814,-0.0139823530327735
20815,-0.0140615151319221
20816,0.0193355097549113
20817,0.0192563476557627
20818,0.0193139847810255
20819,0.0192348226818768
20820,0.0193074137051823
20821,0.0192282516060336
20822,0.0192858887312964
20823,0.0192067266321478
20824,0.0599142255906577
20825,0.0598350634915091
20826,0.0598927006167719
20827,0.0598135385176232
20828,0.0598861295409287
20829,0.05980696744178
20830,0.0598646045670428
20831,0.0597854424678942
20832,-0.0549378581521101
20833,-0.0550170202512588
20834,-0.054959383125996
20835,-0.0550385452251446
20836,-0.0549659542018392
20837,-0.0550451163009878
20838,-0.0549874791757251
20839,-0.0550666412748737
20840,-0.0143591423163637
20841,-0.0144383044155124
20842,-0.0143806672902496
20843,-0.0144598293893983
20844,-0.0143872383660928
20845,-0.0144664004652414
20846,-0.0144087633399787
20847,-0.0144879254391273
20848,0.0189090994477062
20849,0.0188299373485575
20850,0.0188875744738203
20851,0.0188084123746716
20852,0.0188810033979771
20853,0.0188018412988285
20854,0.0188594784240912
20855,0.0187803163249426
20856,0.0594878152834525
20857,0.0594086531843039
20858,0.0594662903095667
20859,0.059387128210418
20860,0.0594597192337235
20861,0.0593805571345748
20862,0.0594381942598376
20863,0.059359032160689
20864,-0.0584154339781919
20865,-0.0584945960773405
20866,-0.0584369589520778
20867,-0.0585161210512264
20868,-0.0584435300279209
20869,-0.0585226921270696
20870,-0.0584650550018068
20871,-0.0585442171009554
20872,-0.0178367181424455
20873,-0.0179158802415941
20874,-0.0178582431163314
20875,-0.01793740521548
20876,-0.0178648141921746
20877,-0.0179439762913232
20878,-0.0178863391660604
20879,-0.0179655012652091
20880,0.0154315236216244
20881,0.0153523615224758
20882,0.0154099986477385
20883,0.0153308365485899
20884,0.0154034275718953
20885,0.0153242654727467
20886,0.0153819025980095
20887,0.0153027404988608
20888,0.0560102394573708
20889,0.0559310773582222
20890,0.0559887144834849
20891,0.0559095523843363
20892,0.0559821434076417
20893,0.0559029813084931
20894,0.0559606184337559
20895,0.0558814563346072
20896,-0.058841844285397
20897,-0.0589210063845457
20898,-0.0588633692592829
20899,-0.0589425313584316
20900,-0.0588699403351261
20901,-0.0589491024342748
20902,-0.058891465309012
20903,-0.0589706274081606
20904,-0.0182631284496507
20905,-0.0183422905487993
20906,-0.0182846534235365
20907,-0.0183638155226852
20908,-0.0182912244993797
20909,-0.0183703865985284
20910,-0.0183127494732656
20911,-0.0183919115724142
20912,0.0150051133144192
20913,0.0149259512152706
20914,0.0149835883405334
20915,0.0149044262413847
20916,0.0149770172646902
20917,0.0148978551655415
20918,0.0149554922908043
20919,0.0148763301916557
20920,0.0555838291501656
20921,0.055504667051017
20922,0.0555623041762797
20923,0.0554831420771311
20924,0.0555557331004366
20925,0.0554765710012879
20926,0.0555342081265507
20927,0.055455046027402
20928,-0.0548925326141684
20929,-0.054971694713317
20930,-0.0549140575880543
20931,-0.0549932196872029
20932,-0.0549206286638975
20933,-0.0549997907630461
20934,-0.0549421536377834
20935,-0.055021315736932
20936,-0.014313816778422
20937,-0.0143929788775707
20938,-0.0143353417523079
20939,-0.0144145038514565
20940,-0.0143419128281511
20941,-0.0144210749272997
20942,-0.014363437802037
20943,-0.0144425999011856
20944,0.0189544249856479
20945,0.0188752628864992
20946,0.018932900011762
20947,0.0188537379126134
20948,0.0189263289359188
20949,0.0188471668367702
20950,0.0189048039620329
20951,0.0188256418628843
20952,0.0595331408213943
20953,0.0594539787222456
20954,0.0595116158475084
20955,0.0594324537483597
20956,0.0595050447716652
20957,0.0594258826725166
20958,0.0594835197977793
20959,0.0594043576986307
20960,-0.0553189429213736
20961,-0.0553981050205222
20962,-0.0553404678952595
20963,-0.0554196299944081
20964,-0.0553470389711027
20965,-0.0554262010702513
20966,-0.0553685639449885
20967,-0.0554477260441372
20968,-0.0147402270856272
20969,-0.0148193891847758
20970,-0.0147617520595131
20971,-0.0148409141586617
20972,-0.0147683231353563
20973,-0.0148474852345049
20974,-0.0147898481092421
20975,-0.0148690102083908
20976,0.0185280146784427
20977,0.0184488525792941
20978,0.0185064897045568
20979,0.0184273276054082
20980,0.0184999186287136
20981,0.018420756529565
20982,0.0184783936548277
20983,0.0183992315556791
20984,0.0591067305141891
20985,0.0590275684150404
20986,0.0590852055403032
20987,0.0590060434411546
20988,0.05907863446446
20989,0.0589994723653114
20990,0.0590571094905741
20991,0.0589779473914255
20992,-0.0404178374006701
20993,-0.0404969994998187
20994,-0.040439362374556
20995,-0.0405185244737046
20996,-0.0404459334503992
20997,-0.0405250955495478
20998,-0.0404674584242851
20999,-0.0405466205234337
21000,0.0001608784350762
21001,8.171633592759519e-05
21002,0.0001393534611903
21003,6.019136204171716e-05
21004,0.0001327823853471
21005,5.362028619853021e-05
21006,0.0001112574114612
21007,3.209531231265217e-05
21008,0.0334291201991462
21009,0.0333499580999975
21010,0.0334075952252603
21011,0.0333284331261117
21012,0.0334010241494171
21013,0.0333218620502685
21014,0.0333794991755312
21015,0.0333003370763826
21016,0.0740078360348926
21017,0.0739286739357439
21018,0.0739863110610067
21019,0.0739071489618581
21020,0.0739797399851635
21021,0.0739005778860149
21022,0.0739582150112776
21023,0.073879052912129
21024,-0.0408442477078753
21025,-0.0409234098070239
21026,-0.0408657726817612
21027,-0.0409449347809098
21028,-0.0408723437576044
21029,-0.040951505856753
21030,-0.0408938687314902
21031,-0.0409730308306389
21032,-0.0002655318721289
21033,-0.0003446939712775
21034,-0.0002870568460148
21035,-0.0003662189451634
21036,-0.000293627921858
21037,-0.0003727900210066
21038,-0.0003151528957438
21039,-0.0003943149948925
21040,0.033002709891941
21041,0.0329235477927924
21042,0.0329811849180551
21043,0.0329020228189065
21044,0.0329746138422119
21045,0.0328954517430633
21046,0.0329530888683261
21047,0.0328739267691774
21048,0.0735814257276874
21049,0.0735022636285387
21050,0.0735599007538015
21051,0.0734807386546529
21052,0.0735533296779583
21053,0.0734741675788097
21054,0.0735318047040724
21055,0.0734526426049238
21056,-0.0368949360366466
21057,-0.0369740981357953
21058,-0.0369164610105325
21059,-0.0369956231096812
21060,-0.0369230320863757
21061,-0.0370021941855244
21062,-0.0369445570602616
21063,-0.0370237191594102
21064,0.0036837797990996
21065,0.003604617699951
21066,0.0036622548252138
21067,0.0035830927260651
21068,0.0036556837493706
21069,0.0035765216502219
21070,0.0036341587754847
21071,0.0035549966763361
21072,0.0369520215631696
21073,0.036872859464021
21074,0.0369304965892838
21075,0.0368513344901351
21076,0.0369239255134406
21077,0.0368447634142919
21078,0.0369024005395547
21079,0.0368232384404061
21080,0.077530737398916
21081,0.0774515752997674
21082,0.0775092124250302
21083,0.0774300503258815
21084,0.077502641349187
21085,0.0774234792500383
21086,0.0774811163753011
21087,0.0774019542761525
21088,-0.0373213463438518
21089,-0.0374005084430005
21090,-0.0373428713177377
21091,-0.0374220334168863
21092,-0.0373494423935809
21093,-0.0374286044927295
21094,-0.0373709673674668
21095,-0.0374501294666154
21096,0.0032573694918945
21097,0.0031782073927458
21098,0.0032358445180086
21099,0.0031566824188599
21100,0.0032292734421654
21101,0.0031501113430168
21102,0.0032077484682795
21103,0.0031285863691309
21104,0.0365256112559645
21105,0.0364464491568158
21106,0.0365040862820786
21107,0.0364249241829299
21108,0.0364975152062354
21109,0.0364183531070868
21110,0.0364759902323495
21111,0.0363968281332009
21112,0.0771043270917108
21113,0.0770251649925622
21114,0.077082802117825
21115,0.0770036400186763
21116,0.0770762310419818
21117,0.0769970689428332
21118,0.0770547060680959
21119,0.0769755439689473
21120,-0.0407989221699336
21121,-0.0408780842690822
21122,-0.0408204471438195
21123,-0.0408996092429681
21124,-0.0408270182196626
21125,-0.0409061803188113
21126,-0.0408485431935485
21127,-0.0409277052926972
21128,-0.0002202063341872
21129,-0.0002993684333358
21130,-0.0002417313080731
21131,-0.0003208934072217
21132,-0.0002483023839163
21133,-0.0003274644830649
21134,-0.0002698273578021
21135,-0.0003489894569508
21136,0.0330480354298827
21137,0.0329688733307341
21138,0.0330265104559968
21139,0.0329473483568482
21140,0.0330199393801536
21141,0.032940777281005
21142,0.0329984144062678
21143,0.0329192523071191
21144,0.0736267512656291
21145,0.0735475891664805
21146,0.0736052262917432
21147,0.0735260641925946
21148,0.0735986552159
21149,0.0735194931167514
21150,0.0735771302420142
21151,0.0734979681428655
21152,-0.0412253324771388
21153,-0.0413044945762874
21154,-0.0412468574510246
21155,-0.0413260195501733
21156,-0.0412534285268678
21157,-0.0413325906260165
21158,-0.0412749535007537
21159,-0.0413541155999023
21160,-0.0006466166413924
21161,-0.000725778740541
21162,-0.0006681416152782
21163,-0.0007473037144269
21164,-0.0006747126911214
21165,-0.0007538747902701
21166,-0.0006962376650073
21167,-0.000775399764156
21168,0.0326216251226775
21169,0.0325424630235289
21170,0.0326001001487916
21171,0.032520938049643
21172,0.0325935290729485
21173,0.0325143669737998
21174,0.0325720040990626
21175,0.0324928419999139
21176,0.0732003409584239
21177,0.0731211788592753
21178,0.073178815984538
21179,0.0730996538853894
21180,0.0731722449086949
21181,0.0730930828095462
21182,0.073150719934809
21183,0.0730715578356603
21184,-0.0372760208059101
21185,-0.0373551829050588
21186,-0.037297545779796
21187,-0.0373767078789446
21188,-0.0373041168556392
21189,-0.0373832789547878
21190,-0.0373256418295251
21191,-0.0374048039286737
21192,0.0033026950298362
21193,0.0032235329306875
21194,0.0032811700559503
21195,0.0032020079568017
21196,0.0032745989801071
21197,0.0031954368809585
21198,0.0032530740062212
21199,0.0031739119070726
21200,0.0365709367939062
21201,0.0364917746947575
21202,0.0365494118200203
21203,0.0364702497208717
21204,0.0365428407441771
21205,0.0364636786450285
21206,0.0365213157702912
21207,0.0364421536711426
21208,0.0771496526296526
21209,0.0770704905305039
21210,0.0771281276557667
21211,0.0770489655566181
21212,0.0771215565799235
21213,0.0770423944807749
21214,0.0771000316060376
21215,0.077020869506889
21216,-0.0377024311131153
21217,-0.0377815932122639
21218,-0.0377239560870012
21219,-0.0378031181861498
21220,-0.0377305271628444
21221,-0.037809689261993
21222,-0.0377520521367302
21223,-0.0378312142358789
21224,0.002876284722631
21225,0.0027971226234824
21226,0.0028547597487451
21227,0.0027755976495965
21228,0.0028481886729019
21229,0.0027690265737533
21230,0.002826663699016
21231,0.0027475015998674
21232,0.036144526486701
21233,0.0360653643875523
21234,0.0361230015128151
21235,0.0360438394136665
21236,0.0361164304369719
21237,0.0360372683378233
21238,0.036094905463086
21239,0.0360157433639374
21240,0.0767232423224474
21241,0.0766440802232987
21242,0.0767017173485615
21243,0.0766225552494129
21244,0.0766951462727183
21245,0.0766159841735697
21246,0.0766736212988325
21247,0.0765944591996838
21248,-0.0354462137391854
21249,-0.0355253758383341
21250,-0.0354677387130713
21251,-0.0355469008122199
21252,-0.0354743097889145
21253,-0.0355534718880631
21254,-0.0354958347628004
21255,-0.035574996861949
21256,0.0051325020965609
21257,0.0050533399974122
21258,0.005110977122675
21259,0.0050318150235263
21260,0.0051044060468318
21261,0.0050252439476832
21262,0.0050828810729459
21263,0.0050037189737973
21264,0.0384007438606309
21265,0.0383215817614822
21266,0.038379218886745
21267,0.0383000567875963
21268,0.0383726478109018
21269,0.0382934857117532
21270,0.0383511228370159
21271,0.0382719607378673
21272,0.0789794596963772
21273,0.0789002975972286
21274,0.0789579347224914
21275,0.0788787726233428
21276,0.0789513636466482
21277,0.0788722015474996
21278,0.0789298386727623
21279,0.0788506765736137
21280,-0.0358726240463906
21281,-0.0359517861455392
21282,-0.0358941490202765
21283,-0.0359733111194251
21284,-0.0359007200961197
21285,-0.0359798821952683
21286,-0.0359222450700056
21287,-0.0360014071691542
21288,0.0047060917893557
21289,0.004626929690207
21290,0.0046845668154698
21291,0.0046054047163212
21292,0.0046779957396266
21293,0.004598833640478
21294,0.0046564707657407
21295,0.0045773086665921
21296,0.0379743335534257
21297,0.037895171454277
21298,0.0379528085795398
21299,0.0378736464803912
21300,0.0379462375036966
21301,0.037867075404548
21302,0.0379247125298107
21303,0.0378455504306621
21304,0.0785530493891721
21305,0.0784738872900234
21306,0.0785315244152862
21307,0.0784523623161375
21308,0.078524953339443
21309,0.0784457912402944
21310,0.0785034283655571
21311,0.0784242662664085
21312,-0.031923312375162
21313,-0.0320024744743106
21314,-0.0319448373490478
21315,-0.0320239994481965
21316,-0.031951408424891
21317,-0.0320305705240397
21318,-0.0319729333987769
21319,-0.0320520954979256
21320,0.0086554034605843
21321,0.0085762413614357
21322,0.0086338784866984
21323,0.0085547163875498
21324,0.0086273074108553
21325,0.0085481453117066
21326,0.0086057824369694
21327,0.0085266203378207
21328,0.0419236452246543
21329,0.0418444831255057
21330,0.0419021202507684
21331,0.0418229581516198
21332,0.0418955491749253
21333,0.0418163870757766
21334,0.0418740242010394
21335,0.0417948621018907
21336,0.0825023610604007
21337,0.0824231989612521
21338,0.0824808360865148
21339,0.0824016739873662
21340,0.0824742650106716
21341,0.082395102911523
21342,0.0824527400367858
21343,0.0823735779376371
21344,-0.0323497226823672
21345,-0.0324288847815158
21346,-0.032371247656253
21347,-0.0324504097554017
21348,-0.0323778187320962
21349,-0.0324569808312449
21350,-0.0323993437059821
21351,-0.0324785058051307
21352,0.0082289931533791
21353,0.0081498310542305
21354,0.0082074681794933
21355,0.0081283060803446
21356,0.0082008971036501
21357,0.0081217350045014
21358,0.0081793721297642
21359,0.0081002100306156
21360,0.0414972349174491
21361,0.0414180728183005
21362,0.0414757099435633
21363,0.0413965478444146
21364,0.0414691388677201
21365,0.0413899767685714
21366,0.0414476138938342
21367,0.0413684517946856
21368,0.0820759507531955
21369,0.0819967886540469
21370,0.0820544257793097
21371,0.081975263680161
21372,0.0820478547034665
21373,0.0819686926043178
21374,0.0820263297295806
21375,0.0819471676304319
21376,-0.0358272985084489
21377,-0.0359064606075975
21378,-0.0358488234823348
21379,-0.0359279855814834
21380,-0.035855394558178
21381,-0.0359345566573266
21382,-0.0358769195320638
21383,-0.0359560816312125
21384,0.0047514173272974
21385,0.0046722552281488
21386,0.0047298923534115
21387,0.0046507302542629
21388,0.0047233212775683
21389,0.0046441591784197
21390,0.0047017963036824
21391,0.0046226342045338
21392,0.0380196590913674
21393,0.0379404969922188
21394,0.0379981341174815
21395,0.0379189720183329
21396,0.0379915630416383
21397,0.0379124009424897
21398,0.0379700380677524
21399,0.0378908759686038
21400,0.0785983749271138
21401,0.0785192128279651
21402,0.0785768499532279
21403,0.0784976878540793
21404,0.0785702788773847
21405,0.0784911167782361
21406,0.0785487539034988
21407,0.0784695918043502
21408,-0.0362537088156541
21409,-0.0363328709148027
21410,-0.03627523378954
21411,-0.0363543958886886
21412,-0.0362818048653831
21413,-0.0363609669645318
21414,-0.036303329839269
21415,-0.0363824919384177
21416,0.0043250070200922
21417,0.0042458449209436
21418,0.0043034820462063
21419,0.0042243199470577
21420,0.0042969109703631
21421,0.0042177488712145
21422,0.0042753859964773
21423,0.0041962238973286
21424,0.0375932487841622
21425,0.0375140866850136
21426,0.0375717238102763
21427,0.0374925617111277
21428,0.0375651527344331
21429,0.0374859906352845
21430,0.0375436277605473
21431,0.0374644656613986
21432,0.0781719646199086
21433,0.07809280252076
21434,0.0781504396460227
21435,0.0780712775468741
21436,0.0781438685701795
21437,0.0780647064710309
21438,0.0781223435962936
21439,0.078043181497145
21440,-0.0323043971444254
21441,-0.0323835592435741
21442,-0.0323259221183113
21443,-0.03240508421746
21444,-0.0323324931941545
21445,-0.0324116552933031
21446,-0.0323540181680404
21447,-0.032433180267189
21448,0.0082743186913208
21449,0.0081951565921722
21450,0.008252793717435
21451,0.0081736316182863
21452,0.0082462226415918
21453,0.0081670605424431
21454,0.0082246976677059
21455,0.0081455355685573
21456,0.0415425604553908
21457,0.0414633983562422
21458,0.041521035481505
21459,0.0414418733823563
21460,0.0415144644056618
21461,0.0414353023065131
21462,0.0414929394317759
21463,0.0414137773326273
21464,0.0821212762911372
21465,0.0820421141919886
21466,0.0820997513172514
21467,0.0820205892181027
21468,0.0820931802414082
21469,0.0820140181422595
21470,0.0820716552675223
21471,0.0819924931683737
21472,-0.0327308074516306
21473,-0.0328099695507793
21474,-0.0327523324255165
21475,-0.0328314945246651
21476,-0.0327589035013597
21477,-0.0328380656005083
21478,-0.0327804284752456
21479,-0.0328595905743942
21480,0.0078479083841157
21481,0.007768746284967
21482,0.0078263834102298
21483,0.0077472213110812
21484,0.0078198123343866
21485,0.007740650235238
21486,0.0077982873605007
21487,0.0077191252613521
21488,0.0411161501481857
21489,0.041036988049037
21490,0.0410946251742998
21491,0.0410154630751512
21492,0.0410880540984566
21493,0.041008891999308
21494,0.0410665291245707
21495,0.0409873670254221
21496,0.0816948659839321
21497,0.0816157038847834
21498,0.0816733410100462
21499,0.0815941789108976
21500,0.081666769934203
21501,0.0815876078350544
21502,0.0816452449603171
21503,0.0815660828611685
21504,-0.0629337705474331
21505,-0.0630129326465817
21506,-0.062955295521319
21507,-0.0630344576204676
21508,-0.0629618665971622
21509,-0.0630410286963108
21510,-0.0629833915710481
21511,-0.0630625536701967
21512,-0.0223550547116867
21513,-0.0224342168108354
21514,-0.0223765796855726
21515,-0.0224557417847212
21516,-0.0223831507614158
21517,-0.0224623128605644
21518,-0.0224046757353017
21519,-0.0224838378344503
21520,0.0109131870523832
21521,0.0108340249532345
21522,0.0108916620784973
21523,0.0108124999793487
21524,0.0108850910026541
21525,0.0108059289035055
21526,0.0108635660287682
21527,0.0107844039296196
21528,0.0514919028881296
21529,0.0514127407889809
21530,0.0514703779142437
21531,0.051391215815095
21532,0.0514638068384005
21533,0.0513846447392519
21534,0.0514422818645146
21535,0.051363119765366
21536,-0.0633601808546383
21537,-0.0634393429537869
21538,-0.0633817058285242
21539,-0.0634608679276728
21540,-0.0633882769043674
21541,-0.063467439003516
21542,-0.0634098018782532
21543,-0.0634889639774019
21544,-0.0227814650188919
21545,-0.0228606271180405
21546,-0.0228029899927778
21547,-0.0228821520919264
21548,-0.022809561068621
21549,-0.0228887231677696
21550,-0.0228310860425068
21551,-0.0229102481416555
21552,0.010486776745178
21553,0.0104076146460294
21554,0.0104652517712921
21555,0.0103860896721435
21556,0.0104586806954489
21557,0.0103795185963003
21558,0.010437155721563
21559,0.0103579936224144
21560,0.0510654925809244
21561,0.0509863304817757
21562,0.0510439676070385
21563,0.0509648055078899
21564,0.0510373965311953
21565,0.0509582344320467
21566,0.0510158715573094
21567,0.0509367094581608
21568,-0.0594108691834097
21569,-0.0594900312825583
21570,-0.0594323941572955
21571,-0.0595115562564442
21572,-0.0594389652331387
21573,-0.0595181273322873
21574,-0.0594604902070246
21575,-0.0595396523061732
21576,-0.0188321533476633
21577,-0.0189113154468119
21578,-0.0188536783215491
21579,-0.0189328404206978
21580,-0.0188602493973923
21581,-0.018939411496541
21582,-0.0188817743712782
21583,-0.0189609364704268
21584,0.0144360884164066
21585,0.014356926317258
21586,0.0144145634425208
21587,0.0143354013433721
21588,0.0144079923666776
21589,0.0143288302675289
21590,0.0143864673927917
21591,0.0143073052936431
21592,0.055014804252153
21593,0.0549356421530044
21594,0.0549932792782671
21595,0.0549141171791185
21596,0.054986708202424
21597,0.0549075461032753
21598,0.0549651832285381
21599,0.0548860211293894
21600,-0.0598372794906148
21601,-0.0599164415897635
21602,-0.0598588044645007
21603,-0.0599379665636494
21604,-0.0598653755403439
21605,-0.0599445376394925
21606,-0.0598869005142298
21607,-0.0599660626133784
21608,-0.0192585636548684
21609,-0.0193377257540171
21610,-0.0192800886287543
21611,-0.019359250727903
21612,-0.0192866597045975
21613,-0.0193658218037461
21614,-0.0193081846784834
21615,-0.019387346777632
21616,0.0140096781092015
21617,0.0139305160100528
21618,0.0139881531353156
21619,0.0139089910361669
21620,0.0139815820594724
21621,0.0139024199603237
21622,0.0139600570855865
21623,0.0138808949864379
21624,0.0545883939449478
21625,0.0545092318457992
21626,0.054566868971062
21627,0.0544877068719133
21628,0.0545602978952188
21629,0.0544811357960701
21630,0.0545387729213329
21631,0.0544596108221843
21632,-0.0633148553166966
21633,-0.0633940174158452
21634,-0.0633363802905825
21635,-0.0634155423897311
21636,-0.0633429513664256
21637,-0.0634221134655743
21638,-0.0633644763403115
21639,-0.0634436384394602
21640,-0.0227361394809502
21641,-0.0228153015800988
21642,-0.0227576644548361
21643,-0.0228368265539847
21644,-0.0227642355306793
21645,-0.0228433976298279
21646,-0.0227857605045651
21647,-0.0228649226037138
21648,0.0105321022831197
21649,0.0104529401839711
21650,0.0105105773092338
21651,0.0104314152100852
21652,0.0105040062333906
21653,0.010424844134242
21654,0.0104824812595048
21655,0.0104033191603561
21656,0.0511108181188661
21657,0.0510316560197175
21658,0.0510892931449802
21659,0.0510101310458316
21660,0.051082722069137
21661,0.0510035599699884
21662,0.0510611970952511
21663,0.0509820349961025
21664,-0.0637412656239018
21665,-0.0638204277230504
21666,-0.0637627905977877
21667,-0.0638419526969363
21668,-0.0637693616736308
21669,-0.0638485237727795
21670,-0.0637908866475167
21671,-0.0638700487466653
21672,-0.0231625497881554
21673,-0.023241711887304
21674,-0.0231840747620413
21675,-0.0232632368611899
21676,-0.0231906458378844
21677,-0.0232698079370331
21678,-0.0232121708117703
21679,-0.023291332910919
21680,0.0101056919759145
21681,0.0100265298767659
21682,0.0100841670020286
21683,0.01000500490288
21684,0.0100775959261855
21685,0.0099984338270368
21686,0.0100560709522996
21687,0.0099769088531509
21688,0.0506844078116609
21689,0.0506052457125123
21690,0.050662882837775
21691,0.0505837207386264
21692,0.0506563117619318
21693,0.0505771496627832
21694,0.050634786788046
21695,0.0505556246888973
21696,-0.0597919539526731
21697,-0.0598711160518218
21698,-0.059813478926559
21699,-0.0598926410257076
21700,-0.0598200500024022
21701,-0.0598992121015508
21702,-0.0598415749762881
21703,-0.0599207370754367
21704,-0.0192132381169267
21705,-0.0192924002160754
21706,-0.0192347630908126
21707,-0.0193139251899612
21708,-0.0192413341666558
21709,-0.0193204962658044
21710,-0.0192628591405417
21711,-0.0193420212396903
21712,0.0140550036471432
21713,0.0139758415479945
21714,0.0140334786732573
21715,0.0139543165741086
21716,0.0140269075974141
21717,0.0139477454982655
21718,0.0140053826235282
21719,0.0139262205243796
21720,0.0546337194828896
21721,0.0545545573837409
21722,0.0546121945090037
21723,0.054533032409855
21724,0.0546056234331605
21725,0.0545264613340118
21726,0.0545840984592746
21727,0.054504936360126
21728,-0.0602183642598783
21729,-0.0602975263590269
21730,-0.0602398892337642
21731,-0.0603190513329128
21732,-0.0602464603096074
21733,-0.060325622408756
21734,-0.0602679852834933
21735,-0.0603471473826419
21736,-0.0196396484241319
21737,-0.0197188105232806
21738,-0.0196611733980178
21739,-0.0197403354971664
21740,-0.019667744473861
21741,-0.0197469065730096
21742,-0.0196892694477469
21743,-0.0197684315468955
21744,0.013628593339938
21745,0.0135494312407893
21746,0.0136070683660521
21747,0.0135279062669035
21748,0.0136004972902089
21749,0.0135213351910603
21750,0.013578972316323
21751,0.0134998102171744
21752,0.0542073091756844
21753,0.0541281470765357
21754,0.0541857842017985
21755,0.0541066221026499
21756,0.0541792131259553
21757,0.0541000510268067
21758,0.0541576881520694
21759,0.0540785260529208
21760,-0.0579621468859484
21761,-0.0580413089850971
21762,-0.0579836718598343
21763,-0.058062833958983
21764,-0.0579902429356775
21765,-0.0580694050348261
21766,-0.0580117679095634
21767,-0.058090930008712
21768,-0.017383431050202
21769,-0.0174625931493507
21770,-0.0174049560240879
21771,-0.0174841181232366
21772,-0.0174115270999311
21773,-0.0174906891990797
21774,-0.017433052073817
21775,-0.0175122141729656
21776,0.0158848107138678
21777,0.0158056486147192
21778,0.015863285739982
21779,0.0157841236408333
21780,0.0158567146641388
21781,0.0157775525649901
21782,0.0158351896902529
21783,0.0157560275911043
21784,0.0564635265496142
21785,0.0563843644504656
21786,0.0564420015757284
21787,0.0563628394765797
21788,0.0564354304998852
21789,0.0563562684007365
21790,0.0564139055259993
21791,0.0563347434268507
21792,-0.0583885571931536
21793,-0.0584677192923022
21794,-0.0584100821670395
21795,-0.0584892442661881
21796,-0.0584166532428827
21797,-0.0584958153420313
21798,-0.0584381782167686
21799,-0.0585173403159172
21800,-0.0178098413574072
21801,-0.0178890034565559
21802,-0.0178313663312931
21803,-0.0179105284304417
21804,-0.0178379374071363
21805,-0.0179170995062849
21806,-0.0178594623810222
21807,-0.0179386244801708
21808,0.0154584004066627
21809,0.015379238307514
21810,0.0154368754327768
21811,0.0153577133336282
21812,0.0154303043569336
21813,0.015351142257785
21814,0.0154087793830477
21815,0.0153296172838991
21816,0.0560371162424091
21817,0.0559579541432604
21818,0.0560155912685232
21819,0.0559364291693745
21820,0.05600902019268
21821,0.0559298580935314
21822,0.0559874952187941
21823,0.0559083331196455
21824,-0.054439245521925
21825,-0.0545184076210736
21826,-0.0544607704958109
21827,-0.0545399325949595
21828,-0.054467341571654
21829,-0.0545465036708027
21830,-0.0544888665455399
21831,-0.0545680286446886
21832,-0.0138605296861786
21833,-0.0139396917853272
21834,-0.0138820546600645
21835,-0.0139612167592131
21836,-0.0138886257359077
21837,-0.0139677878350563
21838,-0.0139101507097935
21839,-0.0139893128089422
21840,0.0194077120778913
21841,0.0193285499787427
21842,0.0193861871040054
21843,0.0193070250048568
21844,0.0193796160281622
21845,0.0193004539290136
21846,0.0193580910542764
21847,0.0192789289551277
21848,0.0599864279136377
21849,0.0599072658144891
21850,0.0599649029397518
21851,0.0598857408406032
21852,0.0599583318639086
21853,0.05987916976476
21854,0.0599368068900228
21855,0.0598576447908741
21856,-0.0548656558291302
21857,-0.0549448179282788
21858,-0.054887180803016
21859,-0.0549663429021647
21860,-0.0548937518788592
21861,-0.0549729139780079
21862,-0.0549152768527451
21863,-0.0549944389518937
21864,-0.0142869399933838
21865,-0.0143661020925324
21866,-0.0143084649672696
21867,-0.0143876270664183
21868,-0.0143150360431128
21869,-0.0143941981422615
21870,-0.0143365610169987
21871,-0.0144157231161473
21872,0.0189813017706861
21873,0.0189021396715375
21874,0.0189597767968002
21875,0.0188806146976516
21876,0.0189532057209571
21877,0.0188740436218084
21878,0.0189316807470712
21879,0.0188525186479225
21880,0.0595600176064325
21881,0.0594808555072839
21882,0.0595384926325466
21883,0.059459330533398
21884,0.0595319215567035
21885,0.0594527594575548
21886,0.0595103965828176
21887,0.0594312344836689
21888,-0.0583432316552119
21889,-0.0584223937543605
21890,-0.0583647566290978
21891,-0.0584439187282464
21892,-0.058371327704941
21893,-0.0584504898040896
21894,-0.0583928526788269
21895,-0.0584720147779755
21896,-0.0177645158194655
21897,-0.0178436779186142
21898,-0.0177860407933514
21899,-0.0178652028925
21900,-0.0177926118691946
21901,-0.0178717739683432
21902,-0.0178141368430805
21903,-0.0178932989422291
21904,0.0155037259446044
21905,0.0154245638454557
21906,0.0154822009707185
21907,0.0154030388715699
21908,0.0154756298948753
21909,0.0153964677957267
21910,0.0154541049209894
21911,0.0153749428218408
21912,0.0560824417803508
21913,0.0560032796812021
21914,0.0560609168064649
21915,0.0559817547073163
21916,0.0560543457306217
21917,0.0559751836314731
21918,0.0560328207567358
21919,0.0559536586575872
21920,-0.0587696419624171
21921,-0.0588488040615657
21922,-0.058791166936303
21923,-0.0588703290354516
21924,-0.0587977380121461
21925,-0.0588769001112948
21926,-0.058819262986032
21927,-0.0588984250851807
21928,-0.0181909261266707
21929,-0.0182700882258193
21930,-0.0182124511005566
21931,-0.0182916131997052
21932,-0.0182190221763998
21933,-0.0182981842755484
21934,-0.0182405471502856
21935,-0.0183197092494343
21936,0.0150773156373992
21937,0.0149981535382506
21938,0.0150557906635133
21939,0.0149766285643647
21940,0.0150492195876701
21941,0.0149700574885215
21942,0.0150276946137843
21943,0.0149485325146356
21944,0.0556560314731456
21945,0.0555768693739969
21946,0.0556345064992597
21947,0.0555553444001111
21948,0.0556279354234165
21949,0.0555487733242679
21950,0.0556064104495306
21951,0.055527248350382
21952,-0.0548203302911884
21953,-0.0548994923903371
21954,-0.0548418552650743
21955,-0.054921017364223
21956,-0.0548484263409175
21957,-0.0549275884400661
21958,-0.0548699513148034
21959,-0.054949113413952
21960,-0.0142416144554421
21961,-0.0143207765545907
21962,-0.0142631394293279
21963,-0.0143423015284766
21964,-0.0142697105051711
21965,-0.0143488726043198
21966,-0.014291235479057
21967,-0.0143703975782056
21968,0.0190266273086278
21969,0.0189474652094792
21970,0.019005102334742
21971,0.0189259402355933
21972,0.0189985312588988
21973,0.0189193691597501
21974,0.0189770062850129
21975,0.0188978441858643
21976,0.0596053431443742
21977,0.0595261810452256
21978,0.0595838181704884
21979,0.0595046560713397
21980,0.0595772470946452
21981,0.0594980849954965
21982,0.0595557221207593
21983,0.0594765600216107
21984,-0.0552467405983936
21985,-0.0553259026975423
21986,-0.0552682655722795
21987,-0.0553474276714281
21988,-0.0552748366481227
21989,-0.0553539987472713
21990,-0.0552963616220086
21991,-0.0553755237211572
21992,-0.0146680247626472
21993,-0.0147471868617959
21994,-0.0146895497365331
21995,-0.0147687118356818
21996,-0.0146961208123763
21997,-0.0147752829115249
21998,-0.0147176457862622
21999,-0.0147968078854108
22000,0.0186002170014227
22001,0.018521054902274
22002,0.0185786920275368
22003,0.0184995299283881
22004,0.0185721209516936
22005,0.018492958852545
22006,0.0185505959778077
22007,0.0184714338786591
22008,0.059178932837169
22009,0.0590997707380204
22010,0.0591574078632832
22011,0.0590782457641345
22012,0.05915083678744
22013,0.0590716746882913
22014,0.0591293118135541
22015,0.0590501497144055
22016,-0.0403456350776901
22017,-0.0404247971768388
22018,-0.040367160051576
22019,-0.0404463221507247
22020,-0.0403737311274192
22021,-0.0404528932265678
22022,-0.0403952561013051
22023,-0.0404744182004537
22024,0.0002330807580561
22025,0.0001539186589075
22026,0.0002115557841703
22027,0.0001323936850216
22028,0.0002049847083271
22029,0.0001258226091784
22030,0.0001834597344412
22031,0.0001042976352926
22032,0.0335013225221261
22033,0.0334221604229775
22034,0.0334797975482403
22035,0.0334006354490916
22036,0.0334732264723971
22037,0.0333940643732484
22038,0.0334517014985112
22039,0.0333725393993626
22040,0.0740800383578725
22041,0.0740008762587239
22042,0.0740585133839867
22043,0.073979351284838
22044,0.0740519423081435
22045,0.0739727802089948
22046,0.0740304173342576
22047,0.073951255235109
22048,-0.0407720453848953
22049,-0.040851207484044
22050,-0.0407935703587812
22051,-0.0408727324579298
22052,-0.0408001414346244
22053,-0.040879303533773
22054,-0.0408216664085103
22055,-0.0409008285076589
22056,-0.0001933295491489
22057,-0.0002724916482976
22058,-0.0002148545230348
22059,-0.0002940166221834
22060,-0.000221425598878
22061,-0.0003005876980266
22062,-0.0002429505727639
22063,-0.0003221126719125
22064,0.033074912214921
22065,0.0329957501157723
22066,0.0330533872410351
22067,0.0329742251418865
22068,0.0330468161651919
22069,0.0329676540660433
22070,0.033025291191306
22071,0.0329461290921574
22072,0.0736536280506674
22073,0.0735744659515187
22074,0.0736321030767815
22075,0.0735529409776328
22076,0.0736255320009383
22077,0.0735463699017897
22078,0.0736040070270524
22079,0.0735248449279038
22080,-0.0368227337136667
22081,-0.0369018958128153
22082,-0.0368442586875526
22083,-0.0369234207867012
22084,-0.0368508297633957
22085,-0.0369299918625444
22086,-0.0368723547372816
22087,-0.0369515168364303
22088,0.0037559821220796
22089,0.003676820022931
22090,0.0037344571481937
22091,0.0036552950490451
22092,0.0037278860723505
22093,0.0036487239732019
22094,0.0037063610984647
22095,0.003627198999316
22096,0.0370242238861496
22097,0.036945061787001
22098,0.0370026989122637
22099,0.0369235368131151
22100,0.0369961278364205
22101,0.0369169657372719
22102,0.0369746028625347
22103,0.036895440763386
22104,0.077602939721896
22105,0.0775237776227474
22106,0.0775814147480101
22107,0.0775022526488615
22108,0.077574843672167
22109,0.0774956815730183
22110,0.0775533186982811
22111,0.0774741565991324
22112,-0.0372491440208719
22113,-0.0373283061200205
22114,-0.0372706689947577
22115,-0.0373498310939064
22116,-0.0372772400706009
22117,-0.0373564021697496
22118,-0.0372987650444868
22119,-0.0373779271436354
22120,0.0033295718148744
22121,0.0032504097157258
22122,0.0033080468409885
22123,0.0032288847418399
22124,0.0033014757651454
22125,0.0032223136659967
22126,0.0032799507912595
22127,0.0032007886921108
22128,0.0365978135789444
22129,0.0365186514797958
22130,0.0365762886050585
22131,0.0364971265059099
22132,0.0365697175292154
22133,0.0364905554300667
22134,0.0365481925553295
22135,0.0364690304561808
22136,0.0771765294146908
22137,0.0770973673155422
22138,0.0771550044408049
22139,0.0770758423416563
22140,0.0771484333649617
22141,0.0770692712658131
22142,0.0771269083910759
22143,0.0770477462919272
22144,-0.0407267198469536
22145,-0.0408058819461022
22146,-0.0407482448208395
22147,-0.0408274069199881
22148,-0.0407548158966827
22149,-0.0408339779958313
22150,-0.0407763408705686
22151,-0.0408555029697172
22152,-0.0001480040112072
22153,-0.0002271661103559
22154,-0.0001695289850931
22155,-0.0002486910842417
22156,-0.0001761000609363
22157,-0.0002552621600849
22158,-0.0001976250348222
22159,-0.0002767871339708
22160,0.0331202377528627
22161,0.033041075653714
22162,0.0330987127789768
22163,0.0330195506798282
22164,0.0330921417031336
22165,0.033012979603985
22166,0.0330706167292477
22167,0.0329914546300991
22168,0.0736989535886091
22169,0.0736197914894604
22170,0.0736774286147232
22171,0.0735982665155745
22172,0.07367085753888
22173,0.0735916954397314
22174,0.0736493325649941
22175,0.0735701704658455
22176,-0.0411531301541588
22177,-0.0412322922533074
22178,-0.0411746551280447
22179,-0.0412538172271933
22180,-0.0411812262038879
22181,-0.0412603883030365
22182,-0.0412027511777737
22183,-0.0412819132769224
22184,-0.0005744143184124
22185,-0.000653576417561
22186,-0.0005959392922983
22187,-0.0006751013914469
22188,-0.0006025103681415
22189,-0.0006816724672901
22190,-0.0006240353420273
22191,-0.000703197441176
22192,0.0326938274456575
22193,0.0326146653465089
22194,0.0326723024717716
22195,0.032593140372623
22196,0.0326657313959284
22197,0.0325865692967798
22198,0.0326442064220426
22199,0.0325650443228939
22200,0.0732725432814039
22201,0.0731933811822553
22202,0.073251018307518
22203,0.0731718562083694
22204,0.0732444472316748
22205,0.0731652851325262
22206,0.0732229222577889
22207,0.0731437601586403
22208,-0.0372038184829301
22209,-0.0372829805820788
22210,-0.037225343456816
22211,-0.0373045055559647
22212,-0.0372319145326592
22213,-0.0373110766318078
22214,-0.0372534395065451
22215,-0.0373326016056937
22216,0.0033748973528161
22217,0.0032957352536675
22218,0.0033533723789303
22219,0.0032742102797816
22220,0.0033468013030871
22221,0.0032676392039384
22222,0.0033252763292012
22223,0.0032461142300526
22224,0.0366431391168861
22225,0.0365639770177375
22226,0.0366216141430003
22227,0.0365424520438516
22228,0.0366150430671571
22229,0.0365358809680084
22230,0.0365935180932712
22231,0.0365143559941226
22232,0.0772218549526325
22233,0.0771426928534839
22234,0.0772003299787466
22235,0.077121167879598
22236,0.0771937589029035
22237,0.0771145968037548
22238,0.0771722339290176
22239,0.077093071829869
22240,-0.0376302287901353
22241,-0.037709390889284
22242,-0.0376517537640212
22243,-0.0377309158631698
22244,-0.0376583248398644
22245,-0.037737486939013
22246,-0.0376798498137503
22247,-0.0377590119128989
22248,0.002948487045611
22249,0.0028693249464623
22250,0.0029269620717251
22251,0.0028477999725764
22252,0.0029203909958819
22253,0.0028412288967333
22254,0.002898866021996
22255,0.0028197039228474
22256,0.036216728809681
22257,0.0361375667105323
22258,0.0361952038357951
22259,0.0361160417366464
22260,0.0361886327599519
22261,0.0361094706608033
22262,0.036167107786066
22263,0.0360879456869174
22264,0.0767954446454274
22265,0.0767162825462787
22266,0.0767739196715415
22267,0.0766947575723928
22268,0.0767673485956983
22269,0.0766881864965496
22270,0.0767458236218124
22271,0.0766666615226638
22272,-0.0353740114162055
22273,-0.0354531735153541
22274,-0.0353955363900913
22275,-0.03547469848924
22276,-0.0354021074659345
22277,-0.0354812695650832
22278,-0.0354236324398204
22279,-0.035502794538969
22280,0.0052047044195408
22281,0.0051255423203922
22282,0.0051831794456549
22283,0.0051040173465063
22284,0.0051766083698118
22285,0.0050974462706631
22286,0.0051550833959259
22287,0.0050759212967772
22288,0.0384729461836108
22289,0.0383937840844622
22290,0.0384514212097249
22291,0.0383722591105763
22292,0.0384448501338818
22293,0.0383656880347331
22294,0.0384233251599959
22295,0.0383441630608472
22296,0.0790516620193572
22297,0.0789724999202086
22298,0.0790301370454713
22299,0.0789509749463227
22300,0.0790235659696281
22301,0.0789444038704795
22302,0.0790020409957423
22303,0.0789228788965936
22304,-0.0358004217234106
22305,-0.0358795838225593
22306,-0.0358219466972965
22307,-0.0359011087964452
22308,-0.0358285177731397
22309,-0.0359076798722883
22310,-0.0358500427470256
22311,-0.0359292048461742
22312,0.0047782941123356
22313,0.004699132013187
22314,0.0047567691384498
22315,0.0046776070393011
22316,0.0047501980626066
22317,0.0046710359634579
22318,0.0047286730887207
22319,0.0046495109895721
22320,0.0380465358764056
22321,0.037967373777257
22322,0.0380250109025198
22323,0.0379458488033711
22324,0.0380184398266766
22325,0.0379392777275279
22326,0.0379969148527907
22327,0.0379177527536421
22328,0.0786252517121521
22329,0.0785460896130034
22330,0.0786037267382662
22331,0.0785245646391175
22332,0.078597155662423
22333,0.0785179935632743
22334,0.0785756306885371
22335,0.0784964685893885
22336,-0.031851110052182
22337,-0.0319302721513306
22338,-0.0318726350260679
22339,-0.0319517971252165
22340,-0.0318792061019111
22341,-0.0319583682010597
22342,-0.0319007310757969
22343,-0.0319798931749456
22344,0.0087276057835643
22345,0.0086484436844157
22346,0.0087060808096784
22347,0.0086269187105298
22348,0.0086995097338352
22349,0.0086203476346866
22350,0.0086779847599493
22351,0.0085988226608007
22352,0.0419958475476343
22353,0.0419166854484856
22354,0.0419743225737484
22355,0.0418951604745998
22356,0.0419677514979052
22357,0.0418885893987566
22358,0.0419462265240193
22359,0.0418670644248707
22360,0.0825745633833807
22361,0.082495401284232
22362,0.0825530384094948
22363,0.0824738763103462
22364,0.0825464673336516
22365,0.082467305234503
22366,0.0825249423597657
22367,0.0824457802606171
22368,-0.0322775203593872
22369,-0.0323566824585358
22370,-0.0322990453332731
22371,-0.0323782074324217
22372,-0.0323056164091163
22373,-0.0323847785082649
22374,-0.0323271413830021
22375,-0.0324063034821508
22376,0.0083011954763591
22377,0.0082220333772105
22378,0.0082796705024732
22379,0.0082005084033246
22380,0.00827309942663
22381,0.0081939373274814
22382,0.0082515744527442
22383,0.0081724123535955
22384,0.0415694372404291
22385,0.0414902751412805
22386,0.0415479122665432
22387,0.0414687501673946
22388,0.0415413411907
22389,0.0414621790915514
22390,0.0415198162168142
22391,0.0414406541176655
22392,0.0821481530761755
22393,0.0820689909770269
22394,0.0821266281022896
22395,0.082047466003141
22396,0.0821200570264464
22397,0.0820408949272978
22398,0.0820985320525606
22399,0.0820193699534119
22400,-0.0357550961854689
22401,-0.0358342582846176
22402,-0.0357766211593548
22403,-0.0358557832585034
22404,-0.035783192235198
22405,-0.0358623543343466
22406,-0.0358047172090839
22407,-0.0358838793082325
22408,0.0048236196502774
22409,0.0047444575511287
22410,0.0048020946763915
22411,0.0047229325772428
22412,0.0047955236005483
22413,0.0047163615013997
22414,0.0047739986266624
22415,0.0046948365275138
22416,0.0380918614143474
22417,0.0380126993151987
22418,0.0380703364404615
22419,0.0379911743413128
22420,0.0380637653646183
22421,0.0379846032654697
22422,0.0380422403907324
22423,0.0379630782915838
22424,0.0786705772500938
22425,0.0785914151509451
22426,0.0786490522762079
22427,0.0785698901770592
22428,0.0786424812003647
22429,0.078563319101216
22430,0.0786209562264788
22431,0.0785417941273302
22432,-0.0361815064926741
22433,-0.0362606685918227
22434,-0.03620303146656
22435,-0.0362821935657086
22436,-0.0362096025424032
22437,-0.0362887646415518
22438,-0.0362311275162891
22439,-0.0363102896154377
22440,0.0043972093430722
22441,0.0043180472439235
22442,0.0043756843691863
22443,0.0042965222700377
22444,0.0043691132933431
22445,0.0042899511941945
22446,0.0043475883194572
22447,0.0042684262203086
22448,0.0376654511071422
22449,0.0375862890079935
22450,0.0376439261332563
22451,0.0375647640341077
22452,0.0376373550574131
22453,0.0375581929582645
22454,0.0376158300835272
22455,0.0375366679843786
22456,0.0782441669428886
22457,0.0781650048437399
22458,0.0782226419690027
22459,0.0781434798698541
22460,0.0782160708931595
22461,0.0781369087940109
22462,0.0781945459192736
22463,0.078115383820125
22464,-0.0322321948214455
22465,-0.0323113569205941
22466,-0.0322537197953314
22467,-0.03233288189448
22468,-0.0322602908711745
22469,-0.0323394529703232
22470,-0.0322818158450604
22471,-0.0323609779442091
22472,0.0083465210143008
22473,0.0082673589151522
22474,0.0083249960404149
22475,0.0082458339412663
22476,0.0083184249645718
22477,0.0082392628654231
22478,0.0082968999906859
22479,0.0082177378915372
22480,0.0416147627783708
22481,0.0415356006792222
22482,0.0415932378044849
22483,0.0415140757053363
22484,0.0415866667286417
22485,0.0415075046294931
22486,0.0415651417547559
22487,0.0414859796556072
22488,0.0821934786141172
22489,0.0821143165149686
22490,0.0821719536402313
22491,0.0820927915410827
22492,0.0821653825643882
22493,0.0820862204652395
22494,0.0821438575905023
22495,0.0820646954913536
22496,-0.0326586051286507
22497,-0.0327377672277993
22498,-0.0326801301025365
22499,-0.0327592922016852
22500,-0.0326867011783797
22501,-0.0327658632775284
22502,-0.0327082261522656
22503,-0.0327873882514142
22504,0.0079201107070956
22505,0.007840948607947
22506,0.0078985857332098
22507,0.0078194236340611
22508,0.0078920146573666
22509,0.0078128525582179
22510,0.0078704896834807
22511,0.0077913275843321
22512,0.0411883524711656
22513,0.041109190372017
22514,0.0411668274972798
22515,0.0410876653981311
22516,0.0411602564214366
22517,0.0410810943222879
22518,0.0411387314475507
22519,0.041059569348402
22520,0.081767068306912
22521,0.0816879062077634
22522,0.0817455433330261
22523,0.0816663812338775
22524,0.081738972257183
22525,0.0816598101580343
22526,0.0817174472832971
22527,0.0816382851841484
22528,-0.0630724808057028
22529,-0.0631516429048514
22530,-0.0630940057795887
22531,-0.0631731678787373
22532,-0.0631005768554319
22533,-0.0631797389545805
22534,-0.0631221018293178
22535,-0.0632012639284664
22536,-0.0224937649699564
22537,-0.0225729270691051
22538,-0.0225152899438423
22539,-0.0225944520429909
22540,-0.0225218610196855
22541,-0.0226010231188341
22542,-0.0225433859935714
22543,-0.02262254809272
22544,0.0107744767941135
22545,0.0106953146949648
22546,0.0107529518202276
22547,0.010673789721079
22548,0.0107463807443844
22549,0.0106672186452358
22550,0.0107248557704985
22551,0.0106456936713499
22552,0.0513531926298599
22553,0.0512740305307112
22554,0.051331667655974
22555,0.0512525055568253
22556,0.0513250965801308
22557,0.0512459344809822
22558,0.0513035716062449
22559,0.0512244095070963
22560,-0.063498891112908
22561,-0.0635780532120566
22562,-0.0635204160867939
22563,-0.0635995781859425
22564,-0.063526987162637
22565,-0.0636061492617857
22566,-0.0635485121365229
22567,-0.0636276742356716
22568,-0.0229201752771616
22569,-0.0229993373763102
22570,-0.0229417002510475
22571,-0.0230208623501961
22572,-0.0229482713268907
22573,-0.0230274334260393
22574,-0.0229697963007765
22575,-0.0230489583999252
22576,0.0103480664869083
22577,0.0102689043877597
22578,0.0103265415130224
22579,0.0102473794138738
22580,0.0103199704371792
22581,0.0102408083380306
22582,0.0102984454632934
22583,0.0102192833641447
22584,0.0509267823226547
22585,0.050847620223506
22586,0.0509052573487688
22587,0.0508260952496202
22588,0.0508986862729256
22589,0.050819524173777
22590,0.0508771612990397
22591,0.0507979991998911
22592,-0.0595495794416794
22593,-0.059628741540828
22594,-0.0595711044155652
22595,-0.0596502665147139
22596,-0.0595776754914084
22597,-0.059656837590557
22598,-0.0595992004652943
22599,-0.0596783625644429
22600,-0.018970863605933
22601,-0.0190500257050816
22602,-0.0189923885798188
22603,-0.0190715506789675
22604,-0.018998959655662
22605,-0.0190781217548107
22606,-0.0190204846295479
22607,-0.0190996467286965
22608,0.0142973781581369
22609,0.0142182160589883
22610,0.0142758531842511
22611,0.0141966910851024
22612,0.0142692821084079
22613,0.0141901200092592
22614,0.014247757134522
22615,0.0141685950353734
22616,0.0548760939938833
22617,0.0547969318947347
22618,0.0548545690199974
22619,0.0547754069208488
22620,0.0548479979441543
22621,0.0547688358450056
22622,0.0548264729702684
22623,0.0547473108711197
22624,-0.0599759897488845
22625,-0.0600551518480332
22626,-0.0599975147227704
22627,-0.0600766768219191
22628,-0.0600040857986136
22629,-0.0600832478977622
22630,-0.0600256107724995
22631,-0.0601047728716481
22632,-0.0193972739131381
22633,-0.0194764360122868
22634,-0.019418798887024
22635,-0.0194979609861727
22636,-0.0194253699628672
22637,-0.0195045320620158
22638,-0.0194468949367531
22639,-0.0195260570359017
22640,0.0138709678509318
22641,0.0137918057517831
22642,0.0138494428770459
22643,0.0137702807778972
22644,0.0138428718012027
22645,0.0137637097020541
22646,0.0138213468273168
22647,0.0137421847281682
22648,0.0544496836866781
22649,0.0543705215875295
22650,0.0544281587127923
22651,0.0543489966136436
22652,0.0544215876369491
22653,0.0543424255378004
22654,0.0544000626630632
22655,0.0543209005639146
22656,-0.0634535655749663
22657,-0.0635327276741149
22658,-0.0634750905488522
22659,-0.0635542526480008
22660,-0.0634816616246953
22661,-0.063560823723844
22662,-0.0635031865985812
22663,-0.0635823486977299
22664,-0.0228748497392199
22665,-0.0229540118383685
22666,-0.0228963747131058
22667,-0.0229755368122544
22668,-0.022902945788949
22669,-0.0229821078880976
22670,-0.0229244707628348
22671,-0.0230036328619835
22672,0.01039339202485
22673,0.0103142299257014
22674,0.0103718670509641
22675,0.0102927049518155
22676,0.0103652959751209
22677,0.0102861338759723
22678,0.0103437710012351
22679,0.0102646089020864
22680,0.0509721078605964
22681,0.0508929457614478
22682,0.0509505828867105
22683,0.0508714207875619
22684,0.0509440118108673
22685,0.0508648497117187
22686,0.0509224868369815
22687,0.0508433247378328
22688,-0.0638799758821715
22689,-0.0639591379813201
22690,-0.0639015008560573
22691,-0.063980662955206
22692,-0.0639080719319005
22693,-0.0639872340310492
22694,-0.0639295969057864
22695,-0.064008759004935
22696,-0.0233012600464251
22697,-0.0233804221455737
22698,-0.0233227850203109
22699,-0.0234019471194596
22700,-0.0233293560961541
22701,-0.0234085181953028
22702,-0.02335088107004
22703,-0.0234300431691887
22704,0.0099669817176448
22705,0.0098878196184962
22706,0.0099454567437589
22707,0.0098662946446103
22708,0.0099388856679158
22709,0.0098597235687671
22710,0.0099173606940299
22711,0.0098381985948812
22712,0.0505456975533912
22713,0.0504665354542426
22714,0.0505241725795053
22715,0.0504450104803567
22716,0.0505176015036622
22717,0.0504384394045135
22718,0.0504960765297763
22719,0.0504169144306276
22720,-0.0599306642109428
22721,-0.0600098263100915
22722,-0.0599521891848287
22723,-0.0600313512839773
22724,-0.0599587602606719
22725,-0.0600379223598205
22726,-0.0599802852345578
22727,-0.0600594473337064
22728,-0.0193519483751964
22729,-0.0194311104743451
22730,-0.0193734733490823
22731,-0.0194526354482309
22732,-0.0193800444249255
22733,-0.0194592065240741
22734,-0.0194015693988114
22735,-0.01948073149796
22736,0.0139162933888735
22737,0.0138371312897248
22738,0.0138947684149876
22739,0.013815606315839
22740,0.0138881973391444
22741,0.0138090352399958
22742,0.0138666723652585
22743,0.0137875102661099
22744,0.0544950092246199
22745,0.0544158471254712
22746,0.054473484250734
22747,0.0543943221515853
22748,0.0544669131748908
22749,0.0543877510757422
22750,0.0544453882010049
22751,0.0543662261018563
22752,-0.060357074518148
22753,-0.0604362366172966
22754,-0.0603785994920339
22755,-0.0604577615911825
22756,-0.0603851705678771
22757,-0.0604643326670257
22758,-0.060406695541763
22759,-0.0604858576409116
22760,-0.0197783586824016
22761,-0.0198575207815502
22762,-0.0197998836562875
22763,-0.0198790457554361
22764,-0.0198064547321307
22765,-0.0198856168312793
22766,-0.0198279797060166
22767,-0.0199071418051652
22768,0.0134898830816683
22769,0.0134107209825196
22770,0.0134683581077824
22771,0.0133891960086338
22772,0.0134617870319392
22773,0.0133826249327906
22774,0.0134402620580533
22775,0.0133610999589047
22776,0.0540685989174147
22777,0.053989436818266
22778,0.0540470739435288
22779,0.0539679118443802
22780,0.0540405028676856
22781,0.053961340768537
22782,0.0540189778937997
22783,0.0539398157946511
22784,-0.0581008571442181
22785,-0.0581800192433668
22786,-0.058122382118104
22787,-0.0582015442172526
22788,-0.0581289531939472
22789,-0.0582081152930958
22790,-0.0581504781678331
22791,-0.0582296402669817
22792,-0.0175221413084717
22793,-0.0176013034076204
22794,-0.0175436662823576
22795,-0.0176228283815063
22796,-0.0175502373582008
22797,-0.0176293994573494
22798,-0.0175717623320867
22799,-0.0176509244312353
22800,0.0157461004555982
22801,0.0156669383564495
22802,0.0157245754817123
22803,0.0156454133825636
22804,0.0157180044058691
22805,0.0156388423067205
22806,0.0156964794319832
22807,0.0156173173328346
22808,0.0563248162913445
22809,0.0562456541921959
22810,0.0563032913174587
22811,0.05622412921831
22812,0.0562967202416155
22813,0.0562175581424668
22814,0.0562751952677296
22815,0.056196033168581
22816,-0.0585272674514233
22817,-0.0586064295505719
22818,-0.0585487924253092
22819,-0.0586279545244578
22820,-0.0585553635011524
22821,-0.058634525600301
22822,-0.0585768884750383
22823,-0.0586560505741869
22824,-0.0179485516156769
22825,-0.0180277137148256
22826,-0.0179700765895628
22827,-0.0180492386887114
22828,-0.017976647665406
22829,-0.0180558097645546
22830,-0.0179981726392919
22831,-0.0180773347384405
22832,0.015319690148393
22833,0.0152405280492443
22834,0.0152981651745071
22835,0.0152190030753585
22836,0.0152915940986639
22837,0.0152124319995153
22838,0.015270069124778
22839,0.0151909070256294
22840,0.0558984059841394
22841,0.0558192438849907
22842,0.0558768810102535
22843,0.0557977189111048
22844,0.0558703099344103
22845,0.0557911478352617
22846,0.0558487849605244
22847,0.0557696228613758
22848,-0.0545779557801947
22849,-0.0546571178793433
22850,-0.0545994807540805
22851,-0.0546786428532292
22852,-0.0546060518299237
22853,-0.0546852139290724
22854,-0.0546275768038096
22855,-0.0547067389029582
22856,-0.0139992399444483
22857,-0.0140784020435969
22858,-0.0140207649183342
22859,-0.0140999270174828
22860,-0.0140273359941773
22861,-0.014106498093326
22862,-0.0140488609680632
22863,-0.0141280230672119
22864,0.0192690018196216
22865,0.019189839720473
22866,0.0192474768457357
22867,0.0191683147465871
22868,0.0192409057698926
22869,0.0191617436707439
22870,0.0192193807960067
22871,0.019140218696858
22872,0.059847717655368
22873,0.0597685555562194
22874,0.0598261926814821
22875,0.0597470305823335
22876,0.0598196216056389
22877,0.0597404595064903
22878,0.0597980966317531
22879,0.0597189345326044
22880,-0.0550043660873999
22881,-0.0550835281865485
22882,-0.0550258910612857
22883,-0.0551050531604344
22884,-0.0550324621371289
22885,-0.0551116242362776
22886,-0.0550539871110148
22887,-0.0551331492101634
22888,-0.0144256502516535
22889,-0.0145048123508021
22890,-0.0144471752255393
22891,-0.014526337324688
22892,-0.0144537463013825
22893,-0.0145329084005312
22894,-0.0144752712752684
22895,-0.014554433374417
22896,0.0188425915124164
22897,0.0187634294132678
22898,0.0188210665385306
22899,0.0187419044393819
22900,0.0188144954626874
22901,0.0187353333635387
22902,0.0187929704888015
22903,0.0187138083896529
22904,0.0594213073481628
22905,0.0593421452490142
22906,0.0593997823742769
22907,0.0593206202751283
22908,0.0593932112984338
22909,0.0593140491992851
22910,0.0593716863245479
22911,0.0592925242253992
22912,-0.0584819419134816
22913,-0.0585611040126302
22914,-0.0585034668873675
22915,-0.0585826289865161
22916,-0.0585100379632107
22917,-0.0585892000623593
22918,-0.0585315629370966
22919,-0.0586107250362452
22920,-0.0179032260777352
22921,-0.0179823881768839
22922,-0.0179247510516211
22923,-0.0180039131507697
22924,-0.0179313221274643
22925,-0.0180104842266129
22926,-0.0179528471013502
22927,-0.0180320092004988
22928,0.0153650156863347
22929,0.015285853587186
22930,0.0153434907124488
22931,0.0152643286133002
22932,0.0153369196366056
22933,0.015257757537457
22934,0.0153153946627197
22935,0.0152362325635711
22936,0.0559437315220811
22937,0.0558645694229324
22938,0.0559222065481952
22939,0.0558430444490466
22940,0.055915635472352
22941,0.0558364733732034
22942,0.0558941104984661
22943,0.0558149483993175
22944,-0.0589083522206868
22945,-0.0589875143198354
22946,-0.0589298771945727
22947,-0.0590090392937213
22948,-0.0589364482704158
22949,-0.0590156103695645
22950,-0.0589579732443017
22951,-0.0590371353434504
22952,-0.0183296363849404
22953,-0.018408798484089
22954,-0.0183511613588263
22955,-0.0184303234579749
22956,-0.0183577324346695
22957,-0.0184368945338181
22958,-0.0183792574085553
22959,-0.018458419507704
22960,0.0149386053791295
22961,0.0148594432799809
22962,0.0149170804052436
22963,0.014837918306095
22964,0.0149105093294004
22965,0.0148313472302518
22966,0.0148889843555146
22967,0.0148098222563659
22968,0.0555173212148759
22969,0.0554381591157273
22970,0.05549579624099
22971,0.0554166341418414
22972,0.0554892251651468
22973,0.0554100630659982
22974,0.0554677001912609
22975,0.0553885380921123
22976,-0.0549590405494581
22977,-0.0550382026486068
22978,-0.054980565523344
22979,-0.0550597276224927
22980,-0.0549871365991872
22981,-0.0550662986983358
22982,-0.0550086615730731
22983,-0.0550878236722217
22984,-0.0143803247137118
22985,-0.0144594868128604
22986,-0.0144018496875976
22987,-0.0144810117867463
22988,-0.0144084207634408
22989,-0.0144875828625895
22990,-0.0144299457373267
22991,-0.0145091078364753
22992,0.0188879170503581
22993,0.0188087549512095
22994,0.0188663920764723
22995,0.0187872299773236
22996,0.0188598210006291
22997,0.0187806589014804
22998,0.0188382960267432
22999,0.0187591339275946
23000,0.0594666328861045
23001,0.0593874707869559
23002,0.0594451079122187
23003,0.05936594581307
23004,0.0594385368363755
23005,0.0593593747372268
23006,0.0594170118624896
23007,0.059337849763341
23008,-0.0553854508566633
23009,-0.055464612955812
23010,-0.0554069758305492
23011,-0.0554861379296978
23012,-0.0554135469063924
23013,-0.055492709005541
23014,-0.0554350718802783
23015,-0.0555142339794269
23016,-0.0148067350209169
23017,-0.0148858971200656
23018,-0.0148282599948028
23019,-0.0149074220939514
23020,-0.014834831070646
23021,-0.0149139931697946
23022,-0.0148563560445319
23023,-0.0149355181436805
23024,0.018461506743153
23025,0.0183823446440043
23026,0.0184399817692671
23027,0.0183608196701184
23028,0.0184334106934239
23029,0.0183542485942753
23030,0.018411885719538
23031,0.0183327236203894
23032,0.0590402225788994
23033,0.0589610604797507
23034,0.0590186976050135
23035,0.0589395355058648
23036,0.0590121265291703
23037,0.0589329644300216
23038,0.0589906015552844
23039,0.0589114394561358
23040,-0.0404843453359598
23041,-0.0405635074351085
23042,-0.0405058703098457
23043,-0.0405850324089943
23044,-0.0405124413856889
23045,-0.0405916034848375
23046,-0.0405339663595748
23047,-0.0406131284587234
23048,9.437049978650396e-05
23049,1.5208400637867214e-05
23050,7.284552590062592e-05
23051,-6.316573248010826e-06
23052,6.627445005743896e-05
23053,-1.2887649091197772e-05
23054,4.474947617156092e-05
23055,-3.441262297707581e-05
23056,0.0333626122638565
23057,0.0332834501647078
23058,0.0333410872899706
23059,0.0332619251908219
23060,0.0333345162141274
23061,0.0332553541149788
23062,0.0333129912402415
23063,0.0332338291410929
23064,0.0739413280996028
23065,0.0738621660004542
23066,0.073919803125717
23067,0.0738406410265683
23068,0.0739132320498738
23069,0.0738340699507251
23070,0.0738917070759879
23071,0.0738125449768393
23072,-0.040910755643165
23073,-0.0409899177423137
23074,-0.0409322806170509
23075,-0.0410114427161995
23076,-0.0409388516928941
23077,-0.0410180137920427
23078,-0.04096037666678
23079,-0.0410395387659286
23080,-0.0003320398074186
23081,-0.0004112019065673
23082,-0.0003535647813045
23083,-0.0004327268804531
23084,-0.0003601358571477
23085,-0.0004392979562963
23086,-0.0003816608310336
23087,-0.0004608229301822
23088,0.0329362019566513
23089,0.0328570398575026
23090,0.0329146769827654
23091,0.0328355148836168
23092,0.0329081059069222
23093,0.0328289438077736
23094,0.0328865809330363
23095,0.0328074188338877
23096,0.0735149177923977
23097,0.073435755693249
23098,0.0734933928185118
23099,0.0734142307193631
23100,0.0734868217426686
23101,0.07340765964352
23102,0.0734652967687827
23103,0.0733861346696341
23104,-0.0369614439719364
23105,-0.037040606071085
23106,-0.0369829689458223
23107,-0.0370621310449709
23108,-0.0369895400216654
23109,-0.0370687021208141
23110,-0.0370110649955513
23111,-0.0370902270947
23112,0.0036172718638099
23113,0.0035381097646613
23114,0.003595746889924
23115,0.0035165847907754
23116,0.0035891758140808
23117,0.0035100137149322
23118,0.003567650840195
23119,0.0034884887410463
23120,0.0368855136278799
23121,0.0368063515287313
23122,0.036863988653994
23123,0.0367848265548454
23124,0.0368574175781508
23125,0.0367782554790022
23126,0.036835892604265
23127,0.0367567305051163
23128,0.0774642294636263
23129,0.0773850673644777
23130,0.0774427044897404
23131,0.0773635423905918
23132,0.0774361334138973
23133,0.0773569713147486
23134,0.0774146084400114
23135,0.0773354463408627
23136,-0.0373878542791416
23137,-0.0374670163782902
23138,-0.0374093792530274
23139,-0.0374885413521761
23140,-0.0374159503288706
23141,-0.0374951124280193
23142,-0.0374374753027565
23143,-0.0375166374019051
23144,0.0031908615566047
23145,0.0031116994574561
23146,0.0031693365827189
23147,0.0030901744835702
23148,0.0031627655068757
23149,0.003083603407727
23150,0.0031412405329898
23151,0.0030620784338412
23152,0.0364591033206747
23153,0.0363799412215261
23154,0.0364375783467888
23155,0.0363584162476402
23156,0.0364310072709457
23157,0.036351845171797
23158,0.0364094822970598
23159,0.0363303201979111
23160,0.0770378191564211
23161,0.0769586570572725
23162,0.0770162941825352
23163,0.0769371320833866
23164,0.0770097231066921
23165,0.0769305610075434
23166,0.0769881981328062
23167,0.0769090360336575
23168,-0.0408654301052233
23169,-0.0409445922043719
23170,-0.0408869550791092
23171,-0.0409661171782578
23172,-0.0408935261549524
23173,-0.040972688254101
23174,-0.0409150511288382
23175,-0.0409942132279869
23176,-0.0002867142694769
23177,-0.0003658763686256
23178,-0.0003082392433628
23179,-0.0003874013425114
23180,-0.000314810319206
23181,-0.0003939724183546
23182,-0.0003363352930919
23183,-0.0004154973922405
23184,0.032981527494593
23185,0.0329023653954443
23186,0.0329600025207071
23187,0.0328808404215585
23188,0.0329534314448639
23189,0.0328742693457153
23190,0.032931906470978
23191,0.0328527443718294
23192,0.0735602433303394
23193,0.0734810812311907
23194,0.0735387183564535
23195,0.0734595562573049
23196,0.0735321472806103
23197,0.0734529851814617
23198,0.0735106223067244
23199,0.0734314602075758
23200,-0.0412918404124285
23201,-0.0413710025115771
23202,-0.0413133653863144
23203,-0.041392527485463
23204,-0.0413199364621576
23205,-0.0413990985613062
23206,-0.0413414614360434
23207,-0.0414206235351921
23208,-0.0007131245766821
23209,-0.0007922866758307
23210,-0.000734649550568
23211,-0.0008138116497166
23212,-0.0007412206264112
23213,-0.0008203827255598
23214,-0.000762745600297
23215,-0.0008419076994457
23216,0.0325551171873878
23217,0.0324759550882392
23218,0.0325335922135019
23219,0.0324544301143533
23220,0.0325270211376587
23221,0.0324478590385101
23222,0.0325054961637729
23223,0.0324263340646242
23224,0.0731338330231342
23225,0.0730546709239856
23226,0.0731123080492483
23227,0.0730331459500997
23228,0.0731057369734051
23229,0.0730265748742565
23230,0.0730842119995192
23231,0.0730050499003706
23232,-0.0373425287411998
23233,-0.0374216908403485
23234,-0.0373640537150857
23235,-0.0374432158142344
23236,-0.0373706247909289
23237,-0.0374497868900775
23238,-0.0373921497648148
23239,-0.0374713118639634
23240,0.0032361870945464
23241,0.0031570249953978
23242,0.0032146621206606
23243,0.0031355000215119
23244,0.0032080910448174
23245,0.0031289289456687
23246,0.0031865660709315
23247,0.0031074039717829
23248,0.0365044288586164
23249,0.0364252667594678
23250,0.0364829038847306
23251,0.0364037417855819
23252,0.0364763328088874
23253,0.0363971707097387
23254,0.0364548078350015
23255,0.0363756457358529
23256,0.0770831446943628
23257,0.0770039825952142
23258,0.077061619720477
23259,0.0769824576213283
23260,0.0770550486446338
23261,0.0769758865454851
23262,0.0770335236707479
23263,0.0769543615715993
23264,-0.037768939048405
23265,-0.0378481011475537
23266,-0.0377904640222909
23267,-0.0378696261214395
23268,-0.0377970350981341
23269,-0.0378761971972827
23270,-0.03781856007202
23271,-0.0378977221711686
23272,0.0028097767873413
23273,0.0027306146881926
23274,0.0027882518134554
23275,0.0027090897143067
23276,0.0027816807376122
23277,0.0027025186384636
23278,0.0027601557637263
23279,0.0026809936645777
23280,0.0360780185514113
23281,0.0359988564522626
23282,0.0360564935775254
23283,0.0359773314783767
23284,0.0360499225016822
23285,0.0359707604025336
23286,0.0360283975277963
23287,0.0359492354286477
23288,0.0766567343871577
23289,0.076577572288009
23290,0.0766352094132718
23291,0.0765560473141231
23292,0.0766286383374286
23293,0.0765494762382799
23294,0.0766071133635427
23295,0.0765279512643941
23296,-0.0355127216744752
23297,-0.0355918837736238
23298,-0.035534246648361
23299,-0.0356134087475097
23300,-0.0355408177242042
23301,-0.0356199798233529
23302,-0.0355623426980901
23303,-0.0356415047972387
23304,0.0050659941612711
23305,0.0049868320621225
23306,0.0050444691873853
23307,0.0049653070882366
23308,0.0050378981115421
23309,0.0049587360123934
23310,0.0050163731376562
23311,0.0049372110385076
23312,0.0383342359253411
23313,0.0382550738261925
23314,0.0383127109514552
23315,0.0382335488523066
23316,0.0383061398756121
23317,0.0382269777764634
23318,0.0382846149017262
23319,0.0382054528025775
23320,0.0789129517610875
23321,0.0788337896619389
23322,0.0788914267872016
23323,0.078812264688053
23324,0.0788848557113584
23325,0.0788056936122098
23326,0.0788633307374726
23327,0.0787841686383239
23328,-0.0359391319816803
23329,-0.036018294080829
23330,-0.0359606569555662
23331,-0.0360398190547149
23332,-0.0359672280314094
23333,-0.036046390130558
23334,-0.0359887530052953
23335,-0.0360679151044439
23336,0.0046395838540659
23337,0.0045604217549173
23338,0.0046180588801801
23339,0.0045388967810314
23340,0.0046114878043369
23341,0.0045323257051882
23342,0.004589962830451
23343,0.0045108007313024
23344,0.0379078256181359
23345,0.0378286635189873
23346,0.0378863006442501
23347,0.0378071385451014
23348,0.0378797295684069
23349,0.0378005674692582
23350,0.037858204594521
23351,0.0377790424953724
23352,0.0784865414538824
23353,0.0784073793547337
23354,0.0784650164799965
23355,0.0783858543808478
23356,0.0784584454041533
23357,0.0783792833050046
23358,0.0784369204302674
23359,0.0783577583311188
23360,-0.0319898203104517
23361,-0.0320689824096003
23362,-0.0320113452843376
23363,-0.0320905073834862
23364,-0.0320179163601808
23365,-0.0320970784593294
23366,-0.0320394413340666
23367,-0.0321186034332153
23368,0.0085888955252946
23369,0.008509733426146
23370,0.0085673705514087
23371,0.0084882084522601
23372,0.0085607994755655
23373,0.0084816373764169
23374,0.0085392745016796
23375,0.008460112402531
23376,0.0418571372893646
23377,0.041777975190216
23378,0.0418356123154787
23379,0.0417564502163301
23380,0.0418290412396355
23381,0.0417498791404869
23382,0.0418075162657496
23383,0.041728354166601
23384,0.082435853125111
23385,0.0823566910259624
23386,0.0824143281512251
23387,0.0823351660520765
23388,0.0824077570753819
23389,0.0823285949762333
23390,0.082386232101496
23391,0.0823070700023474
23392,-0.0324162306176569
23393,-0.0324953927168055
23394,-0.0324377555915428
23395,-0.0325169176906914
23396,-0.0324443266673859
23397,-0.0325234887665346
23398,-0.0324658516412718
23399,-0.0325450137404205
23400,0.0081624852180894
23401,0.0080833231189408
23402,0.0081409602442035
23403,0.0080617981450549
23404,0.0081343891683603
23405,0.0080552270692117
23406,0.0081128641944745
23407,0.0080337020953258
23408,0.0414307269821594
23409,0.0413515648830108
23410,0.0414092020082735
23411,0.0413300399091249
23412,0.0414026309324303
23413,0.0413234688332817
23414,0.0413811059585445
23415,0.0413019438593958
23416,0.0820094428179058
23417,0.0819302807187572
23418,0.0819879178440199
23419,0.0819087557448713
23420,0.0819813467681767
23421,0.0819021846690281
23422,0.0819598217942909
23423,0.0818806596951422
23424,-0.0358938064437386
23425,-0.0359729685428873
23426,-0.0359153314176245
23427,-0.0359944935167731
23428,-0.0359219024934677
23429,-0.0360010645926163
23430,-0.0359434274673536
23431,-0.0360225895665022
23432,0.0046849093920077
23433,0.004605747292859
23434,0.0046633844181218
23435,0.0045842223189731
23436,0.0046568133422786
23437,0.00457765124313
23438,0.0046352883683927
23439,0.0045561262692441
23440,0.0379531511560777
23441,0.037873989056929
23442,0.0379316261821918
23443,0.0378524640830431
23444,0.0379250551063486
23445,0.0378458930072
23446,0.0379035301324627
23447,0.0378243680333141
23448,0.0785318669918241
23449,0.0784527048926754
23450,0.0785103420179382
23451,0.0784311799187895
23452,0.078503770942095
23453,0.0784246088429463
23454,0.0784822459682091
23455,0.0784030838690605
23456,-0.0363202167509438
23457,-0.0363993788500924
23458,-0.0363417417248297
23459,-0.0364209038239783
23460,-0.0363483128006729
23461,-0.0364274748998215
23462,-0.0363698377745588
23463,-0.0364489998737074
23464,0.0042584990848025
23465,0.0041793369856538
23466,0.0042369741109166
23467,0.004157812011768
23468,0.0042304030350734
23469,0.0041512409359248
23470,0.0042088780611875
23471,0.0041297159620389
23472,0.0375267408488725
23473,0.0374475787497238
23474,0.0375052158749866
23475,0.037426053775838
23476,0.0374986447991434
23477,0.0374194826999948
23478,0.0374771198252575
23479,0.0373979577261089
23480,0.0781054566846189
23481,0.0780262945854703
23482,0.078083931710733
23483,0.0780047696115844
23484,0.0780773606348898
23485,0.0779981985357412
23486,0.0780558356610039
23487,0.0779766735618553
23488,-0.0323709050797152
23489,-0.0324500671788638
23490,-0.032392430053601
23491,-0.0324715921527497
23492,-0.0323990011294442
23493,-0.0324781632285929
23494,-0.0324205261033301
23495,-0.0324996882024787
23496,0.0082078107560311
23497,0.0081286486568825
23498,0.0081862857821452
23499,0.0081071236829966
23500,0.0081797147063021
23501,0.0081005526071534
23502,0.0081581897324162
23503,0.0080790276332675
23504,0.0414760525201011
23505,0.0413968904209525
23506,0.0414545275462152
23507,0.0413753654470666
23508,0.0414479564703721
23509,0.0413687943712234
23510,0.0414264314964862
23511,0.0413472693973375
23512,0.0820547683558475
23513,0.0819756062566989
23514,0.0820332433819616
23515,0.081954081282813
23516,0.0820266723061185
23517,0.0819475102069698
23518,0.0820051473322326
23519,0.0819259852330839
23520,-0.0327973153869204
23521,-0.032876477486069
23522,-0.0328188403608062
23523,-0.0328980024599549
23524,-0.0328254114366494
23525,-0.0329045735357981
23526,-0.0328469364105353
23527,-0.0329260985096839
23528,0.0077814004488259
23529,0.0077022383496773
23530,0.0077598754749401
23531,0.0076807133757914
23532,0.0077533043990969
23533,0.0076741422999482
23534,0.007731779425211
23535,0.0076526173260624
23536,0.0410496422128959
23537,0.0409704801137473
23538,0.0410281172390101
23539,0.0409489551398614
23540,0.0410215461631669
23541,0.0409423840640182
23542,0.041000021189281
23543,0.0409208590901324
23544,0.0816283580486423
23545,0.0815491959494937
23546,0.0816068330747565
23547,0.0815276709756078
23548,0.0816002619989133
23549,0.0815210998997646
23550,0.0815787370250274
23551,0.0814995749258788
23552,-0.0630002784827229
23553,-0.0630794405818715
23554,-0.0630218034566087
23555,-0.0631009655557574
23556,-0.0630283745324519
23557,-0.0631075366316005
23558,-0.0630498995063378
23559,-0.0631290616054864
23560,-0.0224215626469765
23561,-0.0225007247461251
23562,-0.0224430876208623
23563,-0.022522249720011
23564,-0.0224496586967055
23565,-0.0225288207958542
23566,-0.0224711836705914
23567,-0.02255034576974
23568,0.0108466791170934
23569,0.0107675170179448
23570,0.0108251541432076
23571,0.0107459920440589
23572,0.0108185830673644
23573,0.0107394209682157
23574,0.0107970580934785
23575,0.0107178959943299
23576,0.0514253949528398
23577,0.0513462328536912
23578,0.051403869978954
23579,0.0513247078798053
23580,0.0513972989031108
23581,0.0513181368039621
23582,0.0513757739292249
23583,0.0512966118300763
23584,-0.063426688789928
23585,-0.0635058508890767
23586,-0.0634482137638139
23587,-0.0635273758629625
23588,-0.0634547848396571
23589,-0.0635339469388057
23590,-0.063476309813543
23591,-0.0635554719126916
23592,-0.0228479729541816
23593,-0.0229271350533303
23594,-0.0228694979280675
23595,-0.0229486600272161
23596,-0.0228760690039107
23597,-0.0229552311030593
23598,-0.0228975939777966
23599,-0.0229767560769452
23600,0.0104202688098883
23601,0.0103411067107396
23602,0.0103987438360024
23603,0.0103195817368537
23604,0.0103921727601592
23605,0.0103130106610106
23606,0.0103706477862733
23607,0.0102914856871247
23608,0.0509989846456346
23609,0.050919822546486
23610,0.0509774596717488
23611,0.0508982975726001
23612,0.0509708885959056
23613,0.0508917264967569
23614,0.0509493636220197
23615,0.0508702015228711
23616,-0.0594773771186994
23617,-0.059556539217848
23618,-0.0594989020925853
23619,-0.0595780641917339
23620,-0.0595054731684285
23621,-0.0595846352675771
23622,-0.0595269981423143
23623,-0.059606160241463
23624,-0.018898661282953
23625,-0.0189778233821016
23626,-0.0189201862568389
23627,-0.0189993483559875
23628,-0.0189267573326821
23629,-0.0190059194318307
23630,-0.0189482823065679
23631,-0.0190274444057166
23632,0.0143695804811169
23633,0.0142904183819683
23634,0.014348055507231
23635,0.0142688934080824
23636,0.0143414844313878
23637,0.0142623223322392
23638,0.014319959457502
23639,0.0142407973583533
23640,0.0549482963168633
23641,0.0548691342177147
23642,0.0549267713429774
23643,0.0548476092438288
23644,0.0549202002671342
23645,0.0548410381679856
23646,0.0548986752932484
23647,0.0548195131940997
23648,-0.0599037874259046
23649,-0.0599829495250532
23650,-0.0599253123997904
23651,-0.0600044744989391
23652,-0.0599318834756336
23653,-0.0600110455747823
23654,-0.0599534084495195
23655,-0.0600325705486681
23656,-0.0193250715901582
23657,-0.0194042336893068
23658,-0.0193465965640441
23659,-0.0194257586631927
23660,-0.0193531676398872
23661,-0.0194323297390359
23662,-0.0193746926137731
23663,-0.0194538547129218
23664,0.0139431701739117
23665,0.0138640080747631
23666,0.0139216452000258
23667,0.0138424831008772
23668,0.0139150741241827
23669,0.013835912025034
23670,0.0138935491502968
23671,0.0138143870511481
23672,0.0545218860096581
23673,0.0544427239105095
23674,0.0545003610357722
23675,0.0544211989366236
23676,0.054493789959929
23677,0.0544146278607804
23678,0.0544722649860432
23679,0.0543931028868945
23680,-0.0633813632519863
23681,-0.063460525351135
23682,-0.0634028882258722
23683,-0.0634820503250208
23684,-0.0634094593017154
23685,-0.063488621400864
23686,-0.0634309842756012
23687,-0.0635101463747499
23688,-0.0228026474162399
23689,-0.0228818095153886
23690,-0.0228241723901258
23691,-0.0229033344892744
23692,-0.022830743465969
23693,-0.0229099055651176
23694,-0.0228522684398549
23695,-0.0229314305390035
23696,0.01046559434783
23697,0.0103864322486813
23698,0.0104440693739441
23699,0.0103649072747955
23700,0.0104374982981009
23701,0.0103583361989523
23702,0.010415973324215
23703,0.0103368112250664
23704,0.0510443101835764
23705,0.0509651480844277
23706,0.0510227852096905
23707,0.0509436231105418
23708,0.0510162141338473
23709,0.0509370520346987
23710,0.0509946891599614
23711,0.0509155270608128
23712,-0.0638077735591915
23713,-0.0638869356583401
23714,-0.0638292985330774
23715,-0.063908460632226
23716,-0.0638358696089206
23717,-0.0639150317080692
23718,-0.0638573945828065
23719,-0.0639365566819551
23720,-0.0232290577234451
23721,-0.0233082198225937
23722,-0.023250582697331
23723,-0.0233297447964796
23724,-0.0232571537731742
23725,-0.0233363158723228
23726,-0.02327867874706
23727,-0.0233578408462087
23728,0.0100391840406248
23729,0.0099600219414762
23730,0.0100176590667389
23731,0.0099384969675903
23732,0.0100110879908957
23733,0.0099319258917471
23734,0.0099895630170098
23735,0.0099104009178612
23736,0.0506178998763712
23737,0.0505387377772225
23738,0.0505963749024853
23739,0.0505172128033367
23740,0.0505898038266421
23741,0.0505106417274935
23742,0.0505682788527562
23743,0.0504891167536076
23744,-0.0598584618879628
23745,-0.0599376239871115
23746,-0.0598799868618487
23747,-0.0599591489609974
23748,-0.0598865579376919
23749,-0.0599657200368406
23750,-0.0599080829115778
23751,-0.0599872450107264
23752,-0.0192797460522165
23753,-0.0193589081513651
23754,-0.0193012710261023
23755,-0.019380433125251
23756,-0.0193078421019455
23757,-0.0193870042010942
23758,-0.0193293670758314
23759,-0.01940852917498
23760,0.0139884957118534
23761,0.0139093336127048
23762,0.0139669707379676
23763,0.0138878086388189
23764,0.0139603996621244
23765,0.0138812375629757
23766,0.0139388746882385
23767,0.0138597125890899
23768,0.0545672115475998
23769,0.0544880494484512
23770,0.0545456865737139
23771,0.0544665244745653
23772,0.0545391154978708
23773,0.0544599533987221
23774,0.0545175905239849
23775,0.0544384284248362
23776,-0.060284872195168
23777,-0.0603640342943167
23778,-0.0603063971690539
23779,-0.0603855592682025
23780,-0.0603129682448971
23781,-0.0603921303440457
23782,-0.060334493218783
23783,-0.0604136553179316
23784,-0.0197061563594216
23785,-0.0197853184585703
23786,-0.0197276813333075
23787,-0.0198068434324562
23788,-0.0197342524091507
23789,-0.0198134145082993
23790,-0.0197557773830366
23791,-0.0198349394821852
23792,0.0135620854046483
23793,0.0134829233054996
23794,0.0135405604307624
23795,0.0134613983316137
23796,0.0135339893549192
23797,0.0134548272557706
23798,0.0135124643810333
23799,0.0134333022818847
23800,0.0541408012403946
23801,0.054061639141246
23802,0.0541192762665088
23803,0.0540401141673601
23804,0.0541127051906656
23805,0.0540335430915169
23806,0.0540911802167797
23807,0.0540120181176311
23808,-0.0580286548212382
23809,-0.0581078169203868
23810,-0.058050179795124
23811,-0.0581293418942727
23812,-0.0580567508709672
23813,-0.0581359129701159
23814,-0.0580782758448531
23815,-0.0581574379440017
23816,-0.0174499389854918
23817,-0.0175291010846404
23818,-0.0174714639593777
23819,-0.0175506260585263
23820,-0.0174780350352208
23821,-0.0175571971343695
23822,-0.0174995600091067
23823,-0.0175787221082554
23824,0.0158183027785781
23825,0.0157391406794295
23826,0.0157967778046922
23827,0.0157176157055436
23828,0.0157902067288491
23829,0.0157110446297004
23830,0.0157686817549632
23831,0.0156895196558145
23832,0.0563970186143245
23833,0.0563178565151759
23834,0.0563754936404386
23835,0.05629633154129
23836,0.0563689225645954
23837,0.0562897604654468
23838,0.0563473975907096
23839,0.0562682354915609
23840,-0.0584550651284434
23841,-0.058534227227592
23842,-0.0584765901023292
23843,-0.0585557522014779
23844,-0.0584831611781724
23845,-0.058562323277321
23846,-0.0585046861520583
23847,-0.0585838482512069
23848,-0.017876349292697
23849,-0.0179555113918456
23850,-0.0178978742665828
23851,-0.0179770363657315
23852,-0.017904445342426
23853,-0.0179836074415747
23854,-0.0179259703163119
23855,-0.0180051324154605
23856,0.0153918924713729
23857,0.0153127303722243
23858,0.0153703674974871
23859,0.0152912053983384
23860,0.0153637964216439
23861,0.0152846343224952
23862,0.015342271447758
23863,0.0152631093486094
23864,0.0559706083071193
23865,0.0558914462079707
23866,0.0559490833332334
23867,0.0558699212340848
23868,0.0559425122573903
23869,0.0558633501582416
23870,0.0559209872835044
23871,0.0558418251843557
23872,-0.0545057534572147
23873,-0.0545849155563633
23874,-0.0545272784311006
23875,-0.0546064405302492
23876,-0.0545338495069438
23877,-0.0546130116060924
23878,-0.0545553744808296
23879,-0.0546345365799783
23880,-0.0139270376214683
23881,-0.014006199720617
23882,-0.0139485625953542
23883,-0.0140277246945028
23884,-0.0139551336711974
23885,-0.014034295770346
23886,-0.0139766586450833
23887,-0.0140558207442319
23888,0.0193412041426016
23889,0.0192620420434529
23890,0.0193196791687157
23891,0.0192405170695671
23892,0.0193131080928725
23893,0.0192339459937239
23894,0.0192915831189866
23895,0.019212421019838
23896,0.059919919978348
23897,0.0598407578791993
23898,0.0598983950044621
23899,0.0598192329053135
23900,0.0598918239286189
23901,0.0598126618294703
23902,0.059870298954733
23903,0.0597911368555844
23904,-0.0549321637644199
23905,-0.0550113258635685
23906,-0.0549536887383058
23907,-0.0550328508374544
23908,-0.0549602598141489
23909,-0.0550394219132976
23910,-0.0549817847880348
23911,-0.0550609468871835
23912,-0.0143534479286735
23913,-0.0144326100278221
23914,-0.0143749729025594
23915,-0.014454135001708
23916,-0.0143815439784026
23917,-0.0144607060775512
23918,-0.0144030689522884
23919,-0.0144822310514371
23920,0.0189147938353964
23921,0.0188356317362478
23922,0.0188932688615105
23923,0.0188141067623619
23924,0.0188866977856673
23925,0.0188075356865187
23926,0.0188651728117815
23927,0.0187860107126328
23928,0.0594935096711428
23929,0.0594143475719941
23930,0.0594719846972569
23931,0.0593928225981083
23932,0.0594654136214137
23933,0.0593862515222651
23934,0.0594438886475278
23935,0.0593647265483792
23936,-0.0584097395905016
23937,-0.0584889016896503
23938,-0.0584312645643875
23939,-0.0585104266635361
23940,-0.0584378356402307
23941,-0.0585169977393793
23942,-0.0584593606141166
23943,-0.0585385227132652
23944,-0.0178310237547552
23945,-0.0179101858539039
23946,-0.0178525487286411
23947,-0.0179317108277898
23948,-0.0178591198044843
23949,-0.0179382819036329
23950,-0.0178806447783702
23951,-0.0179598068775188
23952,0.0154372180093147
23953,0.015358055910166
23954,0.0154156930354288
23955,0.0153365309362801
23956,0.0154091219595856
23957,0.015329959860437
23958,0.0153875969856997
23959,0.0153084348865511
23960,0.056015933845061
23961,0.0559367717459124
23962,0.0559944088711752
23963,0.0559152467720265
23964,0.055987837795332
23965,0.0559086756961833
23966,0.0559663128214461
23967,0.0558871507222975
23968,-0.0588361498977068
23969,-0.0589153119968555
23970,-0.0588576748715927
23971,-0.0589368369707413
23972,-0.0588642459474359
23973,-0.0589434080465845
23974,-0.0588857709213217
23975,-0.0589649330204704
23976,-0.0182574340619604
23977,-0.0183365961611091
23978,-0.0182789590358463
23979,-0.0183581211349949
23980,-0.0182855301116895
23981,-0.0183646922108381
23982,-0.0183070550855754
23983,-0.018386217184724
23984,0.0150108077021095
23985,0.0149316456029608
23986,0.0149892827282236
23987,0.014910120629075
23988,0.0149827116523804
23989,0.0149035495532318
23990,0.0149611866784945
23991,0.0148820245793459
23992,0.0555895235378559
23993,0.0555103614387072
23994,0.05556799856397
23995,0.0554888364648213
23996,0.0555614274881268
23997,0.0554822653889782
23998,0.0555399025142409
23999,0.0554607404150923
24000,-0.0548868382264782
24001,-0.0549660003256268
24002,-0.054908363200364
24003,-0.0549875252995127
24004,-0.0549149342762072
24005,-0.0549940963753559
24006,-0.0549364592500931
24007,-0.0550156213492417
24008,-0.0143081223907318
24009,-0.0143872844898804
24010,-0.0143296473646177
24011,-0.0144088094637663
24012,-0.0143362184404608
24013,-0.0144153805396095
24014,-0.0143577434143467
24015,-0.0144369055134954
24016,0.0189601193733381
24017,0.0188809572741895
24018,0.0189385943994522
24019,0.0188594323003036
24020,0.018932023323609
24021,0.0188528612244604
24022,0.0189104983497232
24023,0.0188313362505745
24024,0.0595388352090845
24025,0.0594596731099359
24026,0.0595173102351986
24027,0.05943814813605
24028,0.0595107391593554
24029,0.0594315770602068
24030,0.0594892141854696
24031,0.0594100520863209
24032,-0.0553132485336834
24033,-0.055392410632832
24034,-0.0553347735075692
24035,-0.0554139356067179
24036,-0.0553413445834124
24037,-0.0554205066825611
24038,-0.0553628695572983
24039,-0.0554420316564469
24040,-0.014734532697937
24041,-0.0148136947970856
24042,-0.0147560576718228
24043,-0.0148352197709715
24044,-0.014762628747666
24045,-0.0148417908468147
24046,-0.0147841537215519
24047,-0.0148633158207005
24048,0.0185337090661329
24049,0.0184545469669843
24050,0.0185121840922471
24051,0.0184330219930984
24052,0.0185056130164039
24053,0.0184264509172552
24054,0.018484088042518
24055,0.0184049259433694
24056,0.0591124249018793
24057,0.0590332628027307
24058,0.0590908999279934
24059,0.0590117378288448
24060,0.0590843288521503
24061,0.0590051667530016
24062,0.0590628038782644
24063,0.0589836417791157
24064,-0.0404121430129799
24065,-0.0404913051121285
24066,-0.0404336679868657
24067,-0.0405128300860144
24068,-0.0404402390627089
24069,-0.0405194011618576
24070,-0.0404617640365948
24071,-0.0405409261357434
24072,0.0001665728227664
24073,8.74107236178349e-05
24074,0.0001450478488805
24075,6.588574973195685e-05
24076,0.0001384767730374
24077,5.931467388876992e-05
24078,0.0001169517991515
24079,3.7789700002891874e-05
24080,0.0334348145868364
24081,0.0333556524876878
24082,0.0334132896129505
24083,0.0333341275138019
24084,0.0334067185371074
24085,0.0333275564379587
24086,0.0333851935632215
24087,0.0333060314640728
24088,0.0740135304225828
24089,0.0739343683234342
24090,0.0739920054486969
24091,0.0739128433495483
24092,0.0739854343728537
24093,0.0739062722737051
24094,0.0739639093989679
24095,0.0738847472998192
24096,-0.040838553320185
24097,-0.0409177154193337
24098,-0.0408600782940709
24099,-0.0409392403932196
24100,-0.0408666493699141
24101,-0.0409458114690628
24102,-0.0408881743438
24103,-0.0409673364429486
24104,-0.0002598374844387
24105,-0.0003389995835873
24106,-0.0002813624583245
24107,-0.0003605245574732
24108,-0.0002879335341677
24109,-0.0003670956333164
24110,-0.0003094585080536
24111,-0.0003886206072022
24112,0.0330084042796312
24113,0.0329292421804826
24114,0.0329868793057454
24115,0.0329077172065967
24116,0.0329803082299022
24117,0.0329011461307535
24118,0.0329587832560163
24119,0.0328796211568677
24120,0.0735871201153776
24121,0.073507958016229
24122,0.0735655951414917
24123,0.0734864330423431
24124,0.0735590240656486
24125,0.0734798619664999
24126,0.0735374990917627
24127,0.073458336992614
24128,-0.0368892416489564
24129,-0.036968403748105
24130,-0.0369107666228423
24131,-0.0369899287219909
24132,-0.0369173376986855
24133,-0.0369964997978341
24134,-0.0369388626725714
24135,-0.03701802477172
24136,0.0036894741867899
24137,0.0036103120876412
24138,0.003667949212904
24139,0.0035887871137554
24140,0.0036613781370608
24141,0.0035822160379122
24142,0.0036398531631749
24143,0.0035606910640263
24144,0.0369577159508599
24145,0.0368785538517112
24146,0.036936190976974
24147,0.0368570288778254
24148,0.0369296199011308
24149,0.0368504578019822
24150,0.0369080949272449
24151,0.0368289328280963
24152,0.0775364317866063
24153,0.0774572696874576
24154,0.0775149068127204
24155,0.0774357447135718
24156,0.0775083357368772
24157,0.0774291736377286
24158,0.0774868107629913
24159,0.0774076486638427
24160,-0.0373156519561616
24161,-0.0373948140553102
24162,-0.0373371769300475
24163,-0.0374163390291961
24164,-0.0373437480058907
24165,-0.0374229101050393
24166,-0.0373652729797765
24167,-0.0374444350789252
24168,0.0032630638795847
24169,0.0031839017804361
24170,0.0032415389056988
24171,0.0031623768065502
24172,0.0032349678298556
24173,0.003155805730707
24174,0.0032134428559698
24175,0.0031342807568211
24176,0.0365313056436547
24177,0.0364521435445061
24178,0.0365097806697688
24179,0.0364306185706202
24180,0.0365032095939256
24181,0.036424047494777
24182,0.0364816846200398
24183,0.0364025225208911
24184,0.0771100214794011
24185,0.0770308593802525
24186,0.0770884965055152
24187,0.0770093344063666
24188,0.077081925429672
24189,0.0770027633305234
24190,0.0770604004557861
24191,0.0769812383566375
24192,-0.0407932277822433
24193,-0.040872389881392
24194,-0.0408147527561292
24195,-0.0408939148552779
24196,-0.0408213238319724
24197,-0.040900485931121
24198,-0.0408428488058583
24199,-0.0409220109050069
24200,-0.0002145119464969
24201,-0.0002936740456456
24202,-0.0002360369203828
24203,-0.0003151990195315
24204,-0.000242607996226
24205,-0.0003217700953746
24206,-0.0002641329701119
24207,-0.0003432950692605
24208,0.033053729817573
24209,0.0329745677184243
24210,0.0330322048436871
24211,0.0329530427445384
24212,0.0330256337678439
24213,0.0329464716686952
24214,0.033004108793958
24215,0.0329249466948094
24216,0.0736324456533193
24217,0.0735532835541707
24218,0.0736109206794335
24219,0.0735317585802848
24220,0.0736043496035903
24221,0.0735251875044416
24222,0.0735828246297044
24223,0.0735036625305558
24224,-0.0412196380894485
24225,-0.0412988001885972
24226,-0.0412411630633344
24227,-0.041320325162483
24228,-0.0412477341391776
24229,-0.0413268962383262
24230,-0.0412692591130635
24231,-0.0413484212122121
24232,-0.0006409222537021
24233,-0.0007200843528508
24234,-0.000662447227588
24235,-0.0007416093267366
24236,-0.0006690183034312
24237,-0.0007481804025798
24238,-0.0006905432773171
24239,-0.0007697053764657
24240,0.0326273195103678
24241,0.0325481574112191
24242,0.0326057945364819
24243,0.0325266324373333
24244,0.0325992234606387
24245,0.0325200613614901
24246,0.0325776984867528
24247,0.0324985363876042
24248,0.0732060353461142
24249,0.0731268732469655
24250,0.0731845103722283
24251,0.0731053482730796
24252,0.0731779392963851
24253,0.0730987771972365
24254,0.0731564143224992
24255,0.0730772522233506
24256,-0.0372703264182199
24257,-0.0373494885173685
24258,-0.0372918513921058
24259,-0.0373710134912544
24260,-0.0372984224679489
24261,-0.0373775845670976
24262,-0.0373199474418348
24263,-0.0373991095409835
24264,0.0033083894175264
24265,0.0032292273183778
24266,0.0032868644436405
24267,0.0032077023444919
24268,0.0032802933677973
24269,0.0032011312686487
24270,0.0032587683939115
24271,0.0031796062947628
24272,0.0365766311815964
24273,0.0364974690824478
24274,0.0365551062077105
24275,0.0364759441085619
24276,0.0365485351318673
24277,0.0364693730327187
24278,0.0365270101579815
24279,0.0364478480588328
24280,0.0771553470173428
24281,0.0770761849181942
24282,0.0771338220434569
24283,0.0770546599443083
24284,0.0771272509676137
24285,0.0770480888684651
24286,0.0771057259937279
24287,0.0770265638945792
24288,-0.0376967367254251
24289,-0.0377758988245737
24290,-0.0377182616993109
24291,-0.0377974237984596
24292,-0.0377248327751541
24293,-0.0378039948743028
24294,-0.03774635774904
24295,-0.0378255198481886
24296,0.0028819791103212
24297,0.0028028170111726
24298,0.0028604541364354
24299,0.0027812920372867
24300,0.0028538830605922
24301,0.0027747209614435
24302,0.0028323580867063
24303,0.0027531959875576
24304,0.0361502208743912
24305,0.0360710587752426
24306,0.0361286959005053
24307,0.0360495338013567
24308,0.0361221248246622
24309,0.0360429627255135
24310,0.0361005998507763
24311,0.0360214377516276
24312,0.0767289367101376
24313,0.076649774610989
24314,0.0767074117362518
24315,0.0766282496371031
24316,0.0767008406604086
24317,0.0766216785612599
24318,0.0766793156865227
24319,0.076600153587374
24320,-0.0354405193514952
24321,-0.0355196814506438
24322,-0.0354620443253811
24323,-0.0355412064245297
24324,-0.0354686154012243
24325,-0.0355477775003729
24326,-0.0354901403751101
24327,-0.0355693024742588
24328,0.0051381964842511
24329,0.0050590343851025
24330,0.0051166715103652
24331,0.0050375094112166
24332,0.005110100434522
24333,0.0050309383353734
24334,0.0050885754606362
24335,0.0050094133614875
24336,0.0384064382483211
24337,0.0383272761491725
24338,0.0383849132744352
24339,0.0383057511752866
24340,0.038378342198592
24341,0.0382991800994434
24342,0.0383568172247062
24343,0.0382776551255575
24344,0.0789851540840675
24345,0.0789059919849189
24346,0.0789636291101816
24347,0.078884467011033
24348,0.0789570580343384
24349,0.0788778959351898
24350,0.0789355330604525
24351,0.0788563709613039
24352,-0.0358669296587004
24353,-0.035946091757849
24354,-0.0358884546325862
24355,-0.0359676167317349
24356,-0.0358950257084294
24357,-0.0359741878075781
24358,-0.0359165506823153
24359,-0.035995712781464
24360,0.0047117861770459
24361,0.0046326240778973
24362,0.00469026120316
24363,0.0046110991040114
24364,0.0046836901273169
24365,0.0046045280281682
24366,0.004662165153431
24367,0.0045830030542823
24368,0.0379800279411159
24369,0.0379008658419673
24370,0.03795850296723
24371,0.0378793408680814
24372,0.0379519318913868
24373,0.0378727697922382
24374,0.037930406917501
24375,0.0378512448183523
24376,0.0785587437768623
24377,0.0784795816777137
24378,0.0785372188029764
24379,0.0784580567038278
24380,0.0785306477271333
24381,0.0784514856279846
24382,0.0785091227532474
24383,0.0784299606540987
24384,-0.0319176179874717
24385,-0.0319967800866204
24386,-0.0319391429613576
24387,-0.0320183050605062
24388,-0.0319457140372008
24389,-0.0320248761363494
24390,-0.0319672390110867
24391,-0.0320464011102353
24392,0.0086610978482746
24393,0.0085819357491259
24394,0.0086395728743887
24395,0.00856041077524
24396,0.0086330017985455
24397,0.0085538396993969
24398,0.0086114768246596
24399,0.008532314725511
24400,0.0419293396123446
24401,0.0418501775131959
24402,0.0419078146384587
24403,0.04182865253931
24404,0.0419012435626155
24405,0.0418220814634669
24406,0.0418797185887296
24407,0.041800556489581
24408,0.0825080554480909
24409,0.0824288933489423
24410,0.0824865304742051
24411,0.0824073683750565
24412,0.0824799593983619
24413,0.0824007972992133
24414,0.082458434424476
24415,0.0823792723253274
24416,-0.0323440282946769
24417,-0.0324231903938255
24418,-0.0323655532685628
24419,-0.0324447153677114
24420,-0.032372124344406
24421,-0.0324512864435546
24422,-0.0323936493182919
24423,-0.0324728114174405
24424,0.0082346875410694
24425,0.0081555254419207
24426,0.0082131625671835
24427,0.0081340004680349
24428,0.0082065914913403
24429,0.0081274293921917
24430,0.0081850665174544
24431,0.0081059044183058
24432,0.0415029293051394
24433,0.0414237672059907
24434,0.0414814043312535
24435,0.0414022422321049
24436,0.0414748332554103
24437,0.0413956711562617
24438,0.0414533082815244
24439,0.0413741461823758
24440,0.0820816451408858
24441,0.0820024830417371
24442,0.0820601201669999
24443,0.0819809580678512
24444,0.0820535490911567
24445,0.0819743869920081
24446,0.0820320241172708
24447,0.0819528620181222
24448,-0.0358216041207587
24449,-0.0359007662199073
24450,-0.0358431290946445
24451,-0.0359222911937932
24452,-0.0358497001704877
24453,-0.0359288622696364
24454,-0.0358712251443736
24455,-0.0359503872435222
24456,0.0047571117149876
24457,0.004677949615839
24458,0.0047355867411018
24459,0.0046564246419531
24460,0.0047290156652586
24461,0.0046498535661099
24462,0.0047074906913727
24463,0.0046283285922241
24464,0.0380253534790576
24465,0.037946191379909
24466,0.0380038285051718
24467,0.0379246664060231
24468,0.0379972574293286
24469,0.0379180953301799
24470,0.0379757324554427
24471,0.037896570356294
24472,0.078604069314804
24473,0.0785249072156554
24474,0.0785825443409182
24475,0.0785033822417695
24476,0.078575973265075
24477,0.0784968111659263
24478,0.0785544482911891
24479,0.0784752861920404
24480,-0.0362480144279638
24481,-0.0363271765271125
24482,-0.0362695394018497
24483,-0.0363487015009984
24484,-0.0362761104776929
24485,-0.0363552725768415
24486,-0.0362976354515788
24487,-0.0363767975507274
24488,0.0043307014077824
24489,0.0042515393086338
24490,0.0043091764338966
24491,0.0042300143347479
24492,0.0043026053580534
24493,0.0042234432589047
24494,0.0042810803841675
24495,0.0042019182850189
24496,0.0375989431718524
24497,0.0375197810727038
24498,0.0375774181979666
24499,0.0374982560988179
24500,0.0375708471221234
24501,0.0374916850229747
24502,0.0375493221482375
24503,0.0374701600490889
24504,0.0781776590075988
24505,0.0780984969084502
24506,0.0781561340337129
24507,0.0780769719345643
24508,0.0781495629578698
24509,0.0780704008587211
24510,0.0781280379839839
24511,0.0780488758848353
24512,-0.0322987027567352
24513,-0.0323778648558838
24514,-0.0323202277306211
24515,-0.0323993898297697
24516,-0.0323267988064643
24517,-0.0324059609056129
24518,-0.0323483237803501
24519,-0.0324274858794988
24520,0.0082800130790111
24521,0.0082008509798625
24522,0.0082584881051252
24523,0.0081793260059766
24524,0.008251917029282
24525,0.0081727549301334
24526,0.0082303920553961
24527,0.0081512299562475
24528,0.0415482548430811
24529,0.0414690927439325
24530,0.0415267298691952
24531,0.0414475677700466
24532,0.041520158793352
24533,0.0414409966942034
24534,0.0414986338194661
24535,0.0414194717203175
24536,0.0821269706788275
24537,0.0820478085796788
24538,0.0821054457049416
24539,0.082026283605793
24540,0.0820988746290984
24541,0.0820197125299498
24542,0.0820773496552125
24543,0.0819981875560639
24544,-0.0327251130639404
24545,-0.032804275163089
24546,-0.0327466380378263
24547,-0.0328258001369749
24548,-0.0327532091136694
24549,-0.0328323712128181
24550,-0.0327747340875553
24551,-0.032853896186704
24552,0.0078536027718059
24553,0.0077744406726573
24554,0.00783207779792
24555,0.0077529156987714
24556,0.0078255067220768
24557,0.0077463446229282
24558,0.007803981748191
24559,0.0077248196490423
24560,0.0411218445358759
24561,0.0410426824367273
24562,0.04110031956199
24563,0.0410211574628414
24564,0.0410937484861468
24565,0.0410145863869982
24566,0.041072223512261
24567,0.0409930614131123
24568,0.0817005603716223
24569,0.0816213982724737
24570,0.0816790353977364
24571,0.0815998732985878
24572,0.0816724643218932
24573,0.0815933022227446
24574,0.0816509393480073
24575,0.0815717772488587
24576,-0.0816874040662887
24577,-0.0817665661654373
24578,-0.0817089290401746
24579,-0.0817880911393232
24580,-0.0817155001160177
24581,-0.0817946622151664
24582,-0.0817370250899036
24583,-0.0818161871890522
24584,-0.0411086882305423
24585,-0.0411878503296909
24586,-0.0411302132044282
24587,-0.0412093753035768
24588,-0.0411367842802713
24589,-0.04121594637942
24590,-0.0411583092541572
24591,-0.0412374713533059
24592,-0.0078404464664723
24593,-0.0079196085656209
24594,-0.0078619714403582
24595,-0.0079411335395068
24596,-0.0078685425162013
24597,-0.00794770461535
24598,-0.0078900674900872
24599,-0.0079692295892359
24600,0.032738269369274
24601,0.0326591072701254
24602,0.0327167443953881
24603,0.0326375822962395
24604,0.0327101733195449
24605,0.0326310112203963
24606,0.0326886483456591
24607,0.0326094862465104
24608,-0.0821138143734938
24609,-0.0821929764726425
24610,-0.0821353393473797
24611,-0.0822145014465284
24612,-0.0821419104232229
24613,-0.0822210725223716
24614,-0.0821634353971088
24615,-0.0822425974962574
24616,-0.0415350985377475
24617,-0.0416142606368961
24618,-0.0415566235116333
24619,-0.041635785610782
24620,-0.0415631945874765
24621,-0.0416423566866252
24622,-0.0415847195613624
24623,-0.041663881660511
24624,-0.0082668567736775
24625,-0.0083460188728261
24626,-0.0082883817475633
24627,-0.008367543846712
24628,-0.0082949528234065
24629,-0.0083741149225552
24630,-0.0083164777972924
24631,-0.008395639896441
24632,0.0323118590620688
24633,0.0322326969629202
24634,0.0322903340881829
24635,0.0322111719890343
24636,0.0322837630123398
24637,0.0322046009131911
24638,0.0322622380384539
24639,0.0321830759393052
24640,-0.0781645027022652
24641,-0.0782436648014138
24642,-0.0781860276761511
24643,-0.0782651897752997
24644,-0.0781925987519943
24645,-0.0782717608511429
24646,-0.0782141237258802
24647,-0.0782932858250288
24648,-0.0375857868665188
24649,-0.0376649489656675
24650,-0.0376073118404047
24651,-0.0376864739395533
24652,-0.0376138829162479
24653,-0.0376930450153965
24654,-0.0376354078901338
24655,-0.0377145699892824
24656,-0.0043175451024488
24657,-0.0043967072015975
24658,-0.0043390700763347
24659,-0.0044182321754833
24660,-0.0043456411521779
24661,-0.0044248032513265
24662,-0.0043671661260638
24663,-0.0044463282252124
24664,0.0362611707332975
24665,0.0361820086341488
24666,0.0362396457594116
24667,0.036160483660263
24668,0.0362330746835684
24669,0.0361539125844198
24670,0.0362115497096825
24671,0.0361323876105339
24672,-0.0785909130094704
24673,-0.078670075108619
24674,-0.0786124379833563
24675,-0.0786916000825049
24676,-0.0786190090591994
24677,-0.0786981711583481
24678,-0.0786405340330853
24679,-0.078719696132234
24680,-0.038012197173724
24681,-0.0380913592728726
24682,-0.0380337221476099
24683,-0.0381128842467585
24684,-0.0380402932234531
24685,-0.0381194553226017
24686,-0.038061818197339
24687,-0.0381409802964876
24688,-0.004743955409654
24689,-0.0048231175088026
24690,-0.0047654803835399
24691,-0.0048446424826885
24692,-0.0047720514593831
24693,-0.0048512135585317
24694,-0.0047935764332689
24695,-0.0048727385324176
24696,0.0358347604260923
24697,0.0357555983269436
24698,0.0358132354522064
24699,0.0357340733530578
24700,0.0358066643763632
24701,0.0357275022772146
24702,0.0357851394024773
24703,0.0357059773033287
24704,-0.0820684888355521
24705,-0.0821476509347008
24706,-0.082090013809438
24707,-0.0821691759085867
24708,-0.0820965848852812
24709,-0.0821757469844298
24710,-0.0821181098591671
24711,-0.0821972719583157
24712,-0.0414897729998058
24713,-0.0415689350989544
24714,-0.0415112979736916
24715,-0.0415904600728403
24716,-0.0415178690495348
24717,-0.0415970311486835
24718,-0.0415393940234207
24719,-0.0416185561225693
24720,-0.0082215312357358
24721,-0.0083006933348844
24722,-0.0082430562096216
24723,-0.0083222183087703
24724,-0.0082496272854648
24725,-0.0083287893846135
24726,-0.0082711522593507
24727,-0.0083503143584993
24728,0.0323571846000105
24729,0.0322780225008619
24730,0.0323356596261247
24731,0.032256497526976
24732,0.0323290885502815
24733,0.0322499264511328
24734,0.0323075635763956
24735,0.032228401477247
24736,-0.0824948991427573
24737,-0.0825740612419059
24738,-0.0825164241166432
24739,-0.0825955862157918
24740,-0.0825229951924864
24741,-0.082602157291635
24742,-0.0825445201663723
24743,-0.0826236822655209
24744,-0.0419161833070109
24745,-0.0419953454061596
24746,-0.0419377082808968
24747,-0.0420168703800455
24748,-0.04194427935674
24749,-0.0420234414558886
24750,-0.0419658043306259
24751,-0.0420449664297745
24752,-0.0086479415429409
24753,-0.0087271036420896
24754,-0.0086694665168268
24755,-0.0087486286159755
24756,-0.00867603759267
24757,-0.0087551996918186
24758,-0.0086975625665559
24759,-0.0087767246657045
24760,0.0319307742928054
24761,0.0318516121936567
24762,0.0319092493189195
24763,0.0318300872197708
24764,0.0319026782430763
24765,0.0318235161439277
24766,0.0318811532691904
24767,0.0318019911700418
24768,-0.0785455874715287
24769,-0.0786247495706773
24770,-0.0785671124454145
24771,-0.0786462745445632
24772,-0.0785736835212577
24773,-0.0786528456204064
24774,-0.0785952084951436
24775,-0.0786743705942923
24776,-0.0379668716357823
24777,-0.0380460337349309
24778,-0.0379883966096682
24779,-0.0380675587088168
24780,-0.0379949676855114
24781,-0.03807412978466
24782,-0.0380164926593972
24783,-0.0380956547585459
24784,-0.0046986298717123
24785,-0.0047777919708609
24786,-0.0047201548455982
24787,-0.0047993169447468
24788,-0.0047267259214414
24789,-0.00480588802059
24790,-0.0047482508953272
24791,-0.0048274129944759
24792,0.035880085964034
24793,0.0358009238648854
24794,0.0358585609901481
24795,0.0357793988909995
24796,0.0358519899143049
24797,0.0357728278151563
24798,0.035830464940419
24799,0.0357513028412704
24800,-0.0789719977787339
24801,-0.0790511598778825
24802,-0.0789935227526197
24803,-0.0790726848517684
24804,-0.0790000938284629
24805,-0.0790792559276116
24806,-0.0790216188023488
24807,-0.0791007809014974
24808,-0.0383932819429875
24809,-0.0384724440421361
24810,-0.0384148069168734
24811,-0.038493969016022
24812,-0.0384213779927165
24813,-0.0385005400918652
24814,-0.0384429029666024
24815,-0.0385220650657511
24816,-0.0051250401789175
24817,-0.0052042022780661
24818,-0.0051465651528034
24819,-0.005225727251952
24820,-0.0051531362286465
24821,-0.0052322983277952
24822,-0.0051746612025324
24823,-0.0052538233016811
24824,0.0354536756568288
24825,0.0353745135576802
24826,0.0354321506829429
24827,0.0353529885837943
24828,0.0354255796070997
24829,0.0353464175079511
24830,0.0354040546332139
24831,0.0353248925340652
24832,-0.076715780404804
24833,-0.0767949425039526
24834,-0.0767373053786899
24835,-0.0768164674778385
24836,-0.0767438764545331
24837,-0.0768230385536817
24838,-0.0767654014284189
24839,-0.0768445635275676
24840,-0.0361370645690576
24841,-0.0362162266682062
24842,-0.0361585895429435
24843,-0.0362377516420921
24844,-0.0361651606187867
24845,-0.0362443227179353
24846,-0.0361866855926725
24847,-0.0362658476918212
24848,-0.0028688228049876
24849,-0.0029479849041362
24850,-0.0028903477788735
24851,-0.0029695098780221
24852,-0.0028969188547167
24853,-0.0029760809538653
24854,-0.0029184438286025
24855,-0.0029976059277512
24856,0.0377098930307587
24857,0.03763073093161
24858,0.0376883680568728
24859,0.0376092059577242
24860,0.0376817969810296
24861,0.037602634881881
24862,0.0376602720071437
24863,0.0375811099079951
24864,-0.0771421907120092
24865,-0.0772213528111578
24866,-0.0771637156858951
24867,-0.0772428777850437
24868,-0.0771702867617382
24869,-0.0772494488608869
24870,-0.0771918117356241
24871,-0.0772709738347727
24872,-0.0365634748762628
24873,-0.0366426369754114
24874,-0.0365849998501487
24875,-0.0366641619492973
24876,-0.0365915709259919
24877,-0.0366707330251405
24878,-0.0366130958998777
24879,-0.0366922579990264
24880,-0.0032952331121928
24881,-0.0033743952113414
24882,-0.0033167580860787
24883,-0.0033959201852273
24884,-0.0033233291619219
24885,-0.0034024912610705
24886,-0.0033448541358077
24887,-0.0034240162349564
24888,0.0372834827235535
24889,0.0372043206244049
24890,0.0372619577496676
24891,0.037182795650519
24892,0.0372553866738244
24893,0.0371762245746758
24894,0.0372338616999386
24895,0.0371546996007899
24896,-0.0731928790407805
24897,-0.0732720411399292
24898,-0.0732144040146664
24899,-0.073293566113815
24900,-0.0732209750905096
24901,-0.0733001371896582
24902,-0.0732425000643955
24903,-0.0733216621635441
24904,-0.0326141632050341
24905,-0.0326933253041828
24906,-0.03263568817892
24907,-0.0327148502780687
24908,-0.0326422592547632
24909,-0.0327214213539118
24910,-0.0326637842286491
24911,-0.0327429463277977
24912,0.0006540785590358
24913,0.0005749164598871
24914,0.0006325535851499
24915,0.0005533914860012
24916,0.0006259825093067
24917,0.0005468204101581
24918,0.0006044575354208
24919,0.0005252954362722
24920,0.0412327943947821
24921,0.0411536322956335
24922,0.0412112694208963
24923,0.0411321073217476
24924,0.0412046983450531
24925,0.0411255362459044
24926,0.0411831733711672
24927,0.0411040112720186
24928,-0.0736192893479857
24929,-0.0736984514471344
24930,-0.0736408143218716
24931,-0.0737199764210202
24932,-0.0736473853977148
24933,-0.0737265474968634
24934,-0.0736689103716007
24935,-0.0737480724707493
24936,-0.0330405735122393
24937,-0.033119735611388
24938,-0.0330620984861252
24939,-0.0331412605852738
24940,-0.0330686695619684
24941,-0.033147831661117
24942,-0.0330901945358543
24943,-0.0331693566350029
24944,0.0002276682518306
24945,0.0001485061526819
24946,0.0002061432779447
24947,0.0001269811787961
24948,0.0001995722021015
24949,0.0001204101029529
24950,0.0001780472282156
24951,9.888512906704264e-05
24952,0.040806384087577
24953,0.0407272219884283
24954,0.0407848591136911
24955,0.0407056970145424
24956,0.0407782880378479
24957,0.0406991259386993
24958,0.040756763063962
24959,0.0406776009648134
24960,-0.0770968651740675
24961,-0.0771760272732161
24962,-0.0771183901479533
24963,-0.077197552247102
24964,-0.0771249612237965
24965,-0.0772041233229452
24966,-0.0771464861976824
24967,-0.077225648296831
24968,-0.0365181493383211
24969,-0.0365973114374697
24970,-0.036539674312207
24971,-0.0366188364113556
24972,-0.0365462453880501
24973,-0.0366254074871988
24974,-0.036567770361936
24975,-0.0366469324610847
24976,-0.0032499075742511
24977,-0.0033290696733997
24978,-0.003271432548137
24979,-0.0033505946472856
24980,-0.0032780036239801
24981,-0.0033571657231288
24982,-0.003299528597866
24983,-0.0033786906970147
24984,0.0373288082614952
24985,0.0372496461623466
24986,0.0373072832876093
24987,0.0372281211884607
24988,0.0373007122117661
24989,0.0372215501126175
24990,0.0372791872378803
24991,0.0372000251387316
24992,-0.0775232754812726
24993,-0.0776024375804213
24994,-0.0775448004551585
24995,-0.0776239625543072
24996,-0.0775513715310017
24997,-0.0776305336301503
24998,-0.0775728965048876
24999,-0.0776520586040362
25000,-0.0369445596455263
25001,-0.0370237217446749
25002,-0.0369660846194121
25003,-0.0370452467185608
25004,-0.0369726556952553
25005,-0.037051817794404
25006,-0.0369941806691412
25007,-0.0370733427682898
25008,-0.0036763178814563
25009,-0.0037554799806049
25010,-0.0036978428553421
25011,-0.0037770049544908
25012,-0.0037044139311853
25013,-0.003783576030334
25014,-0.0037259389050712
25015,-0.0038051010042198
25016,0.03690239795429
25017,0.0368232358551414
25018,0.0368808729804042
25019,0.0368017108812555
25020,0.036874301904561
25021,0.0367951398054123
25022,0.0368527769306751
25023,0.0367736148315265
25024,-0.073573963810044
25025,-0.0736531259091926
25026,-0.0735954887839299
25027,-0.0736746508830785
25028,-0.0736020598597731
25029,-0.0736812219589217
25030,-0.073623584833659
25031,-0.0737027469328076
25032,-0.0329952479742976
25033,-0.0330744100734462
25034,-0.0330167729481835
25035,-0.0330959350473321
25036,-0.0330233440240267
25037,-0.0331025061231753
25038,-0.0330448689979126
25039,-0.0331240310970612
25040,0.0002729937897723
25041,0.0001938316906236
25042,0.0002514688158864
25043,0.0001723067167378
25044,0.0002448977400432
25045,0.0001657356408946
25046,0.0002233727661573
25047,0.0001442106670087
25048,0.0408517096255187
25049,0.04077254752637
25050,0.0408301846516328
25051,0.0407510225524842
25052,0.0408236135757896
25053,0.040744451476641
25054,0.0408020886019037
25055,0.0407229265027551
25056,-0.0740003741172492
25057,-0.0740795362163978
25058,-0.0740218990911351
25059,-0.0741010611902837
25060,-0.0740284701669782
25061,-0.0741076322661269
25062,-0.0740499951408641
25063,-0.0741291572400128
25064,-0.0334216582815028
25065,-0.0335008203806514
25066,-0.0334431832553887
25067,-0.0335223453545373
25068,-0.0334497543312319
25069,-0.0335289164303805
25070,-0.0334712793051177
25071,-0.0335504414042664
25072,-0.0001534165174328
25073,-0.0002325786165814
25074,-0.0001749414913187
25075,-0.0002541035904673
25076,-0.0001815125671619
25077,-0.0002606746663105
25078,-0.0002030375410477
25079,-0.0002821996401964
25080,0.0404252993183135
25081,0.0403461372191649
25082,0.0404037743444276
25083,0.040324612245279
25084,0.0403972032685844
25085,0.0403180411694358
25086,0.0403756782946985
25087,0.0402965161955499
25088,-0.0590992685965457
25089,-0.0591784306956943
25090,-0.0591207935704316
25091,-0.0591999556695802
25092,-0.0591273646462748
25093,-0.0592065267454234
25094,-0.0591488896201606
25095,-0.0592280517193093
25096,-0.0185205527607993
25097,-0.0185997148599479
25098,-0.0185420777346852
25099,-0.0186212398338338
25100,-0.0185486488105284
25101,-0.018627810909677
25102,-0.0185701737844142
25103,-0.0186493358835629
25104,0.0147476890032706
25105,0.014668526904122
25106,0.0147261640293847
25107,0.0146470019302361
25108,0.0147195929535415
25109,0.0146404308543929
25110,0.0146980679796556
25111,0.014618905880507
25112,0.055326404839017
25113,0.0552472427398683
25114,0.0553048798651311
25115,0.0552257177659825
25116,0.0552983087892879
25117,0.0552191466901393
25118,0.055276783815402
25119,0.0551976217162534
25120,-0.0595256789037509
25121,-0.0596048410028995
25122,-0.0595472038776368
25123,-0.0596263659767854
25124,-0.0595537749534799
25125,-0.0596329370526286
25126,-0.0595752999273658
25127,-0.0596544620265145
25128,-0.0189469630680045
25129,-0.0190261251671531
25130,-0.0189684880418904
25131,-0.019047650141039
25132,-0.0189750591177336
25133,-0.0190542212168822
25134,-0.0189965840916194
25135,-0.0190757461907681
25136,0.0143212786960654
25137,0.0142421165969168
25138,0.0142997537221795
25139,0.0142205916230309
25140,0.0142931826463363
25141,0.0142140205471877
25142,0.0142716576724505
25143,0.0141924955733018
25144,0.0548999945318118
25145,0.0548208324326632
25146,0.0548784695579259
25147,0.0547993074587773
25148,0.0548718984820827
25149,0.0547927363829341
25150,0.0548503735081968
25151,0.0547712114090482
25152,-0.0555763672325222
25153,-0.0556555293316709
25154,-0.0555978922064081
25155,-0.0556770543055568
25156,-0.0556044632822513
25157,-0.0556836253813999
25158,-0.0556259882561372
25159,-0.0557051503552858
25160,-0.0149976513967758
25161,-0.0150768134959245
25162,-0.0150191763706617
25163,-0.0150983384698104
25164,-0.0150257474465049
25165,-0.0151049095456535
25166,-0.0150472724203908
25167,-0.0151264345195394
25168,0.0182705903672941
25169,0.0181914282681454
25170,0.0182490653934082
25171,0.0181699032942595
25172,0.018242494317565
25173,0.0181633322184163
25174,0.0182209693436791
25175,0.0181418072445305
25176,0.0588493062030405
25177,0.0587701441038918
25178,0.0588277812291546
25179,0.0587486191300059
25180,0.0588212101533114
25181,0.0587420480541627
25182,0.0587996851794255
25183,0.0587205230802769
25184,-0.0560027775397274
25185,-0.0560819396388761
25186,-0.0560243025136133
25187,-0.0561034646127619
25188,-0.0560308735894565
25189,-0.0561100356886051
25190,-0.0560523985633424
25191,-0.056131560662491
25192,-0.015424061703981
25193,-0.0155032238031297
25194,-0.0154455866778669
25195,-0.0155247487770155
25196,-0.0154521577537101
25197,-0.0155313198528587
25198,-0.015473682727596
25199,-0.0155528448267446
25200,0.0178441800600889
25201,0.0177650179609402
25202,0.017822655086203
25203,0.0177434929870544
25204,0.0178160840103598
25205,0.0177369219112112
25206,0.0177945590364739
25207,0.0177153969373253
25208,0.0584228958958353
25209,0.0583437337966866
25210,0.0584013709219494
25211,0.0583222088228008
25212,0.0583947998461062
25213,0.0583156377469576
25214,0.0583732748722203
25215,0.0582941127730717
25216,-0.0594803533658092
25217,-0.0595595154649578
25218,-0.059501878339695
25219,-0.0595810404388437
25220,-0.0595084494155382
25221,-0.0595876115146869
25222,-0.0595299743894241
25223,-0.0596091364885727
25224,-0.0189016375300628
25225,-0.0189807996292114
25226,-0.0189231625039487
25227,-0.0190023246030973
25228,-0.0189297335797918
25229,-0.0190088956789405
25230,-0.0189512585536777
25231,-0.0190304206528264
25232,0.0143666042340071
25233,0.0142874421348585
25234,0.0143450792601212
25235,0.0142659171609726
25236,0.0143385081842781
25237,0.0142593460851294
25238,0.0143169832103922
25239,0.0142378211112435
25240,0.0549453200697535
25241,0.0548661579706049
25242,0.0549237950958676
25243,0.054844632996719
25244,0.0549172240200244
25245,0.0548380619208758
25246,0.0548956990461386
25247,0.0548165369469899
25248,-0.0599067636730143
25249,-0.059985925772163
25250,-0.0599282886469002
25251,-0.0600074507460489
25252,-0.0599348597227434
25253,-0.0600140218218921
25254,-0.0599563846966293
25255,-0.0600355467957779
25256,-0.019328047837268
25257,-0.0194072099364166
25258,-0.0193495728111538
25259,-0.0194287349103025
25260,-0.019356143886997
25261,-0.0194353059861457
25262,-0.0193776688608829
25263,-0.0194568309600315
25264,0.0139401939268019
25265,0.0138610318276533
25266,0.0139186689529161
25267,0.0138395068537674
25268,0.0139120978770729
25269,0.0138329357779242
25270,0.013890572903187
25271,0.0138114108040384
25272,0.0545189097625483
25273,0.0544397476633997
25274,0.0544973847886624
25275,0.0544182226895138
25276,0.0544908137128193
25277,0.0544116516136706
25278,0.0544692887389334
25279,0.0543901266397847
25280,-0.0559574520017857
25281,-0.0560366141009343
25282,-0.0559789769756716
25283,-0.0560581390748202
25284,-0.0559855480515148
25285,-0.0560647101506634
25286,-0.0560070730254006
25287,-0.0560862351245493
25288,-0.0153787361660393
25289,-0.015457898265188
25290,-0.0154002611399252
25291,-0.0154794232390738
25292,-0.0154068322157684
25293,-0.015485994314917
25294,-0.0154283571896543
25295,-0.0155075192888029
25296,0.0178895055980306
25297,0.0178103434988819
25298,0.0178679806241447
25299,0.0177888185249961
25300,0.0178614095483015
25301,0.0177822474491529
25302,0.0178398845744156
25303,0.017760722475267
25304,0.058468221433777
25305,0.0583890593346283
25306,0.0584466964598911
25307,0.0583675343607425
25308,0.0584401253840479
25309,0.0583609632848993
25310,0.058418600410162
25311,0.0583394383110134
25312,-0.0563838623089909
25313,-0.0564630244081395
25314,-0.0564053872828768
25315,-0.0564845493820254
25316,-0.05641195835872
25317,-0.0564911204578686
25318,-0.0564334833326058
25319,-0.0565126454317545
25320,-0.0158051464732445
25321,-0.0158843085723931
25322,-0.0158266714471304
25323,-0.015905833546279
25324,-0.0158332425229736
25325,-0.0159124046221222
25326,-0.0158547674968594
25327,-0.0159339295960081
25328,0.0174630952908254
25329,0.0173839331916768
25330,0.0174415703169395
25331,0.0173624082177909
25332,0.0174349992410963
25333,0.0173558371419477
25334,0.0174134742672105
25335,0.0173343121680618
25336,0.0580418111265718
25337,0.0579626490274231
25338,0.0580202861526859
25339,0.0579411240535373
25340,0.0580137150768427
25341,0.0579345529776941
25342,0.0579921901029569
25343,0.0579130280038082
25344,-0.054127644935061
25345,-0.0542068070342097
25346,-0.0541491699089469
25347,-0.0542283320080955
25348,-0.0541557409847901
25349,-0.0542349030839387
25350,-0.054177265958676
25351,-0.0542564280578246
25352,-0.0135489290993146
25353,-0.0136280911984633
25354,-0.0135704540732005
25355,-0.0136496161723491
25356,-0.0135770251490437
25357,-0.0136561872481923
25358,-0.0135985501229296
25359,-0.0136777122220782
25360,0.0197193126647553
25361,0.0196401505656066
25362,0.0196977876908694
25363,0.0196186255917208
25364,0.0196912166150262
25365,0.0196120545158776
25366,0.0196696916411403
25367,0.0195905295419917
25368,0.0602980285005017
25369,0.060218866401353
25370,0.0602765035266158
25371,0.0601973414274672
25372,0.0602699324507726
25373,0.060190770351624
25374,0.0602484074768867
25375,0.0601692453777381
25376,-0.0545540552422662
25377,-0.0546332173414148
25378,-0.0545755802161521
25379,-0.0546547423153007
25380,-0.0545821512919953
25381,-0.0546613133911439
25382,-0.0546036762658811
25383,-0.0546828383650298
25384,-0.0139753394065198
25385,-0.0140545015056684
25386,-0.0139968643804057
25387,-0.0140760264795543
25388,-0.0140034354562489
25389,-0.0140825975553975
25390,-0.0140249604301348
25391,-0.0141041225292834
25392,0.0192929023575501
25393,0.0192137402584014
25394,0.0192713773836642
25395,0.0191922152845156
25396,0.019264806307821
25397,0.0191856442086724
25398,0.0192432813339351
25399,0.0191641192347865
25400,0.0598716181932965
25401,0.0597924560941478
25402,0.0598500932194106
25403,0.059770931120262
25404,0.0598435221435674
25405,0.0597643600444188
25406,0.0598219971696815
25407,0.0597428350705329
25408,-0.0506047435710376
25409,-0.0506839056701862
25410,-0.0506262685449234
25411,-0.0507054306440721
25412,-0.0506328396207666
25413,-0.0507120017199153
25414,-0.0506543645946525
25415,-0.0507335266938011
25416,-0.0100260277352912
25417,-0.0101051898344398
25418,-0.010047552709177
25419,-0.0101267148083257
25420,-0.0100541237850202
25421,-0.0101332858841689
25422,-0.0100756487589061
25423,-0.0101548108580547
25424,0.0232422140287787
25425,0.0231630519296301
25426,0.0232206890548929
25427,0.0231415269557442
25428,0.0232141179790497
25429,0.023134955879901
25430,0.0231925930051638
25431,0.0231134309060151
25432,0.0638209298645251
25433,0.0637417677653765
25434,0.0637994048906392
25435,0.0637202427914906
25436,0.0637928338147961
25437,0.0637136717156474
25438,0.0637713088409102
25439,0.0636921467417615
25440,-0.0510311538782427
25441,-0.0511103159773914
25442,-0.0510526788521286
25443,-0.0511318409512773
25444,-0.0510592499279718
25445,-0.0511384120271204
25446,-0.0510807749018577
25447,-0.0511599370010063
25448,-0.0104524380424964
25449,-0.010531600141645
25450,-0.0104739630163822
25451,-0.0105531251155309
25452,-0.0104805340922254
25453,-0.0105596961913741
25454,-0.0105020590661113
25455,-0.0105812211652599
25456,0.0228158037215735
25457,0.0227366416224249
25458,0.0227942787476877
25459,0.022715116648539
25460,0.0227877076718445
25461,0.0227085455726958
25462,0.0227661826979586
25463,0.02268702059881
25464,0.0633945195573199
25465,0.0633153574581713
25466,0.0633729945834341
25467,0.0632938324842854
25468,0.0633664235075909
25469,0.0632872614084422
25470,0.063344898533705
25471,0.0632657364345564
25472,-0.0545087297043245
25473,-0.0545878918034731
25474,-0.0545302546782104
25475,-0.054609416777359
25476,-0.0545368257540536
25477,-0.0546159878532022
25478,-0.0545583507279394
25479,-0.0546375128270881
25480,-0.0139300138685781
25481,-0.0140091759677267
25482,-0.013951538842464
25483,-0.0140307009416126
25484,-0.0139581099183072
25485,-0.0140372720174558
25486,-0.013979634892193
25487,-0.0140587969913417
25488,0.0193382278954918
25489,0.0192590657963432
25490,0.0193167029216059
25491,0.0192375408224573
25492,0.0193101318457627
25493,0.0192309697466141
25494,0.0192886068718769
25495,0.0192094447727282
25496,0.0599169437312382
25497,0.0598377816320895
25498,0.0598954187573523
25499,0.0598162566582037
25500,0.0598888476815091
25501,0.0598096855823605
25502,0.0598673227076233
25503,0.0597881606084746
25504,-0.0549351400115297
25505,-0.0550143021106783
25506,-0.0549566649854156
25507,-0.0550358270845642
25508,-0.0549632360612587
25509,-0.0550423981604074
25510,-0.0549847610351446
25511,-0.0550639231342933
25512,-0.0143564241757833
25513,-0.0144355862749319
25514,-0.0143779491496692
25515,-0.0144571112488178
25516,-0.0143845202255123
25517,-0.014463682324661
25518,-0.0144060451993982
25519,-0.0144852072985469
25520,0.0189118175882866
25521,0.018832655489138
25522,0.0188902926144007
25523,0.0188111305152521
25524,0.0188837215385576
25525,0.0188045594394089
25526,0.0188621965646717
25527,0.018783034465523
25528,0.059490533424033
25529,0.0594113713248844
25530,0.0594690084501471
25531,0.0593898463509985
25532,0.0594624373743039
25533,0.0593832752751553
25534,0.0594409124004181
25535,0.0593617503012694
25536,-0.050985828340301
25537,-0.0510649904394497
25538,-0.0510073533141869
25539,-0.0510865154133355
25540,-0.0510139243900301
25541,-0.0510930864891787
25542,-0.051035449363916
25543,-0.0511146114630646
25544,-0.0104071125045546
25545,-0.0104862746037033
25546,-0.0104286374784405
25547,-0.0105077995775892
25548,-0.0104352085542837
25549,-0.0105143706534323
25550,-0.0104567335281696
25551,-0.0105358956273182
25552,0.0228611292595153
25553,0.0227819671603666
25554,0.0228396042856294
25555,0.0227604421864807
25556,0.0228330332097862
25557,0.0227538711106376
25558,0.0228115082359003
25559,0.0227323461367517
25560,0.0634398450952617
25561,0.063360682996113
25562,0.0634183201213758
25563,0.0633391580222271
25564,0.0634117490455326
25565,0.0633325869463839
25566,0.0633902240716467
25567,0.0633110619724981
25568,-0.0514122386475062
25569,-0.0514914007466549
25570,-0.0514337636213921
25571,-0.0515129257205407
25572,-0.0514403346972353
25573,-0.0515194967963839
25574,-0.0514618596711212
25575,-0.0515410217702698
25576,-0.0108335228117598
25577,-0.0109126849109085
25578,-0.0108550477856457
25579,-0.0109342098847943
25580,-0.0108616188614889
25581,-0.0109407809606375
25582,-0.0108831438353748
25583,-0.0109623059345234
25584,0.0224347189523101
25585,0.0223555568531614
25586,0.0224131939784242
25587,0.0223340318792756
25588,0.022406622902581
25589,0.0223274608034324
25590,0.0223850979286951
25591,0.0223059358295465
25592,0.0630134347880565
25593,0.0629342726889078
25594,0.0629919098141706
25595,0.062912747715022
25596,0.0629853387383274
25597,0.0629061766391788
25598,0.0629638137644415
25599,0.0628846516652929
25600,-0.0816152017433087
25601,-0.0816943638424573
25602,-0.0816367267171946
25603,-0.0817158888163432
25604,-0.0816432977930378
25605,-0.0817224598921864
25606,-0.0816648227669236
25607,-0.0817439848660723
25608,-0.0410364859075623
25609,-0.041115648006711
25610,-0.0410580108814482
25611,-0.0411371729805968
25612,-0.0410645819572914
25613,-0.04114374405644
25614,-0.0410861069311773
25615,-0.0411652690303259
25616,-0.0077682441434923
25617,-0.007847406242641
25618,-0.0077897691173782
25619,-0.0078689312165268
25620,-0.0077963401932214
25621,-0.00787550229237
25622,-0.0078178651671073
25623,-0.0078970272662559
25624,0.032810471692254
25625,0.0327313095931053
25626,0.0327889467183681
25627,0.0327097846192195
25628,0.0327823756425249
25629,0.0327032135433763
25630,0.032760850668639
25631,0.0326816885694904
25632,-0.0820416120505139
25633,-0.0821207741496625
25634,-0.0820631370243998
25635,-0.0821422991235484
25636,-0.0820697081002429
25637,-0.0821488701993916
25638,-0.0820912330741288
25639,-0.0821703951732775
25640,-0.0414628962147675
25641,-0.0415420583139161
25642,-0.0414844211886534
25643,-0.041563583287802
25644,-0.0414909922644966
25645,-0.0415701543636452
25646,-0.0415125172383824
25647,-0.0415916793375311
25648,-0.0081946544506975
25649,-0.0082738165498461
25650,-0.0082161794245834
25651,-0.008295341523732
25652,-0.0082227505004266
25653,-0.0083019125995752
25654,-0.0082442754743124
25655,-0.0083234375734611
25656,0.0323840613850488
25657,0.0323048992859002
25658,0.0323625364111629
25659,0.0322833743120143
25660,0.0323559653353197
25661,0.0322768032361711
25662,0.0323344403614338
25663,0.0322552782622852
25664,-0.0780923003792852
25665,-0.0781714624784339
25666,-0.0781138253531711
25667,-0.0781929874523197
25668,-0.0781203964290143
25669,-0.0781995585281629
25670,-0.0781419214029002
25671,-0.0782210835020488
25672,-0.0375135845435389
25673,-0.0375927466426875
25674,-0.0375351095174247
25675,-0.0376142716165734
25676,-0.0375416805932679
25677,-0.0376208426924166
25678,-0.0375632055671538
25679,-0.0376423676663024
25680,-0.0042453427794689
25681,-0.0043245048786175
25682,-0.0042668677533547
25683,-0.0043460298525034
25684,-0.0042734388291979
25685,-0.0043526009283466
25686,-0.0042949638030838
25687,-0.0043741259022324
25688,0.0363333730562774
25689,0.0362542109571288
25690,0.0363118480823916
25691,0.0362326859832429
25692,0.0363052770065484
25693,0.0362261149073997
25694,0.0362837520326625
25695,0.0362045899335139
25696,-0.0785187106864904
25697,-0.0785978727856391
25698,-0.0785402356603763
25699,-0.0786193977595249
25700,-0.0785468067362195
25701,-0.0786259688353681
25702,-0.0785683317101054
25703,-0.078647493809254
25704,-0.037939994850744
25705,-0.0380191569498927
25706,-0.0379615198246299
25707,-0.0380406819237786
25708,-0.0379680909004731
25709,-0.0380472529996217
25710,-0.037989615874359
25711,-0.0380687779735076
25712,-0.004671753086674
25713,-0.0047509151858227
25714,-0.0046932780605599
25715,-0.0047724401597086
25716,-0.0046998491364031
25717,-0.0047790112355517
25718,-0.004721374110289
25719,-0.0048005362094376
25720,0.0359069627490723
25721,0.0358278006499236
25722,0.0358854377751864
25723,0.0358062756760377
25724,0.0358788666993432
25725,0.0357997046001945
25726,0.0358573417254573
25727,0.0357781796263087
25728,-0.0819962865125722
25729,-0.0820754486117208
25730,-0.082017811486458
25731,-0.0820969735856067
25732,-0.0820243825623012
25733,-0.0821035446614499
25734,-0.0820459075361871
25735,-0.0821250696353357
25736,-0.0414175706768258
25737,-0.0414967327759744
25738,-0.0414390956507117
25739,-0.0415182577498603
25740,-0.0414456667265549
25741,-0.0415248288257035
25742,-0.0414671917004407
25743,-0.0415463537995894
25744,-0.0081493289127558
25745,-0.0082284910119044
25746,-0.0081708538866417
25747,-0.0082500159857903
25748,-0.0081774249624848
25749,-0.0082565870616335
25750,-0.0081989499363707
25751,-0.0082781120355194
25752,0.0324293869229905
25753,0.0323502248238419
25754,0.0324078619491046
25755,0.032328699849956
25756,0.0324012908732614
25757,0.0323221287741128
25758,0.0323797658993756
25759,0.0323006038002269
25760,-0.0824226968197774
25761,-0.082501858918926
25762,-0.0824442217936632
25763,-0.0825233838928119
25764,-0.0824507928695064
25765,-0.082529954968655
25766,-0.0824723178433923
25767,-0.0825514799425409
25768,-0.041843980984031
25769,-0.0419231430831796
25770,-0.0418655059579168
25771,-0.0419446680570655
25772,-0.04187207703376
25773,-0.0419512391329087
25774,-0.0418936020076459
25775,-0.0419727641067946
25776,-0.008575739219961
25777,-0.0086549013191096
25778,-0.0085972641938468
25779,-0.0086764262929955
25780,-0.00860383526969
25781,-0.0086829973688387
25782,-0.0086253602435759
25783,-0.0087045223427245
25784,0.0320029766157853
25785,0.0319238145166367
25786,0.0319814516418994
25787,0.0319022895427508
25788,0.0319748805660563
25789,0.0318957184669076
25790,0.0319533555921704
25791,0.0318741934930217
25792,-0.0784733851485487
25793,-0.0785525472476973
25794,-0.0784949101224346
25795,-0.0785740722215832
25796,-0.0785014811982778
25797,-0.0785806432974264
25798,-0.0785230061721636
25799,-0.0786021682713123
25800,-0.0378946693128023
25801,-0.037973831411951
25802,-0.0379161942866882
25803,-0.0379953563858368
25804,-0.0379227653625314
25805,-0.03800192746168
25806,-0.0379442903364173
25807,-0.0380234524355659
25808,-0.0046264275487323
25809,-0.004705589647881
25810,-0.0046479525226182
25811,-0.0047271146217668
25812,-0.0046545235984614
25813,-0.00473368569761
25814,-0.0046760485723473
25815,-0.0047552106714959
25816,0.035952288287014
25817,0.0358731261878653
25818,0.0359307633131281
25819,0.0358516012139794
25820,0.0359241922372849
25821,0.0358450301381363
25822,0.035902667263399
25823,0.0358235051642504
25824,-0.0788997954557539
25825,-0.0789789575549025
25826,-0.0789213204296398
25827,-0.0790004825287884
25828,-0.078927891505483
25829,-0.0790070536046316
25830,-0.0789494164793688
25831,-0.0790285785785175
25832,-0.0383210796200075
25833,-0.0384002417191561
25834,-0.0383426045938934
25835,-0.038421766693042
25836,-0.0383491756697366
25837,-0.0384283377688852
25838,-0.0383707006436224
25839,-0.0384498627427711
25840,-0.0050528378559375
25841,-0.0051319999550861
25842,-0.0050743628298234
25843,-0.005153524928972
25844,-0.0050809339056666
25845,-0.0051600960048152
25846,-0.0051024588795525
25847,-0.0051816209787011
25848,0.0355258779798088
25849,0.0354467158806601
25850,0.0355043530059229
25851,0.0354251909067743
25852,0.0354977819300797
25853,0.0354186198309311
25854,0.0354762569561938
25855,0.0353970948570452
25856,-0.076643578081824
25857,-0.0767227401809727
25858,-0.0766651030557099
25859,-0.0767442651548585
25860,-0.0766716741315531
25861,-0.0767508362307017
25862,-0.076693199105439
25863,-0.0767723612045876
25864,-0.0360648622460776
25865,-0.0361440243452263
25866,-0.0360863872199635
25867,-0.0361655493191122
25868,-0.0360929582958067
25869,-0.0361721203949553
25870,-0.0361144832696926
25871,-0.0361936453688412
25872,-0.0027966204820076
25873,-0.0028757825811563
25874,-0.0028181454558935
25875,-0.0028973075550422
25876,-0.0028247165317367
25877,-0.0029038786308853
25878,-0.0028462415056226
25879,-0.0029254036047712
25880,0.0377820953537386
25881,0.03770293325459
25882,0.0377605703798528
25883,0.0376814082807041
25884,0.0377539993040096
25885,0.0376748372048609
25886,0.0377324743301237
25887,0.0376533122309751
25888,-0.0770699883890292
25889,-0.0771491504881778
25890,-0.0770915133629151
25891,-0.0771706754620637
25892,-0.0770980844387583
25893,-0.0771772465379069
25894,-0.0771196094126442
25895,-0.0771987715117928
25896,-0.0364912725532828
25897,-0.0365704346524315
25898,-0.0365127975271687
25899,-0.0365919596263173
25900,-0.0365193686030119
25901,-0.0365985307021605
25902,-0.0365408935768978
25903,-0.0366200556760464
25904,-0.0032230307892128
25905,-0.0033021928883615
25906,-0.0032445557630987
25907,-0.0033237178622473
25908,-0.0032511268389419
25909,-0.0033302889380905
25910,-0.0032726518128278
25911,-0.0033518139119764
25912,0.0373556850465335
25913,0.0372765229473848
25914,0.0373341600726476
25915,0.0372549979734989
25916,0.0373275889968044
25917,0.0372484268976558
25918,0.0373060640229185
25919,0.0372269019237699
25920,-0.0731206767178006
25921,-0.0731998388169492
25922,-0.0731422016916864
25923,-0.0732213637908351
25924,-0.0731487727675296
25925,-0.0732279348666783
25926,-0.0731702977414155
25927,-0.0732494598405641
25928,-0.0325419608820542
25929,-0.0326211229812028
25930,-0.0325634858559401
25931,-0.0326426479550887
25932,-0.0325700569317832
25933,-0.0326492190309319
25934,-0.0325915819056691
25935,-0.0326707440048178
25936,0.0007262808820157
25937,0.0006471187828671
25938,0.0007047559081298
25939,0.0006255938089812
25940,0.0006981848322867
25941,0.000619022733138
25942,0.0006766598584008
25943,0.0005974977592521
25944,0.0413049967177621
25945,0.0412258346186135
25946,0.0412834717438762
25947,0.0412043096447276
25948,0.041276900668033
25949,0.0411977385688844
25950,0.0412553756941472
25951,0.0411762135949985
25952,-0.0735470870250058
25953,-0.0736262491241544
25954,-0.0735686119988916
25955,-0.0736477740980403
25956,-0.0735751830747348
25957,-0.0736543451738835
25958,-0.0735967080486207
25959,-0.0736758701477693
25960,-0.0329683711892594
25961,-0.033047533288408
25962,-0.0329898961631452
25963,-0.0330690582622939
25964,-0.0329964672389884
25965,-0.0330756293381371
25966,-0.0330179922128743
25967,-0.0330971543120229
25968,0.0002998705748105
25969,0.0002207084756619
25970,0.0002783456009247
25971,0.000199183501776
25972,0.0002717745250815
25973,0.0001926124259328
25974,0.0002502495511956
25975,0.000171087452047
25976,0.0408785864105569
25977,0.0407994243114083
25978,0.040857061436671
25979,0.0407778993375224
25980,0.0408504903608279
25981,0.0407713282616792
25982,0.040828965386942
25983,0.0407498032877933
25984,-0.0770246628510875
25985,-0.0771038249502361
25986,-0.0770461878249734
25987,-0.077125349924122
25988,-0.0770527589008166
25989,-0.0771319209999652
25990,-0.0770742838747024
25991,-0.0771534459738511
25992,-0.0364459470153411
25993,-0.0365251091144897
25994,-0.036467471989227
25995,-0.0365466340883756
25996,-0.0364740430650702
25997,-0.0365532051642188
25998,-0.0364955680389561
25999,-0.0365747301381047
26000,-0.0031777052512711
26001,-0.0032568673504197
26002,-0.003199230225157
26003,-0.0032783923243056
26004,-0.0032058013010002
26005,-0.0032849634001488
26006,-0.0032273262748861
26007,-0.0033064883740347
26008,0.0374010105844752
26009,0.0373218484853265
26010,0.0373794856105893
26011,0.0373003235114407
26012,0.0373729145347461
26013,0.0372937524355975
26014,0.0373513895608602
26015,0.0372722274617116
26016,-0.0774510731582927
26017,-0.0775302352574413
26018,-0.0774725981321785
26019,-0.0775517602313272
26020,-0.0774791692080217
26021,-0.0775583313071704
26022,-0.0775006941819076
26023,-0.0775798562810563
26024,-0.0368723573225463
26025,-0.0369515194216949
26026,-0.0368938822964322
26027,-0.0369730443955808
26028,-0.0369004533722754
26029,-0.036979615471424
26030,-0.0369219783461612
26031,-0.0370011404453099
26032,-0.0036041155584763
26033,-0.0036832776576249
26034,-0.0036256405323622
26035,-0.0037048026315108
26036,-0.0036322116082054
26037,-0.003711373707354
26038,-0.0036537365820912
26039,-0.0037328986812399
26040,0.03697460027727
26041,0.0368954381781214
26042,0.0369530753033841
26043,0.0368739132042355
26044,0.0369465042275409
26045,0.0368673421283923
26046,0.0369249792536551
26047,0.0368458171545064
26048,-0.073501761487064
26049,-0.0735809235862127
26050,-0.0735232864609499
26051,-0.0736024485600986
26052,-0.0735298575367931
26053,-0.0736090196359417
26054,-0.073551382510679
26055,-0.0736305446098276
26056,-0.0329230456513176
26057,-0.0330022077504663
26058,-0.0329445706252035
26059,-0.0330237327243522
26060,-0.0329511417010467
26061,-0.0330303038001953
26062,-0.0329726666749326
26063,-0.0330518287740812
26064,0.0003451961127523
26065,0.0002660340136036
26066,0.0003236711388664
26067,0.0002445090397177
26068,0.0003171000630232
26069,0.0002379379638746
26070,0.0002955750891373
26071,0.0002164129899887
26072,0.0409239119484986
26073,0.04084474984935
26074,0.0409023869746128
26075,0.0408232248754641
26076,0.0408958158987696
26077,0.0408166537996209
26078,0.0408742909248837
26079,0.0407951288257351
26080,-0.0739281717942692
26081,-0.0740073338934179
26082,-0.0739496967681551
26083,-0.0740288588673037
26084,-0.0739562678439983
26085,-0.0740354299431469
26086,-0.0739777928178842
26087,-0.0740569549170328
26088,-0.0333494559585228
26089,-0.0334286180576715
26090,-0.0333709809324087
26091,-0.0334501430315573
26092,-0.0333775520082519
26093,-0.0334567141074005
26094,-0.0333990769821378
26095,-0.0334782390812864
26096,-8.121419445287955e-05
26097,-0.0001603762936015
26098,-0.0001027391683387
26099,-0.0001819012674873
26100,-0.0001093102441819
26101,-0.0001884723433305
26102,-0.0001308352180678
26103,-0.0002099973172164
26104,0.0404975016412935
26105,0.0404183395421448
26106,0.0404759766674076
26107,0.0403968145682589
26108,0.0404694055915644
26109,0.0403902434924158
26110,0.0404478806176785
26111,0.0403687185185299
26112,-0.0590270662735657
26113,-0.0591062283727144
26114,-0.0590485912474516
26115,-0.0591277533466002
26116,-0.0590551623232948
26117,-0.0591343244224434
26118,-0.0590766872971807
26119,-0.0591558493963293
26120,-0.0184483504378193
26121,-0.018527512536968
26122,-0.0184698754117052
26123,-0.0185490375108539
26124,-0.0184764464875484
26125,-0.018555608586697
26126,-0.0184979714614343
26127,-0.0185771335605829
26128,0.0148198913262506
26129,0.0147407292271019
26130,0.0147983663523647
26131,0.014719204253216
26132,0.0147917952765215
26133,0.0147126331773729
26134,0.0147702703026356
26135,0.014691108203487
26136,0.0553986071619969
26137,0.0553194450628483
26138,0.0553770821881111
26139,0.0552979200889624
26140,0.0553705111122679
26141,0.0552913490131192
26142,0.055348986138382
26143,0.0552698240392334
26144,-0.0594534765807709
26145,-0.0595326386799196
26146,-0.0594750015546568
26147,-0.0595541636538054
26148,-0.0594815726305
26149,-0.0595607347296486
26150,-0.0595030976043859
26151,-0.0595822597035345
26152,-0.0188747607450245
26153,-0.0189539228441732
26154,-0.0188962857189104
26155,-0.018975447818059
26156,-0.0189028567947536
26157,-0.0189820188939022
26158,-0.0189243817686395
26159,-0.0190035438677881
26160,0.0143934810190454
26161,0.0143143189198967
26162,0.0143719560451595
26163,0.0142927939460109
26164,0.0143653849693163
26165,0.0142862228701677
26166,0.0143438599954304
26167,0.0142646978962818
26168,0.0549721968547918
26169,0.0548930347556431
26170,0.0549506718809059
26171,0.0548715097817572
26172,0.0549441008050627
26173,0.0548649387059141
26174,0.0549225758311768
26175,0.0548434137320282
26176,-0.0555041649095423
26177,-0.0555833270086909
26178,-0.0555256898834281
26179,-0.0556048519825768
26180,-0.0555322609592713
26181,-0.05561142305842
26182,-0.0555537859331572
26183,-0.0556329480323058
26184,-0.0149254490737959
26185,-0.0150046111729445
26186,-0.0149469740476818
26187,-0.0150261361468304
26188,-0.0149535451235249
26189,-0.0150327072226736
26190,-0.0149750700974108
26191,-0.0150542321965595
26192,0.018342792690274
26193,0.0182636305911254
26194,0.0183212677163881
26195,0.0182421056172395
26196,0.018314696640545
26197,0.0182355345413963
26198,0.0182931716666591
26199,0.0182140095675104
26200,0.0589215085260204
26201,0.0588423464268718
26202,0.0588999835521345
26203,0.0588208214529859
26204,0.0588934124762914
26205,0.0588142503771427
26206,0.0588718875024055
26207,0.0587927254032568
26208,-0.0559305752167475
26209,-0.0560097373158961
26210,-0.0559521001906333
26211,-0.056031262289782
26212,-0.0559586712664765
26213,-0.0560378333656252
26214,-0.0559801962403624
26215,-0.056059358339511
26216,-0.0153518593810011
26217,-0.0154310214801497
26218,-0.0153733843548869
26219,-0.0154525464540356
26220,-0.0153799554307301
26221,-0.0154591175298788
26222,-0.015401480404616
26223,-0.0154806425037646
26224,0.0179163823830688
26225,0.0178372202839202
26226,0.017894857409183
26227,0.0178156953100343
26228,0.0178882863333398
26229,0.0178091242341911
26230,0.0178667613594539
26231,0.0177875992603053
26232,0.0584950982188152
26233,0.0584159361196666
26234,0.0584735732449293
26235,0.0583944111457807
26236,0.0584670021690862
26237,0.0583878400699375
26238,0.0584454771952003
26239,0.0583663150960517
26240,-0.0594081510428292
26241,-0.0594873131419778
26242,-0.0594296760167151
26243,-0.0595088381158637
26244,-0.0594362470925583
26245,-0.0595154091917069
26246,-0.0594577720664441
26247,-0.0595369341655928
26248,-0.0188294352070828
26249,-0.0189085973062314
26250,-0.0188509601809687
26251,-0.0189301222801173
26252,-0.0188575312568119
26253,-0.0189366933559605
26254,-0.0188790562306978
26255,-0.0189582183298464
26256,0.0144388065569871
26257,0.0143596444578385
26258,0.0144172815831012
26259,0.0143381194839526
26260,0.014410710507258
26261,0.0143315484081094
26262,0.0143891855333721
26263,0.0143100234342235
26264,0.0550175223927335
26265,0.0549383602935848
26266,0.0549959974188476
26267,0.054916835319699
26268,0.0549894263430044
26269,0.0549102642438558
26270,0.0549679013691185
26271,0.0548887392699699
26272,-0.0598345613500344
26273,-0.059913723449183
26274,-0.0598560863239203
26275,-0.0599352484230689
26276,-0.0598626573997634
26277,-0.0599418194989121
26278,-0.0598841823736493
26279,-0.059963344472798
26280,-0.019255845514288
26281,-0.0193350076134366
26282,-0.0192773704881739
26283,-0.0193565325873225
26284,-0.0192839415640171
26285,-0.0193631036631657
26286,-0.0193054665379029
26287,-0.0193846286370516
26288,0.0140123962497819
26289,0.0139332341506333
26290,0.013990871275896
26291,0.0139117091767474
26292,0.0139843002000528
26293,0.0139051381009042
26294,0.013962775226167
26295,0.0138836131270183
26296,0.0545911120855283
26297,0.0545119499863797
26298,0.0545695871116424
26299,0.0544904250124938
26300,0.0545630160357992
26301,0.0544838539366506
26302,0.0545414910619133
26303,0.0544623289627647
26304,-0.0558852496788057
26305,-0.0559644117779544
26306,-0.0559067746526916
26307,-0.0559859367518403
26308,-0.0559133457285348
26309,-0.0559925078276834
26310,-0.0559348707024207
26311,-0.0560140328015693
26312,-0.0153065338430593
26313,-0.015385695942208
26314,-0.0153280588169452
26315,-0.0154072209160939
26316,-0.0153346298927884
26317,-0.015413791991937
26318,-0.0153561548666743
26319,-0.0154353169658229
26320,0.0179617079210105
26321,0.0178825458218619
26322,0.0179401829471247
26323,0.017861020847976
26324,0.0179336118712815
26325,0.0178544497721328
26326,0.0179120868973956
26327,0.017832924798247
26328,0.0585404237567569
26329,0.0584612616576083
26330,0.0585188987828711
26331,0.0584397366837224
26332,0.0585123277070279
26333,0.0584331656078792
26334,0.058490802733142
26335,0.0584116406339934
26336,-0.0563116599860109
26337,-0.0563908220851596
26338,-0.0563331849598968
26339,-0.0564123470590454
26340,-0.05633975603574
26341,-0.0564189181348886
26342,-0.0563612810096259
26343,-0.0564404431087745
26344,-0.0157329441502645
26345,-0.0158121062494132
26346,-0.0157544691241504
26347,-0.015833631223299
26348,-0.0157610401999936
26349,-0.0158402022991422
26350,-0.0157825651738795
26351,-0.0158617272730281
26352,0.0175352976138054
26353,0.0174561355146567
26354,0.0175137726399195
26355,0.0174346105407709
26356,0.0175072015640763
26357,0.0174280394649277
26358,0.0174856765901904
26359,0.0174065144910418
26360,0.0581140134495518
26361,0.0580348513504031
26362,0.0580924884756659
26363,0.0580133263765172
26364,0.0580859173998227
26365,0.0580067553006741
26366,0.0580643924259368
26367,0.0579852303267882
26368,-0.054055442612081
26369,-0.0541346047112297
26370,-0.0540769675859669
26371,-0.0541561296851156
26372,-0.0540835386618101
26373,-0.0541627007609588
26374,-0.054105063635696
26375,-0.0541842257348446
26376,-0.0134767267763347
26377,-0.0135558888754833
26378,-0.0134982517502205
26379,-0.0135774138493692
26380,-0.0135048228260637
26381,-0.0135839849252124
26382,-0.0135263477999496
26383,-0.0136055098990982
26384,0.0197915149877352
26385,0.0197123528885866
26386,0.0197699900138494
26387,0.0196908279147007
26388,0.0197634189380062
26389,0.0196842568388575
26390,0.0197418939641203
26391,0.0196627318649717
26392,0.0603702308234816
26393,0.060291068724333
26394,0.0603487058495957
26395,0.0602695437504471
26396,0.0603421347737526
26397,0.0602629726746039
26398,0.0603206097998667
26399,0.0602414477007181
26400,-0.0544818529192862
26401,-0.0545610150184349
26402,-0.0545033778931721
26403,-0.0545825399923207
26404,-0.0545099489690153
26405,-0.0545891110681639
26406,-0.0545314739429012
26407,-0.0546106360420498
26408,-0.0139031370835398
26409,-0.0139822991826885
26410,-0.0139246620574257
26411,-0.0140038241565744
26412,-0.0139312331332689
26413,-0.0140103952324175
26414,-0.0139527581071548
26415,-0.0140319202063034
26416,0.0193651046805301
26417,0.0192859425813814
26418,0.0193435797066442
26419,0.0192644176074955
26420,0.019337008630801
26421,0.0192578465316524
26422,0.0193154836569151
26423,0.0192363215577665
26424,0.0599438205162764
26425,0.0598646584171278
26426,0.0599222955423906
26427,0.0598431334432419
26428,0.0599157244665474
26429,0.0598365623673987
26430,0.0598941994926615
26431,0.0598150373935129
26432,-0.0505325412480576
26433,-0.0506117033472062
26434,-0.0505540662219435
26435,-0.0506332283210921
26436,-0.0505606372977867
26437,-0.0506397993969353
26438,-0.0505821622716725
26439,-0.0506613243708212
26440,-0.0099538254123112
26441,-0.0100329875114598
26442,-0.0099753503861971
26443,-0.0100545124853457
26444,-0.0099819214620403
26445,-0.0100610835611889
26446,-0.0100034464359261
26447,-0.0100826085350748
26448,0.0233144163517587
26449,0.0232352542526101
26450,0.0232928913778728
26451,0.0232137292787242
26452,0.0232863203020296
26453,0.023207158202881
26454,0.0232647953281438
26455,0.0231856332289951
26456,0.0638931321875051
26457,0.0638139700883565
26458,0.0638716072136192
26459,0.0637924451144706
26460,0.063865036137776
26461,0.0637858740386274
26462,0.0638435111638901
26463,0.0637643490647415
26464,-0.0509589515552628
26465,-0.0510381136544114
26466,-0.0509804765291487
26467,-0.0510596386282973
26468,-0.0509870476049918
26469,-0.0510662097041405
26470,-0.0510085725788777
26471,-0.0510877346780264
26472,-0.0103802357195164
26473,-0.010459397818665
26474,-0.0104017606934023
26475,-0.0104809227925509
26476,-0.0104083317692454
26477,-0.0104874938683941
26478,-0.0104298567431313
26479,-0.01050901884228
26480,0.0228880060445535
26481,0.0228088439454049
26482,0.0228664810706676
26483,0.022787318971519
26484,0.0228599099948244
26485,0.0227807478956758
26486,0.0228383850209386
26487,0.0227592229217899
26488,0.0634667218802999
26489,0.0633875597811513
26490,0.063445196906414
26491,0.0633660348072654
26492,0.0634386258305708
26493,0.0633594637314222
26494,0.063417100856685
26495,0.0633379387575363
26496,-0.0544365273813445
26497,-0.0545156894804932
26498,-0.0544580523552304
26499,-0.054537214454379
26500,-0.0544646234310736
26501,-0.0545437855302222
26502,-0.0544861484049595
26503,-0.0545653105041081
26504,-0.0138578115455981
26505,-0.0139369736447468
26506,-0.013879336519484
26507,-0.0139584986186326
26508,-0.0138859075953272
26509,-0.0139650696944758
26510,-0.0139074325692131
26511,-0.0139865946683617
26512,0.0194104302184718
26513,0.0193312681193231
26514,0.0193889052445859
26515,0.0193097431454373
26516,0.0193823341687427
26517,0.0193031720695941
26518,0.0193608091948568
26519,0.0192816470957082
26520,0.0599891460542182
26521,0.0599099839550695
26522,0.0599676210803323
26523,0.0598884589811836
26524,0.0599610500044891
26525,0.0598818879053405
26526,0.0599395250306032
26527,0.0598603629314546
26528,-0.0548629376885497
26529,-0.0549420997876983
26530,-0.0548844626624356
26531,-0.0549636247615842
26532,-0.0548910337382788
26533,-0.0549701958374274
26534,-0.0549125587121646
26535,-0.0549917208113133
26536,-0.0142842218528033
26537,-0.0143633839519519
26538,-0.0143057468266892
26539,-0.0143849089258378
26540,-0.0143123179025324
26541,-0.014391480001681
26542,-0.0143338428764183
26543,-0.0144130049755669
26544,0.0189840199112666
26545,0.0189048578121179
26546,0.0189624949373807
26547,0.0188833328382321
26548,0.0189559238615375
26549,0.0188767617623889
26550,0.0189343988876516
26551,0.018855236788503
26552,0.059562735747013
26553,0.0594835736478643
26554,0.0595412107731271
26555,0.0594620486739785
26556,0.0595346396972839
26557,0.0594554775981353
26558,0.059513114723398
26559,0.0594339526242494
26560,-0.0509136260173211
26561,-0.0509927881164697
26562,-0.0509351509912069
26563,-0.0510143130903556
26564,-0.0509417220670501
26565,-0.0510208841661988
26566,-0.050963247040936
26567,-0.0510424091400846
26568,-0.0103349101815747
26569,-0.0104140722807233
26570,-0.0103564351554605
26571,-0.0104355972546092
26572,-0.0103630062313037
26573,-0.0104421683304524
26574,-0.0103845312051896
26575,-0.0104636933043382
26576,0.0229333315824952
26577,0.0228541694833466
26578,0.0229118066086094
26579,0.0228326445094607
26580,0.0229052355327662
26581,0.0228260734336175
26582,0.0228837105588803
26583,0.0228045484597316
26584,0.0635120474182416
26585,0.063432885319093
26586,0.0634905224443558
26587,0.0634113603452071
26588,0.0634839513685126
26589,0.0634047892693639
26590,0.0634624263946267
26591,0.063383264295478
26592,-0.0513400363245262
26593,-0.0514191984236749
26594,-0.0513615612984121
26595,-0.0514407233975608
26596,-0.0513681323742553
26597,-0.0514472944734039
26598,-0.0513896573481412
26599,-0.0514688194472898
26600,-0.0107613204887799
26601,-0.0108404825879285
26602,-0.0107828454626657
26603,-0.0108620075618144
26604,-0.0107894165385089
26605,-0.0108685786376576
26606,-0.0108109415123948
26607,-0.0108901036115434
26608,0.02250692127529
26609,0.0224277591761414
26610,0.0224853963014042
26611,0.0224062342022555
26612,0.022478825225561
26613,0.0223996631264123
26614,0.0224573002516751
26615,0.0223781381525265
26616,0.0630856371110364
26617,0.0630064750118878
26618,0.0630641121371506
26619,0.0629849500380019
26620,0.0630575410613074
26621,0.0629783789621587
26622,0.0630360160874215
26623,0.0629568539882729
26624,-0.0817539120015784
26625,-0.081833074100727
26626,-0.0817754369754643
26627,-0.0818545990746129
26628,-0.0817820080513075
26629,-0.0818611701504561
26630,-0.0818035330251933
26631,-0.081882695124342
26632,-0.041175196165832
26633,-0.0412543582649806
26634,-0.0411967211397179
26635,-0.0412758832388665
26636,-0.0412032922155611
26637,-0.0412824543147097
26638,-0.041224817189447
26639,-0.0413039792885956
26640,-0.007906954401762
26641,-0.0079861165009106
26642,-0.0079284793756479
26643,-0.0080076414747965
26644,-0.0079350504514911
26645,-0.0080142125506397
26646,-0.007956575425377
26647,-0.0080357375245256
26648,0.0326717614339843
26649,0.0325925993348356
26650,0.0326502364600984
26651,0.0325710743609498
26652,0.0326436653842552
26653,0.0325645032851066
26654,0.0326221404103693
26655,0.0325429783112207
26656,-0.0821803223087836
26657,-0.0822594844079322
26658,-0.0822018472826695
26659,-0.0822810093818181
26660,-0.0822084183585126
26661,-0.0822875804576613
26662,-0.0822299433323985
26663,-0.0823091054315472
26664,-0.0416016064730372
26665,-0.0416807685721858
26666,-0.0416231314469231
26667,-0.0417022935460717
26668,-0.0416297025227663
26669,-0.0417088646219149
26670,-0.0416512274966521
26671,-0.0417303895958008
26672,-0.0083333647089672
26673,-0.0084125268081158
26674,-0.0083548896828531
26675,-0.0084340517820017
26676,-0.0083614607586963
26677,-0.0084406228578449
26678,-0.0083829857325821
26679,-0.0084621478317308
26680,0.0322453511267791
26681,0.0321661890276305
26682,0.0322238261528932
26683,0.0321446640537446
26684,0.03221725507705
26685,0.0321380929779014
26686,0.0321957301031642
26687,0.0321165680040155
26688,-0.0782310106375549
26689,-0.0783101727367036
26690,-0.0782525356114408
26691,-0.0783316977105894
26692,-0.078259106687284
26693,-0.0783382687864326
26694,-0.0782806316611699
26695,-0.0783597937603185
26696,-0.0376522948018086
26697,-0.0377314569009572
26698,-0.0376738197756944
26699,-0.0377529818748431
26700,-0.0376803908515376
26701,-0.0377595529506863
26702,-0.0377019158254235
26703,-0.0377810779245721
26704,-0.0043840530377386
26705,-0.0044632151368872
26706,-0.0044055780116244
26707,-0.0044847401107731
26708,-0.0044121490874676
26709,-0.0044913111866163
26710,-0.0044336740613535
26711,-0.0045128361605021
26712,0.0361946627980077
26713,0.0361155006988591
26714,0.0361731378241219
26715,0.0360939757249732
26716,0.0361665667482787
26717,0.03608740464913
26718,0.0361450417743928
26719,0.0360658796752442
26720,-0.0786574209447601
26721,-0.0787365830439088
26722,-0.078678945918646
26723,-0.0787581080177946
26724,-0.0786855169944892
26725,-0.0787646790936378
26726,-0.0787070419683751
26727,-0.0787862040675237
26728,-0.0380787051090137
26729,-0.0381578672081624
26730,-0.0381002300828996
26731,-0.0381793921820482
26732,-0.0381068011587428
26733,-0.0381859632578914
26734,-0.0381283261326287
26735,-0.0382074882317773
26736,-0.0048104633449437
26737,-0.0048896254440924
26738,-0.0048319883188296
26739,-0.0049111504179782
26740,-0.0048385593946728
26741,-0.0049177214938214
26742,-0.0048600843685587
26743,-0.0049392464677073
26744,0.0357682524908026
26745,0.0356890903916539
26746,0.0357467275169167
26747,0.035667565417768
26748,0.0357401564410735
26749,0.0356609943419249
26750,0.0357186314671876
26751,0.035639469368039
26752,-0.0821349967708418
26753,-0.0822141588699905
26754,-0.0821565217447277
26755,-0.0822356838438764
26756,-0.0821630928205709
26757,-0.0822422549197196
26758,-0.0821846177944568
26759,-0.0822637798936054
26760,-0.0415562809350955
26761,-0.0416354430342441
26762,-0.0415778059089814
26763,-0.04165696800813
26764,-0.0415843769848245
26765,-0.0416635390839732
26766,-0.0416059019587104
26767,-0.0416850640578591
26768,-0.0082880391710255
26769,-0.0083672012701741
26770,-0.0083095641449114
26771,-0.00838872624406
26772,-0.0083161352207545
26773,-0.0083952973199032
26774,-0.0083376601946404
26775,-0.0084168222937891
26776,0.0322906766647208
26777,0.0322115145655722
26778,0.0322691516908349
26779,0.0321899895916863
26780,0.0322625806149917
26781,0.0321834185158431
26782,0.0322410556411059
26783,0.0321618935419572
26784,-0.0825614070780471
26785,-0.0826405691771957
26786,-0.0825829320519329
26787,-0.0826620941510816
26788,-0.0825895031277761
26789,-0.0826686652269247
26790,-0.082611028101662
26791,-0.0826901902008106
26792,-0.0419826912423007
26793,-0.0420618533414493
26794,-0.0420042162161865
26795,-0.0420833783153352
26796,-0.0420107872920297
26797,-0.0420899493911784
26798,-0.0420323122659156
26799,-0.0421114743650642
26800,-0.0087144494782307
26801,-0.0087936115773793
26802,-0.0087359744521165
26803,-0.0088151365512652
26804,-0.0087425455279597
26805,-0.0088217076271084
26806,-0.0087640705018456
26807,-0.0088432326009942
26808,0.0318642663575156
26809,0.031785104258367
26810,0.0318427413836297
26811,0.0317635792844811
26812,0.0318361703077866
26813,0.0317570082086379
26814,0.0318146453339007
26815,0.031735483234752
26816,-0.0786120954068184
26817,-0.078691257505967
26818,-0.0786336203807043
26819,-0.0787127824798529
26820,-0.0786401914565475
26821,-0.0787193535556961
26822,-0.0786617164304333
26823,-0.078740878529582
26824,-0.038033379571072
26825,-0.0381125416702207
26826,-0.0380549045449579
26827,-0.0381340666441065
26828,-0.0380614756208011
26829,-0.0381406377199497
26830,-0.038083000594687
26831,-0.0381621626938356
26832,-0.004765137807002
26833,-0.0048442999061507
26834,-0.0047866627808879
26835,-0.0048658248800365
26836,-0.0047932338567311
26837,-0.0048723959558797
26838,-0.004814758830617
26839,-0.0048939209297656
26840,0.0358135780287443
26841,0.0357344159295956
26842,0.0357920530548584
26843,0.0357128909557098
26844,0.0357854819790152
26845,0.0357063198798666
26846,0.0357639570051293
26847,0.0356847949059807
26848,-0.0790385057140236
26849,-0.0791176678131722
26850,-0.0790600306879095
26851,-0.0791391927870581
26852,-0.0790666017637527
26853,-0.0791457638629013
26854,-0.0790881267376385
26855,-0.0791672888367872
26856,-0.0384597898782772
26857,-0.0385389519774258
26858,-0.0384813148521631
26859,-0.0385604769513117
26860,-0.0384878859280063
26861,-0.0385670480271549
26862,-0.0385094109018921
26863,-0.0385885730010408
26864,-0.0051915481142072
26865,-0.0052707102133558
26866,-0.0052130730880931
26867,-0.0052922351872417
26868,-0.0052196441639363
26869,-0.0052988062630849
26870,-0.0052411691378221
26871,-0.0053203312369708
26872,0.0353871677215391
26873,0.0353080056223904
26874,0.0353656427476532
26875,0.0352864806485046
26876,0.03535907167181
26877,0.0352799095726614
26878,0.0353375466979241
26879,0.0352583845987755
26880,-0.0767822883400937
26881,-0.0768614504392424
26882,-0.0768038133139796
26883,-0.0768829754131282
26884,-0.0768103843898228
26885,-0.0768895464889714
26886,-0.0768319093637086
26887,-0.0769110714628573
26888,-0.0362035725043473
26889,-0.036282734603496
26890,-0.0362250974782332
26891,-0.0363042595773819
26892,-0.0362316685540764
26893,-0.036310830653225
26894,-0.0362531935279623
26895,-0.0363323556271109
26896,-0.0029353307402773
26897,-0.003014492839426
26898,-0.0029568557141632
26899,-0.0030360178133118
26900,-0.0029634267900064
26901,-0.003042588889155
26902,-0.0029849517638923
26903,-0.0030641138630409
26904,0.037643385095469
26905,0.0375642229963203
26906,0.0376218601215831
26907,0.0375426980224344
26908,0.0376152890457399
26909,0.0375361269465912
26910,0.037593764071854
26911,0.0375146019727054
26912,-0.0772086986472989
26913,-0.0772878607464475
26914,-0.0772302236211848
26915,-0.0773093857203334
26916,-0.077236794697028
26917,-0.0773159567961766
26918,-0.0772583196709138
26919,-0.0773374817700625
26920,-0.0366299828115525
26921,-0.0367091449107012
26922,-0.0366515077854384
26923,-0.036730669884587
26924,-0.0366580788612816
26925,-0.0367372409604302
26926,-0.0366796038351675
26927,-0.0367587659343161
26928,-0.0033617410474825
26929,-0.0034409031466312
26930,-0.0033832660213684
26931,-0.003462428120517
26932,-0.0033898370972116
26933,-0.0034689991963602
26934,-0.0034113620710975
26935,-0.0034905241702461
26936,0.0372169747882638
26937,0.0371378126891151
26938,0.0371954498143779
26939,0.0371162877152293
26940,0.0371888787385347
26941,0.0371097166393861
26942,0.0371673537646488
26943,0.0370881916655002
26944,-0.0732593869760703
26945,-0.0733385490752189
26946,-0.0732809119499561
26947,-0.0733600740491048
26948,-0.0732874830257993
26949,-0.073366645124948
26950,-0.0733090079996852
26951,-0.0733881700988338
26952,-0.0326806711403239
26953,-0.0327598332394725
26954,-0.0327021961142098
26955,-0.0327813582133584
26956,-0.0327087671900529
26957,-0.0327879292892016
26958,-0.0327302921639388
26959,-0.0328094542630875
26960,0.000587570623746
26961,0.0005084085245974
26962,0.0005660456498601
26963,0.0004868835507115
26964,0.000559474574017
26965,0.0004803124748683
26966,0.0005379496001311
26967,0.0004587875009824
26968,0.0411662864594924
26969,0.0410871243603438
26970,0.0411447614856065
26971,0.0410655993864579
26972,0.0411381904097633
26973,0.0410590283106147
26974,0.0411166654358775
26975,0.0410375033367288
26976,-0.0736857972832754
26977,-0.0737649593824241
26978,-0.0737073222571613
26979,-0.07378648435631
26980,-0.0737138933330045
26981,-0.0737930554321531
26982,-0.0737354183068904
26983,-0.073814580406039
26984,-0.0331070814475291
26985,-0.0331862435466777
26986,-0.0331286064214149
26987,-0.0332077685205636
26988,-0.0331351774972581
26989,-0.0332143395964068
26990,-0.033156702471144
26991,-0.0332358645702926
26992,0.0001611603165408
26993,8.199821739225769e-05
26994,0.000139635342655
26995,6.047324350637965e-05
26996,0.0001330642668118
26997,5.39021676631927e-05
26998,0.0001115392929259
26999,3.237719377731467e-05
27000,0.0407398761522872
27001,0.0406607140531386
27002,0.0407183511784014
27003,0.0406391890792527
27004,0.0407117801025582
27005,0.0406326180034095
27006,0.0406902551286723
27007,0.0406110930295237
27008,-0.0771633731093572
27009,-0.0772425352085058
27010,-0.0771848980832431
27011,-0.0772640601823917
27012,-0.0771914691590863
27013,-0.0772706312582349
27014,-0.0772129941329721
27015,-0.0772921562321208
27016,-0.0365846572736108
27017,-0.0366638193727594
27018,-0.0366061822474967
27019,-0.0366853443466453
27020,-0.0366127533233399
27021,-0.0366919154224885
27022,-0.0366342782972257
27023,-0.0367134403963744
27024,-0.0033164155095408
27025,-0.0033955776086894
27026,-0.0033379404834267
27027,-0.0034171025825753
27028,-0.0033445115592699
27029,-0.0034236736584185
27030,-0.0033660365331557
27031,-0.0034451986323044
27032,0.0372623003262055
27033,0.0371831382270568
27034,0.0372407753523196
27035,0.037161613253171
27036,0.0372342042764764
27037,0.0371550421773278
27038,0.0372126793025905
27039,0.0371335172034419
27040,-0.0775897834165624
27041,-0.077668945515711
27042,-0.0776113083904482
27043,-0.0776904704895969
27044,-0.0776178794662914
27045,-0.0776970415654401
27046,-0.0776394044401773
27047,-0.077718566539326
27048,-0.037011067580816
27049,-0.0370902296799646
27050,-0.0370325925547019
27051,-0.0371117546538505
27052,-0.037039163630545
27053,-0.0371183257296937
27054,-0.0370606886044309
27055,-0.0371398507035796
27056,-0.003742825816746
27057,-0.0038219879158946
27058,-0.0037643507906319
27059,-0.0038435128897805
27060,-0.0037709218664751
27061,-0.0038500839656237
27062,-0.0037924468403609
27063,-0.0038716089395096
27064,0.0368358900190003
27065,0.0367567279198517
27066,0.0368143650451144
27067,0.0367352029459658
27068,0.0368077939692712
27069,0.0367286318701226
27070,0.0367862689953854
27071,0.0367071068962367
27072,-0.0736404717453337
27073,-0.0737196338444824
27074,-0.0736619967192196
27075,-0.0737411588183682
27076,-0.0736685677950628
27077,-0.0737477298942114
27078,-0.0736900927689487
27079,-0.0737692548680973
27080,-0.0330617559095873
27081,-0.033140918008736
27082,-0.0330832808834732
27083,-0.0331624429826219
27084,-0.0330898519593164
27085,-0.033169014058465
27086,-0.0331113769332023
27087,-0.0331905390323509
27088,0.0002064858544826
27089,0.0001273237553339
27090,0.0001849608805967
27091,0.000105798781448
27092,0.0001783898047535
27093,9.922770560490586e-05
27094,0.0001568648308676
27095,7.770273171902783e-05
27096,0.0407852016902289
27097,0.0407060395910803
27098,0.0407636767163431
27099,0.0406845146171944
27100,0.0407571056404999
27101,0.0406779435413512
27102,0.040735580666614
27103,0.0406564185674654
27104,-0.0740668820525389
27105,-0.0741460441516876
27106,-0.0740884070264248
27107,-0.0741675691255734
27108,-0.074094978102268
27109,-0.0741741402014166
27110,-0.0741165030761539
27111,-0.0741956651753025
27112,-0.0334881662167925
27113,-0.0335673283159412
27114,-0.0335096911906784
27115,-0.033588853289827
27116,-0.0335162622665216
27117,-0.0335954243656702
27118,-0.0335377872404075
27119,-0.0336169493395561
27120,-0.0002199244527225
27121,-0.0002990865518712
27122,-0.0002414494266084
27123,-0.000320611525757
27124,-0.0002480205024516
27125,-0.0003271826016002
27126,-0.0002695454763375
27127,-0.0003487075754861
27128,0.0403587913830238
27129,0.0402796292838751
27130,0.0403372664091379
27131,0.0402581043099892
27132,0.0403306953332947
27133,0.0402515332341461
27134,0.0403091703594088
27135,0.0402300082602602
27136,-0.0591657765318354
27137,-0.0592449386309841
27138,-0.0591873015057213
27139,-0.0592664636048699
27140,-0.0591938725815645
27141,-0.0592730346807131
27142,-0.0592153975554504
27143,-0.059294559654599
27144,-0.018587060696089
27145,-0.0186662227952377
27146,-0.0186085856699749
27147,-0.0186877477691235
27148,-0.0186151567458181
27149,-0.0186943188449667
27150,-0.018636681719704
27151,-0.0187158438188526
27152,0.0146811810679809
27153,0.0146020189688322
27154,0.014659656094095
27155,0.0145804939949463
27156,0.0146530850182518
27157,0.0145739229191032
27158,0.0146315600443659
27159,0.0145523979452173
27160,0.0552598969037273
27161,0.0551807348045786
27162,0.0552383719298414
27163,0.0551592098306927
27164,0.0552318008539982
27165,0.0551526387548495
27166,0.0552102758801123
27167,0.0551311137809637
27168,-0.0595921868390406
27169,-0.0596713489381892
27170,-0.0596137118129265
27171,-0.0596928739120751
27172,-0.0596202828887697
27173,-0.0596994449879183
27174,-0.0596418078626556
27175,-0.0597209699618042
27176,-0.0190134710032942
27177,-0.0190926331024429
27178,-0.0190349959771801
27179,-0.0191141580763287
27180,-0.0190415670530233
27181,-0.0191207291521719
27182,-0.0190630920269092
27183,-0.0191422541260578
27184,0.0142547707607757
27185,0.014175608661627
27186,0.0142332457868898
27187,0.0141540836877412
27188,0.0142266747110466
27189,0.014147512611898
27190,0.0142051497371607
27191,0.0141259876380121
27192,0.0548334865965221
27193,0.0547543244973734
27194,0.0548119616226362
27195,0.0547327995234876
27196,0.054805390546793
27197,0.0547262284476444
27198,0.0547838655729071
27199,0.0547047034737585
27200,-0.055642875167812
27201,-0.0557220372669606
27202,-0.0556644001416978
27203,-0.0557435622408465
27204,-0.055670971217541
27205,-0.0557501333166897
27206,-0.0556924961914269
27207,-0.0557716582905755
27208,-0.0150641593320656
27209,-0.0151433214312142
27210,-0.0150856843059515
27211,-0.0151648464051001
27212,-0.0150922553817946
27213,-0.0151714174809433
27214,-0.0151137803556805
27215,-0.0151929424548292
27216,0.0182040824320043
27217,0.0181249203328557
27218,0.0181825574581184
27219,0.0181033953589698
27220,0.0181759863822753
27221,0.0180968242831266
27222,0.0181544614083894
27223,0.0180752993092407
27224,0.0587827982677507
27225,0.0587036361686021
27226,0.0587612732938648
27227,0.0586821111947162
27228,0.0587547022180217
27229,0.058675540118873
27230,0.0587331772441358
27231,0.0586540151449871
27232,-0.0560692854750171
27233,-0.0561484475741658
27234,-0.056090810448903
27235,-0.0561699725480517
27236,-0.0560973815247462
27237,-0.0561765436238948
27238,-0.0561189064986321
27239,-0.0561980685977807
27240,-0.0154905696392708
27241,-0.0155697317384194
27242,-0.0155120946131566
27243,-0.0155912567123053
27244,-0.0155186656889998
27245,-0.0155978277881485
27246,-0.0155401906628857
27247,-0.0156193527620343
27248,0.0177776721247991
27249,0.0176985100256505
27250,0.0177561471509133
27251,0.0176769850517646
27252,0.0177495760750701
27253,0.0176704139759214
27254,0.0177280511011842
27255,0.0176488890020356
27256,0.0583563879605455
27257,0.0582772258613969
27258,0.0583348629866596
27259,0.058255700887511
27260,0.0583282919108165
27261,0.0582491298116678
27262,0.0583067669369306
27263,0.058227604837782
27264,-0.0595468613010989
27265,-0.0596260234002475
27266,-0.0595683862749848
27267,-0.0596475483741334
27268,-0.059574957350828
27269,-0.0596541194499766
27270,-0.0595964823247138
27271,-0.0596756444238625
27272,-0.0189681454653525
27273,-0.0190473075645011
27274,-0.0189896704392384
27275,-0.019068832538387
27276,-0.0189962415150816
27277,-0.0190754036142302
27278,-0.0190177664889674
27279,-0.0190969285881161
27280,0.0143000962987174
27281,0.0142209341995688
27282,0.0142785713248315
27283,0.0141994092256829
27284,0.0142720002489883
27285,0.0141928381498397
27286,0.0142504752751025
27287,0.0141713131759538
27288,0.0548788121344638
27289,0.0547996500353151
27290,0.0548572871605779
27291,0.0547781250614293
27292,0.0548507160847347
27293,0.0547715539855861
27294,0.0548291911108488
27295,0.0547500290117002
27296,-0.0599732716083041
27297,-0.0600524337074527
27298,-0.05999479658219
27299,-0.0600739586813386
27300,-0.0600013676580331
27301,-0.0600805297571818
27302,-0.060022892631919
27303,-0.0601020547310677
27304,-0.0193945557725577
27305,-0.0194737178717063
27306,-0.0194160807464436
27307,-0.0194952428455922
27308,-0.0194226518222868
27309,-0.0195018139214354
27310,-0.0194441767961726
27311,-0.0195233388953213
27312,0.0138736859915122
27313,0.0137945238923636
27314,0.0138521610176263
27315,0.0137729989184777
27316,0.0138455899417831
27317,0.0137664278426345
27318,0.0138240649678973
27319,0.0137449028687486
27320,0.0544524018272586
27321,0.05437323972811
27322,0.0544308768533727
27323,0.0543517147542241
27324,0.0544243057775295
27325,0.0543451436783809
27326,0.0544027808036437
27327,0.054323618704495
27328,-0.0560239599370754
27329,-0.0561031220362241
27330,-0.0560454849109613
27331,-0.0561246470101099
27332,-0.0560520559868045
27333,-0.0561312180859531
27334,-0.0560735809606904
27335,-0.056152743059839
27336,-0.015445244101329
27337,-0.0155244062004777
27338,-0.0154667690752149
27339,-0.0155459311743636
27340,-0.0154733401510581
27341,-0.0155525022502067
27342,-0.015494865124944
27343,-0.0155740272240926
27344,0.0178229976627409
27345,0.0177438355635922
27346,0.017801472688855
27347,0.0177223105897063
27348,0.0177949016130118
27349,0.0177157395138632
27350,0.0177733766391259
27351,0.0176942145399773
27352,0.0584017134984872
27353,0.0583225513993386
27354,0.0583801885246014
27355,0.0583010264254527
27356,0.0583736174487582
27357,0.0582944553496096
27358,0.0583520924748723
27359,0.0582729303757237
27360,-0.0564503702442806
27361,-0.0565295323434293
27362,-0.0564718952181665
27363,-0.0565510573173151
27364,-0.0564784662940097
27365,-0.0565576283931583
27366,-0.0564999912678956
27367,-0.0565791533670442
27368,-0.0158716544085342
27369,-0.0159508165076829
27370,-0.0158931793824201
27371,-0.0159723414815687
27372,-0.0158997504582633
27373,-0.0159789125574119
27374,-0.0159212754321492
27375,-0.0160004375312978
27376,0.0173965873555357
27377,0.017317425256387
27378,0.0173750623816498
27379,0.0172959002825012
27380,0.0173684913058066
27381,0.017289329206658
27382,0.0173469663319207
27383,0.0172678042327721
27384,0.0579753031912821
27385,0.0578961410921334
27386,0.0579537782173962
27387,0.0578746161182475
27388,0.057947207141553
27389,0.0578680450424044
27390,0.0579256821676671
27391,0.0578465200685185
27392,-0.0541941528703507
27393,-0.0542733149694994
27394,-0.0542156778442366
27395,-0.0542948399433853
27396,-0.0542222489200798
27397,-0.0543014110192284
27398,-0.0542437738939657
27399,-0.0543229359931143
27400,-0.0136154370346044
27401,-0.013694599133753
27402,-0.0136369620084902
27403,-0.0137161241076389
27404,-0.0136435330843334
27405,-0.0137226951834821
27406,-0.0136650580582193
27407,-0.0137442201573679
27408,0.0196528047294655
27409,0.0195736426303169
27410,0.0196312797555797
27411,0.019552117656431
27412,0.0196247086797365
27413,0.0195455465805878
27414,0.0196031837058506
27415,0.019524021606702
27416,0.0602315205652119
27417,0.0601523584660633
27418,0.060209995591326
27419,0.0601308334921774
27420,0.0602034245154829
27421,0.0601242624163342
27422,0.060181899541597
27423,0.0601027374424484
27424,-0.0546205631775559
27425,-0.0546997252767046
27426,-0.0546420881514418
27427,-0.0547212502505904
27428,-0.054648659227285
27429,-0.0547278213264336
27430,-0.0546701842011709
27431,-0.0547493463003195
27432,-0.0140418473418095
27433,-0.0141210094409582
27434,-0.0140633723156954
27435,-0.0141425344148441
27436,-0.0140699433915386
27437,-0.0141491054906872
27438,-0.0140914683654245
27439,-0.0141706304645731
27440,0.0192263944222604
27441,0.0191472323231117
27442,0.0192048694483745
27443,0.0191257073492258
27444,0.0191982983725313
27445,0.0191191362733827
27446,0.0191767733986454
27447,0.0190976112994968
27448,0.0598051102580068
27449,0.0597259481588581
27450,0.0597835852841209
27451,0.0597044231849722
27452,0.0597770142082777
27453,0.059697852109129
27454,0.0597554892343918
27455,0.0596763271352432
27456,-0.0506712515063273
27457,-0.0507504136054759
27458,-0.0506927764802132
27459,-0.0507719385793618
27460,-0.0506993475560564
27461,-0.050778509655205
27462,-0.0507208725299422
27463,-0.0508000346290909
27464,-0.0100925356705809
27465,-0.0101716977697295
27466,-0.0101140606444668
27467,-0.0101932227436154
27468,-0.01012063172031
27469,-0.0101997938194586
27470,-0.0101421566941958
27471,-0.0102213187933445
27472,0.023175706093489
27473,0.0230965439943404
27474,0.0231541811196031
27475,0.0230750190204545
27476,0.0231476100437599
27477,0.0230684479446113
27478,0.0231260850698741
27479,0.0230469229707254
27480,0.0637544219292354
27481,0.0636752598300868
27482,0.0637328969553495
27483,0.0636537348562009
27484,0.0637263258795063
27485,0.0636471637803577
27486,0.0637048009056204
27487,0.0636256388064718
27488,-0.0510976618135325
27489,-0.0511768239126811
27490,-0.0511191867874184
27491,-0.051198348886567
27492,-0.0511257578632615
27493,-0.0512049199624102
27494,-0.0511472828371474
27495,-0.0512264449362961
27496,-0.0105189459777861
27497,-0.0105981080769347
27498,-0.010540470951672
27499,-0.0106196330508206
27500,-0.0105470420275151
27501,-0.0106262041266638
27502,-0.010568567001401
27503,-0.0106477291005497
27504,0.0227492957862838
27505,0.0226701336871352
27506,0.0227277708123979
27507,0.0226486087132493
27508,0.0227211997365548
27509,0.0226420376374061
27510,0.0226996747626689
27511,0.0226205126635202
27512,0.0633280116220302
27513,0.0632488495228816
27514,0.0633064866481443
27515,0.0632273245489957
27516,0.0632999155723012
27517,0.0632207534731525
27518,0.0632783905984153
27519,0.0631992284992666
27520,-0.0545752376396142
27521,-0.0546543997387629
27522,-0.0545967626135001
27523,-0.0546759247126487
27524,-0.0546033336893433
27525,-0.0546824957884919
27526,-0.0546248586632292
27527,-0.0547040207623778
27528,-0.0139965218038678
27529,-0.0140756839030165
27530,-0.0140180467777537
27531,-0.0140972088769023
27532,-0.0140246178535969
27533,-0.0141037799527455
27534,-0.0140461428274828
27535,-0.0141253049266314
27536,0.0192717199602021
27537,0.0191925578610534
27538,0.0192501949863162
27539,0.0191710328871676
27540,0.019243623910473
27541,0.0191644618113244
27542,0.0192220989365871
27543,0.0191429368374385
27544,0.0598504357959485
27545,0.0597712736967998
27546,0.0598289108220626
27547,0.0597497487229139
27548,0.0598223397462194
27549,0.0597431776470708
27550,0.0598008147723335
27551,0.0597216526731849
27552,-0.0550016479468194
27553,-0.055080810045968
27554,-0.0550231729207053
27555,-0.0551023350198539
27556,-0.0550297439965485
27557,-0.0551089060956971
27558,-0.0550512689704343
27559,-0.055130431069583
27560,-0.014422932111073
27561,-0.0145020942102216
27562,-0.0144444570849589
27563,-0.0145236191841075
27564,-0.0144510281608021
27565,-0.0145301902599507
27566,-0.014472553134688
27567,-0.0145517152338366
27568,0.0188453096529969
27569,0.0187661475538483
27570,0.018823784679111
27571,0.0187446225799624
27572,0.0188172136032678
27573,0.0187380515041192
27574,0.0187956886293819
27575,0.0187165265302333
27576,0.0594240254887433
27577,0.0593448633895946
27578,0.0594025005148574
27579,0.0593233384157088
27580,0.0593959294390142
27581,0.0593167673398656
27582,0.0593744044651283
27583,0.0592952423659797
27584,-0.0510523362755908
27585,-0.0511314983747394
27586,-0.0510738612494766
27587,-0.0511530233486253
27588,-0.0510804323253198
27589,-0.0511595944244685
27590,-0.0511019572992057
27591,-0.0511811193983543
27592,-0.0104736204398444
27593,-0.010552782538993
27594,-0.0104951454137302
27595,-0.0105743075128789
27596,-0.0105017164895734
27597,-0.0105808785887221
27598,-0.0105232414634593
27599,-0.0106024035626079
27600,0.0227946213242255
27601,0.0227154592250769
27602,0.0227730963503397
27603,0.022693934251191
27604,0.0227665252744965
27605,0.0226873631753478
27606,0.0227450003006106
27607,0.022665838201462
27608,0.0633733371599719
27609,0.0632941750608233
27610,0.0633518121860861
27611,0.0632726500869374
27612,0.0633452411102429
27613,0.0632660790110942
27614,0.063323716136357
27615,0.0632445540372083
27616,-0.0514787465827959
27617,-0.0515579086819446
27618,-0.0515002715566818
27619,-0.0515794336558305
27620,-0.051506842632525
27621,-0.0515860047316736
27622,-0.0515283676064109
27623,-0.0516075297055595
27624,-0.0109000307470495
27625,-0.0109791928461982
27626,-0.0109215557209354
27627,-0.0110007178200841
27628,-0.0109281267967786
27629,-0.0110072888959273
27630,-0.0109496517706645
27631,-0.0110288138698131
27632,0.0223682110170203
27633,0.0222890489178717
27634,0.0223466860431345
27635,0.0222675239439858
27636,0.0223401149672913
27637,0.0222609528681426
27638,0.0223185899934054
27639,0.0222394278942568
27640,0.0629469268527667
27641,0.0628677647536181
27642,0.0629254018788809
27643,0.0628462397797322
27644,0.0629188308030377
27645,0.062839668703889
27646,0.0628973058291518
27647,0.0628181437300032
27648,-0.0816817096785984
27649,-0.0817608717777471
27650,-0.0817032346524843
27651,-0.0817823967516329
27652,-0.0817098057283275
27653,-0.0817889678274761
27654,-0.0817313307022134
27655,-0.081810492801362
27656,-0.041102993842852
27657,-0.0411821559420007
27658,-0.0411245188167379
27659,-0.0412036809158866
27660,-0.0411310898925811
27661,-0.0412102519917297
27662,-0.041152614866467
27663,-0.0412317769656156
27664,-0.007834752078782
27665,-0.0079139141779307
27666,-0.0078562770526679
27667,-0.0079354391518166
27668,-0.0078628481285111
27669,-0.0079420102276597
27670,-0.007884373102397
27671,-0.0079635352015456
27672,0.0327439637569642
27673,0.0326648016578156
27674,0.0327224387830784
27675,0.0326432766839297
27676,0.0327158677072352
27677,0.0326367056080865
27678,0.0326943427333493
27679,0.0326151806342007
27680,-0.0821081199858036
27681,-0.0821872820849523
27682,-0.0821296449596895
27683,-0.0822088070588381
27684,-0.0821362160355327
27685,-0.0822153781346813
27686,-0.0821577410094185
27687,-0.0822369031085672
27688,-0.0415294041500572
27689,-0.0416085662492059
27690,-0.0415509291239431
27691,-0.0416300912230917
27692,-0.0415575001997863
27693,-0.0416366622989349
27694,-0.0415790251736722
27695,-0.0416581872728208
27696,-0.0082611623859872
27697,-0.0083403244851359
27698,-0.0082826873598731
27699,-0.0083618494590217
27700,-0.0082892584357163
27701,-0.0083684205348649
27702,-0.0083107834096022
27703,-0.0083899455087508
27704,0.0323175534497591
27705,0.0322383913506104
27706,0.0322960284758732
27707,0.0322168663767245
27708,0.03228945740003
27709,0.0322102953008814
27710,0.0322679324261441
27711,0.0321887703269955
27712,-0.078158808314575
27713,-0.0782379704137236
27714,-0.0781803332884609
27715,-0.0782594953876095
27716,-0.078186904364304
27717,-0.0782660664634527
27718,-0.0782084293381899
27719,-0.0782875914373385
27720,-0.0375800924788286
27721,-0.0376592545779772
27722,-0.0376016174527145
27723,-0.0376807795518631
27724,-0.0376081885285577
27725,-0.0376873506277063
27726,-0.0376297135024435
27727,-0.0377088756015922
27728,-0.0043118507147586
27729,-0.0043910128139072
27730,-0.0043333756886445
27731,-0.0044125377877931
27732,-0.0043399467644876
27733,-0.0044191088636363
27734,-0.0043614717383735
27735,-0.0044406338375222
27736,0.0362668651209877
27737,0.0361877030218391
27738,0.0362453401471018
27739,0.0361661780479532
27740,0.0362387690712586
27741,0.03615960697211
27742,0.0362172440973728
27743,0.0361380819982241
27744,-0.0785852186217801
27745,-0.0786643807209288
27746,-0.078606743595666
27747,-0.0786859056948147
27748,-0.0786133146715092
27749,-0.0786924767706579
27750,-0.0786348396453951
27751,-0.0787140017445437
27752,-0.0380065027860338
27753,-0.0380856648851824
27754,-0.0380280277599196
27755,-0.0381071898590683
27756,-0.0380345988357628
27757,-0.0381137609349115
27758,-0.0380561238096487
27759,-0.0381352859087973
27760,-0.0047382610219638
27761,-0.0048174231211124
27762,-0.0047597859958496
27763,-0.0048389480949983
27764,-0.0047663570716928
27765,-0.0048455191708415
27766,-0.0047878820455787
27767,-0.0048670441447273
27768,0.0358404548137825
27769,0.0357612927146339
27770,0.0358189298398966
27771,0.035739767740748
27772,0.0358123587640535
27773,0.0357331966649048
27774,0.0357908337901676
27775,0.0357116716910189
27776,-0.0820627944478619
27777,-0.0821419565470105
27778,-0.0820843194217478
27779,-0.0821634815208964
27780,-0.082090890497591
27781,-0.0821700525967396
27782,-0.0821124154714768
27783,-0.0821915775706255
27784,-0.0414840786121155
27785,-0.0415632407112641
27786,-0.0415056035860014
27787,-0.04158476568515
27788,-0.0415121746618446
27789,-0.0415913367609932
27790,-0.0415336996357305
27791,-0.0416128617348791
27792,-0.0082158368480455
27793,-0.0082949989471942
27794,-0.0082373618219314
27795,-0.00831652392108
27796,-0.0082439328977746
27797,-0.0083230949969232
27798,-0.0082654578716605
27799,-0.0083446199708091
27800,0.0323628789877008
27801,0.0322837168885521
27802,0.0323413540138149
27803,0.0322621919146663
27804,0.0323347829379717
27805,0.0322556208388231
27806,0.0323132579640858
27807,0.0322340958649372
27808,-0.0824892047550671
27809,-0.0825683668542157
27810,-0.082510729728953
27811,-0.0825898918281016
27812,-0.0825173008047961
27813,-0.0825964629039448
27814,-0.082538825778682
27815,-0.0826179878778306
27816,-0.0419104889193207
27817,-0.0419896510184693
27818,-0.0419320138932066
27819,-0.0420111759923552
27820,-0.0419385849690498
27821,-0.0420177470681984
27822,-0.0419601099429356
27823,-0.0420392720420843
27824,-0.0086422471552507
27825,-0.0087214092543993
27826,-0.0086637721291366
27827,-0.0087429342282852
27828,-0.0086703432049798
27829,-0.0087495053041284
27830,-0.0086918681788656
27831,-0.0087710302780143
27832,0.0319364686804956
27833,0.031857306581347
27834,0.0319149437066097
27835,0.0318357816074611
27836,0.0319083726307665
27837,0.0318292105316179
27838,0.0318868476568807
27839,0.031807685557732
27840,-0.0785398930838384
27841,-0.0786190551829871
27842,-0.0785614180577243
27843,-0.078640580156873
27844,-0.0785679891335675
27845,-0.0786471512327161
27846,-0.0785895141074534
27847,-0.078668676206602
27848,-0.0379611772480921
27849,-0.0380403393472407
27850,-0.0379827022219779
27851,-0.0380618643211266
27852,-0.0379892732978211
27853,-0.0380684353969698
27854,-0.038010798271707
27855,-0.0380899603708556
27856,-0.0046929354840221
27857,-0.0047720975831707
27858,-0.0047144604579079
27859,-0.0047936225570566
27860,-0.0047210315337511
27861,-0.0048001936328998
27862,-0.004742556507637
27863,-0.0048217186067856
27864,0.0358857803517242
27865,0.0358066182525756
27866,0.0358642553778384
27867,0.0357850932786897
27868,0.0358576843019952
27869,0.0357785222028465
27870,0.0358361593281093
27871,0.0357569972289607
27872,-0.0789663033910436
27873,-0.0790454654901922
27874,-0.0789878283649295
27875,-0.0790669904640781
27876,-0.0789943994407727
27877,-0.0790735615399213
27878,-0.0790159244146586
27879,-0.0790950865138072
27880,-0.0383875875552972
27881,-0.0384667496544459
27882,-0.0384091125291831
27883,-0.0384882746283318
27884,-0.0384156836050263
27885,-0.0384948457041749
27886,-0.0384372085789122
27887,-0.0385163706780608
27888,-0.0051193457912272
27889,-0.0051985078903759
27890,-0.0051408707651131
27891,-0.0052200328642618
27892,-0.0051474418409563
27893,-0.0052266039401049
27894,-0.0051689668148422
27895,-0.0052481289139908
27896,0.035459370044519
27897,0.0353802079453704
27898,0.0354378450706332
27899,0.0353586829714845
27900,0.03543127399479
27901,0.0353521118956413
27902,0.0354097490209041
27903,0.0353305869217555
27904,-0.0767100860171137
27905,-0.0767892481162624
27906,-0.0767316109909996
27907,-0.0768107730901483
27908,-0.0767381820668428
27909,-0.0768173441659915
27910,-0.0767597070407287
27911,-0.0768388691398773
27912,-0.0361313701813674
27913,-0.036210532280516
27914,-0.0361528951552532
27915,-0.0362320572544019
27916,-0.0361594662310964
27917,-0.0362386283302451
27918,-0.0361809912049823
27919,-0.0362601533041309
27920,-0.0028631284172974
27921,-0.002942290516446
27922,-0.0028846533911832
27923,-0.0029638154903319
27924,-0.0028912244670264
27925,-0.0029703865661751
27926,-0.0029127494409123
27927,-0.0029919115400609
27928,0.0377155874184489
27929,0.0376364253193003
27930,0.037694062444563
27931,0.0376149003454144
27932,0.0376874913687199
27933,0.0376083292695712
27934,0.037665966394834
27935,0.0375868042956853
27936,-0.0771364963243189
27937,-0.0772156584234676
27938,-0.0771580212982048
27939,-0.0772371833973534
27940,-0.077164592374048
27941,-0.0772437544731966
27942,-0.0771861173479339
27943,-0.0772652794470825
27944,-0.0365577804885726
27945,-0.0366369425877212
27946,-0.0365793054624584
27947,-0.0366584675616071
27948,-0.0365858765383016
27949,-0.0366650386374503
27950,-0.0366074015121875
27951,-0.0366865636113361
27952,-0.0032895387245025
27953,-0.0033687008236512
27954,-0.0033110636983884
27955,-0.0033902257975371
27956,-0.0033176347742316
27957,-0.0033967968733802
27958,-0.0033391597481175
27959,-0.0034183218472661
27960,0.0372891771112437
27961,0.0372100150120951
27962,0.0372676521373579
27963,0.0371884900382092
27964,0.0372610810615147
27965,0.037181918962366
27966,0.0372395560876288
27967,0.0371603939884802
27968,-0.0731871846530903
27969,-0.0732663467522389
27970,-0.0732087096269762
27971,-0.0732878717261248
27972,-0.0732152807028194
27973,-0.073294442801968
27974,-0.0732368056767052
27975,-0.0733159677758539
27976,-0.0326084688173439
27977,-0.0326876309164925
27978,-0.0326299937912298
27979,-0.0327091558903784
27980,-0.032636564867073
27981,-0.0327157269662216
27982,-0.0326580898409588
27983,-0.0327372519401075
27984,0.000659772946726
27985,0.0005806108475774
27986,0.0006382479728401
27987,0.0005590858736915
27988,0.0006316768969969
27989,0.0005525147978483
27990,0.0006101519231111
27991,0.0005309898239624
27992,0.0412384887824724
27993,0.0411593266833237
27994,0.0412169638085865
27995,0.0411378017094379
27996,0.0412103927327433
27997,0.0411312306335947
27998,0.0411888677588574
27999,0.0411097056597088
28000,-0.0736135949602955
28001,-0.0736927570594441
28002,-0.0736351199341814
28003,-0.07371428203333
28004,-0.0736416910100245
28005,-0.0737208531091732
28006,-0.0736632159839104
28007,-0.0737423780830591
28008,-0.0330348791245491
28009,-0.0331140412236977
28010,-0.033056404098435
28011,-0.0331355661975836
28012,-0.0330629751742782
28013,-0.0331421372734268
28014,-0.033084500148164
28015,-0.0331636622473127
28016,0.0002333626395208
28017,0.0001542005403722
28018,0.0002118376656349
28019,0.0001326755664863
28020,0.0002052665897917
28021,0.0001261044906431
28022,0.0001837416159059
28023,0.0001045795167572
28024,0.0408120784752672
28025,0.0407329163761186
28026,0.0407905535013813
28027,0.0407113914022327
28028,0.0407839824255381
28029,0.0407048203263895
28030,0.0407624574516523
28031,0.0406832953525036
28032,-0.0770911707863772
28033,-0.0771703328855259
28034,-0.0771126957602631
28035,-0.0771918578594117
28036,-0.0771192668361063
28037,-0.0771984289352549
28038,-0.0771407918099922
28039,-0.0772199539091408
28040,-0.0365124549506308
28041,-0.0365916170497795
28042,-0.0365339799245167
28043,-0.0366131420236654
28044,-0.0365405510003599
28045,-0.0366197130995085
28046,-0.0365620759742458
28047,-0.0366412380733944
28048,-0.0032442131865608
28049,-0.0033233752857095
28050,-0.0032657381604467
28051,-0.0033449002595953
28052,-0.0032723092362899
28053,-0.0033514713354385
28054,-0.0032938342101758
28055,-0.0033729963093244
28056,0.0373345026491854
28057,0.0372553405500368
28058,0.0373129776752996
28059,0.0372338155761509
28060,0.0373064065994564
28061,0.0372272445003077
28062,0.0372848816255705
28063,0.0372057195264219
28064,-0.0775175810935824
28065,-0.077596743192731
28066,-0.0775391060674683
28067,-0.0776182681666169
28068,-0.0775456771433115
28069,-0.0776248392424601
28070,-0.0775672021171973
28071,-0.077646364216346
28072,-0.036938865257836
28073,-0.0370180273569847
28074,-0.0369603902317219
28075,-0.0370395523308705
28076,-0.0369669613075651
28077,-0.0370461234067137
28078,-0.036988486281451
28079,-0.0370676483805996
28080,-0.003670623493766
28081,-0.0037497855929147
28082,-0.0036921484676519
28083,-0.0037713105668005
28084,-0.0036987195434951
28085,-0.0037778816426437
28086,-0.003720244517381
28087,-0.0037994066165296
28088,0.0369080923419803
28089,0.0368289302428316
28090,0.0368865673680944
28091,0.0368074052689458
28092,0.0368799962922512
28093,0.0368008341931026
28094,0.0368584713183653
28095,0.0367793092192167
28096,-0.0735682694223538
28097,-0.0736474315215024
28098,-0.0735897943962396
28099,-0.0736689564953883
28100,-0.0735963654720828
28101,-0.0736755275712315
28102,-0.0736178904459687
28103,-0.0736970525451174
28104,-0.0329895535866074
28105,-0.033068715685756
28106,-0.0330110785604933
28107,-0.0330902406596419
28108,-0.0330176496363364
28109,-0.0330968117354851
28110,-0.0330391746102223
28111,-0.033118336709371
28112,0.0002786881774625
28113,0.0001995260783139
28114,0.0002571632035766
28115,0.000178001104428
28116,0.0002505921277335
28117,0.0001714300285848
28118,0.0002290671538476
28119,0.0001499050546989
28120,0.0408574040132089
28121,0.0407782419140603
28122,0.040835879039323
28123,0.0407567169401744
28124,0.0408293079634798
28125,0.0407501458643312
28126,0.040807782989594
28127,0.0407286208904453
28128,-0.0739946797295589
28129,-0.0740738418287076
28130,-0.0740162047034448
28131,-0.0740953668025935
28132,-0.074022775779288
28133,-0.0741019378784366
28134,-0.0740443007531739
28135,-0.0741234628523225
28136,-0.0334159638938126
28137,-0.0334951259929612
28138,-0.0334374888676984
28139,-0.0335166509668471
28140,-0.0334440599435416
28141,-0.0335232220426903
28142,-0.0334655849174275
28143,-0.0335447470165761
28144,-0.0001477221297426
28145,-0.0002268842288912
28146,-0.0001692471036284
28147,-0.0002484092027771
28148,-0.0001758181794716
28149,-0.0002549802786203
28150,-0.0001973431533575
28151,-0.0002765052525061
28152,0.0404309937060037
28153,0.0403518316068551
28154,0.0404094687321179
28155,0.0403303066329692
28156,0.0404028976562747
28157,0.040323735557126
28158,0.0403813726823888
28159,0.0403022105832402
28160,-0.0590935742088555
28161,-0.0591727363080041
28162,-0.0591150991827413
28163,-0.05919426128189
28164,-0.0591216702585845
28165,-0.0592008323577332
28166,-0.0591431952324704
28167,-0.059222357331619
28168,-0.0185148583731091
28169,-0.0185940204722577
28170,-0.0185363833469949
28171,-0.0186155454461436
28172,-0.0185429544228381
28173,-0.0186221165219868
28174,-0.018564479396724
28175,-0.0186436414958726
28176,0.0147533833909608
28177,0.0146742212918122
28178,0.014731858417075
28179,0.0146526963179263
28180,0.0147252873412318
28181,0.0146461252420831
28182,0.0147037623673459
28183,0.0146246002681973
28184,0.0553320992267072
28185,0.0552529371275586
28186,0.0553105742528213
28187,0.0552314121536727
28188,0.0553040031769781
28189,0.0552248410778295
28190,0.0552824782030923
28191,0.0552033161039436
28192,-0.0595199845160606
28193,-0.0595991466152093
28194,-0.0595415094899465
28195,-0.0596206715890952
28196,-0.0595480805657897
28197,-0.0596272426649383
28198,-0.0595696055396756
28199,-0.0596487676388242
28200,-0.0189412686803143
28201,-0.0190204307794629
28202,-0.0189627936542001
28203,-0.0190419557533488
28204,-0.0189693647300433
28205,-0.019048526829192
28206,-0.0189908897039292
28207,-0.0190700518030778
28208,0.0143269730837556
28209,0.014247810984607
28210,0.0143054481098698
28211,0.0142262860107211
28212,0.0142988770340266
28213,0.0142197149348779
28214,0.0142773520601407
28215,0.0141981899609921
28216,0.054905688919502
28217,0.0548265268203534
28218,0.0548841639456162
28219,0.0548050018464675
28220,0.054877592869773
28221,0.0547984307706243
28222,0.0548560678958871
28223,0.0547769057967385
28224,-0.055570672844832
28225,-0.0556498349439806
28226,-0.0555921978187179
28227,-0.0556713599178665
28228,-0.0555987688945611
28229,-0.0556779309937097
28230,-0.0556202938684469
28231,-0.0556994559675956
28232,-0.0149919570090856
28233,-0.0150711191082342
28234,-0.0150134819829715
28235,-0.0150926440821201
28236,-0.0150200530588147
28237,-0.0150992151579633
28238,-0.0150415780327005
28239,-0.0151207401318492
28240,0.0182762847549843
28241,0.0181971226558357
28242,0.0182547597810984
28243,0.0181755976819498
28244,0.0182481887052552
28245,0.0181690266061066
28246,0.0182266637313693
28247,0.0181475016322207
28248,0.0588550005907307
28249,0.058775838491582
28250,0.0588334756168448
28251,0.0587543135176962
28252,0.0588269045410016
28253,0.058747742441853
28254,0.0588053795671158
28255,0.0587262174679671
28256,-0.0559970831520372
28257,-0.0560762452511858
28258,-0.0560186081259231
28259,-0.0560977702250717
28260,-0.0560251792017662
28261,-0.0561043413009149
28262,-0.0560467041756521
28263,-0.0561258662748008
28264,-0.0154183673162908
28265,-0.0154975294154394
28266,-0.0154398922901767
28267,-0.0155190543893253
28268,-0.0154464633660199
28269,-0.0155256254651685
28270,-0.0154679883399057
28271,-0.0155471504390544
28272,0.0178498744477791
28273,0.0177707123486305
28274,0.0178283494738932
28275,0.0177491873747446
28276,0.01782177839805
28277,0.0177426162989014
28278,0.0178002534241642
28279,0.0177210913250155
28280,0.0584285902835255
28281,0.0583494281843769
28282,0.0584070653096396
28283,0.058327903210491
28284,0.0584004942337964
28285,0.0583213321346478
28286,0.0583789692599105
28287,0.0582998071607619
28288,-0.0594746589781189
28289,-0.0595538210772676
28290,-0.0594961839520048
28291,-0.0595753460511534
28292,-0.059502755027848
28293,-0.0595819171269966
28294,-0.0595242800017339
28295,-0.0596034421008825
28296,-0.0188959431423725
28297,-0.0189751052415212
28298,-0.0189174681162584
28299,-0.0189966302154071
28300,-0.0189240391921016
28301,-0.0190032012912502
28302,-0.0189455641659875
28303,-0.0190247262651361
28304,0.0143722986216974
28305,0.0142931365225487
28306,0.0143507736478115
28307,0.0142716115486628
28308,0.0143442025719683
28309,0.0142650404728197
28310,0.0143226775980824
28311,0.0142435154989338
28312,0.0549510144574437
28313,0.0548718523582951
28314,0.0549294894835579
28315,0.0548503273844092
28316,0.0549229184077147
28317,0.054843756308566
28318,0.0549013934338288
28319,0.0548222313346802
28320,-0.0599010692853241
28321,-0.0599802313844727
28322,-0.05992259425921
28323,-0.0600017563583586
28324,-0.0599291653350532
28325,-0.0600083274342018
28326,-0.0599506903089391
28327,-0.0600298524080877
28328,-0.0193223534495777
28329,-0.0194015155487264
28330,-0.0193438784234636
28331,-0.0194230405226122
28332,-0.0193504494993068
28333,-0.0194296115984554
28334,-0.0193719744731927
28335,-0.0194511365723413
28336,0.0139458883144922
28337,0.0138667262153435
28338,0.0139243633406063
28339,0.0138452012414577
28340,0.0139177922647631
28341,0.0138386301656145
28342,0.0138962672908772
28343,0.0138171051917286
28344,0.0545246041502386
28345,0.0544454420510899
28346,0.0545030791763527
28347,0.054423917077204
28348,0.0544965081005095
28349,0.0544173460013609
28350,0.0544749831266236
28351,0.054395821027475
28352,-0.0559517576140955
28353,-0.0560309197132441
28354,-0.0559732825879813
28355,-0.05605244468713
28356,-0.0559798536638245
28357,-0.0560590157629732
28358,-0.0560013786377104
28359,-0.056080540736859
28360,-0.0153730417783491
28361,-0.0154522038774977
28362,-0.015394566752235
28363,-0.0154737288513836
28364,-0.0154011378280781
28365,-0.0154802999272268
28366,-0.015422662801964
28367,-0.0155018249011127
28368,0.0178951999857208
28369,0.0178160378865722
28370,0.0178736750118349
28371,0.0177945129126863
28372,0.0178671039359918
28373,0.0177879418368431
28374,0.0178455789621059
28375,0.0177664168629572
28376,0.0584739158214672
28377,0.0583947537223186
28378,0.0584523908475813
28379,0.0583732287484327
28380,0.0584458197717381
28381,0.0583666576725895
28382,0.0584242947978523
28383,0.0583451326987036
28384,-0.0563781679213006
28385,-0.0564573300204493
28386,-0.0563996928951865
28387,-0.0564788549943352
28388,-0.0564062639710297
28389,-0.0564854260701783
28390,-0.0564277889449156
28391,-0.0565069510440642
28392,-0.0157994520855543
28393,-0.0158786141847029
28394,-0.0158209770594401
28395,-0.0159001391585888
28396,-0.0158275481352833
28397,-0.015906710234432
28398,-0.0158490731091692
28399,-0.0159282352083178
28400,0.0174687896785156
28401,0.017389627579367
28402,0.0174472647046298
28403,0.0173681026054811
28404,0.0174406936287866
28405,0.0173615315296379
28406,0.0174191686549007
28407,0.0173400065557521
28408,0.058047505514262
28409,0.0579683434151134
28410,0.0580259805403762
28411,0.0579468184412275
28412,0.058019409464533
28413,0.0579402473653843
28414,0.0579978844906471
28415,0.0579187223914984
28416,-0.0541219505473708
28417,-0.0542011126465194
28418,-0.0541434755212567
28419,-0.0542226376204053
28420,-0.0541500465970998
28421,-0.0542292086962485
28422,-0.0541715715709857
28423,-0.0542507336701344
28424,-0.0135432347116244
28425,-0.013622396810773
28426,-0.0135647596855103
28427,-0.0136439217846589
28428,-0.0135713307613535
28429,-0.0136504928605021
28430,-0.0135928557352393
28431,-0.013672017834388
28432,0.0197250070524455
28433,0.0196458449532969
28434,0.0197034820785596
28435,0.019624319979411
28436,0.0196969110027164
28437,0.0196177489035678
28438,0.0196753860288306
28439,0.0195962239296819
28440,0.0603037228881919
28441,0.0602245607890433
28442,0.060282197914306
28443,0.0602030358151574
28444,0.0602756268384628
28445,0.0601964647393142
28446,0.060254101864577
28447,0.0601749397654283
28448,-0.054548360854576
28449,-0.0546275229537246
28450,-0.0545698858284618
28451,-0.0546490479276105
28452,-0.054576456904305
28453,-0.0546556190034537
28454,-0.0545979818781909
28455,-0.0546771439773395
28456,-0.0139696450188296
28457,-0.0140488071179782
28458,-0.0139911699927154
28459,-0.0140703320918641
28460,-0.0139977410685586
28461,-0.0140769031677073
28462,-0.0140192660424445
28463,-0.0140984281415932
28464,0.0192985967452403
28465,0.0192194346460917
28466,0.0192770717713544
28467,0.0191979096722058
28468,0.0192705006955113
28469,0.0191913385963626
28470,0.0192489757216254
28471,0.0191698136224767
28472,0.0598773125809867
28473,0.0597981504818381
28474,0.0598557876071008
28475,0.0597766255079522
28476,0.0598492165312577
28477,0.059770054432109
28478,0.0598276915573718
28479,0.0597485294582231
28480,-0.0505990491833473
28481,-0.050678211282496
28482,-0.0506205741572332
28483,-0.0506997362563818
28484,-0.0506271452330764
28485,-0.050706307332225
28486,-0.0506486702069623
28487,-0.0507278323061109
28488,-0.0100203333476009
28489,-0.0100994954467496
28490,-0.0100418583214868
28491,-0.0101210204206354
28492,-0.01004842939733
28493,-0.0101275914964786
28494,-0.0100699543712159
28495,-0.0101491164703645
28496,0.023247908416469
28497,0.0231687463173203
28498,0.0232263834425831
28499,0.0231472213434345
28500,0.0232198123667399
28501,0.0231406502675913
28502,0.023198287392854
28503,0.0231191252937054
28504,0.0638266242522154
28505,0.0637474621530667
28506,0.0638050992783295
28507,0.0637259371791809
28508,0.0637985282024863
28509,0.0637193661033377
28510,0.0637770032286004
28511,0.0636978411294518
28512,-0.0510254594905525
28513,-0.0511046215897011
28514,-0.0510469844644384
28515,-0.051126146563587
28516,-0.0510535555402816
28517,-0.0511327176394302
28518,-0.0510750805141674
28519,-0.0511542426133161
28520,-0.0104467436548061
28521,-0.0105259057539547
28522,-0.010468268628692
28523,-0.0105474307278406
28524,-0.0104748397045352
28525,-0.0105540018036838
28526,-0.0104963646784211
28527,-0.0105755267775697
28528,0.0228214981092638
28529,0.0227423360101152
28530,0.0227999731353779
28531,0.0227208110362293
28532,0.0227934020595347
28533,0.0227142399603861
28534,0.0227718770856488
28535,0.0226927149865002
28536,0.0634002139450102
28537,0.0633210518458615
28538,0.0633786889711243
28539,0.0632995268719757
28540,0.0633721178952811
28541,0.0632929557961325
28542,0.0633505929213952
28543,0.0632714308222466
28544,-0.0545030353166342
28545,-0.0545821974157829
28546,-0.0545245602905201
28547,-0.0546037223896688
28548,-0.0545311313663633
28549,-0.054610293465512
28550,-0.0545526563402492
28551,-0.0546318184393978
28552,-0.0139243194808879
28553,-0.0140034815800365
28554,-0.0139458444547737
28555,-0.0140250065539224
28556,-0.0139524155306169
28557,-0.0140315776297656
28558,-0.0139739405045028
28559,-0.0140531026036514
28560,0.019343922283182
28561,0.0192647601840334
28562,0.0193223973092962
28563,0.0192432352101475
28564,0.019315826233453
28565,0.0192366641343043
28566,0.0192943012595671
28567,0.0192151391604185
28568,0.0599226381189284
28569,0.0598434760197798
28570,0.0599011131450426
28571,0.0598219510458939
28572,0.0598945420691994
28573,0.0598153799700507
28574,0.0598730170953135
28575,0.0597938549961648
28576,-0.0549294456238394
28577,-0.0550086077229881
28578,-0.0549509705977253
28579,-0.0550301326968739
28580,-0.0549575416735685
28581,-0.0550367037727171
28582,-0.0549790666474544
28583,-0.055058228746603
28584,-0.014350729788093
28585,-0.0144298918872417
28586,-0.0143722547619789
28587,-0.0144514168611276
28588,-0.0143788258378221
28589,-0.0144579879369707
28590,-0.014400350811708
28591,-0.0144795129108566
28592,0.0189175119759769
28593,0.0188383498768282
28594,0.018895987002091
28595,0.0188168249029423
28596,0.0188894159262478
28597,0.0188102538270992
28598,0.0188678909523619
28599,0.0187887288532133
28600,0.0594962278117232
28601,0.0594170657125746
28602,0.0594747028378374
28603,0.0593955407386887
28604,0.0594681317619942
28605,0.0593889696628456
28606,0.0594466067881083
28607,0.0593674446889597
28608,-0.0509801339526108
28609,-0.0510592960517594
28610,-0.0510016589264967
28611,-0.0510808210256453
28612,-0.0510082300023399
28613,-0.0510873921014885
28614,-0.0510297549762257
28615,-0.0511089170753744
28616,-0.0104014181168644
28617,-0.010480580216013
28618,-0.0104229430907503
28619,-0.0105021051898989
28620,-0.0104295141665935
28621,-0.0105086762657421
28622,-0.0104510391404793
28623,-0.010530201239628
28624,0.0228668236472055
28625,0.0227876615480569
28626,0.0228452986733196
28627,0.022766136574171
28628,0.0228387275974764
28629,0.0227595654983278
28630,0.0228172026235906
28631,0.0227380405244419
28632,0.0634455394829519
28633,0.0633663773838033
28634,0.063424014509066
28635,0.0633448524099174
28636,0.0634174434332228
28637,0.0633382813340742
28638,0.063395918459337
28639,0.0633167563601883
28640,-0.051406544259816
28641,-0.0514857063589646
28642,-0.0514280692337019
28643,-0.0515072313328505
28644,-0.051434640309545
28645,-0.0515138024086937
28646,-0.0514561652834309
28647,-0.0515353273825796
28648,-0.0108278284240696
28649,-0.0109069905232182
28650,-0.0108493533979555
28651,-0.0109285154971041
28652,-0.0108559244737986
28653,-0.0109350865729473
28654,-0.0108774494476845
28655,-0.0109566115468332
28656,0.0224404133400003
28657,0.0223612512408517
28658,0.0224188883661144
28659,0.0223397262669658
28660,0.0224123172902713
28661,0.0223331551911226
28662,0.0223907923163854
28663,0.0223116302172367
28664,0.0630191291757467
28665,0.0629399670765981
28666,0.0629976042018608
28667,0.0629184421027122
28668,0.0629910331260176
28669,0.062911871026869
28670,0.0629695081521318
28671,0.0628903460529831
28672,-0.0632696448569788
28673,-0.0633488069561274
28674,-0.0632911698308647
28675,-0.0633703319300133
28676,-0.0632977409067079
28677,-0.0633769030058565
28678,-0.0633192658805938
28679,-0.0633984279797424
28680,-0.0226909290212324
28681,-0.0227700911203811
28682,-0.0227124539951183
28683,-0.0227916160942669
28684,-0.0227190250709615
28685,-0.0227981871701101
28686,-0.0227405500448474
28687,-0.022819712143996
28688,0.0105773127428375
28689,0.0104981506436888
28690,0.0105557877689516
28691,0.0104766256698029
28692,0.0105492166931084
28693,0.0104700545939598
28694,0.0105276917192225
28695,0.0104485296200739
28696,0.0511560285785838
28697,0.0510768664794352
28698,0.051134503604698
28699,0.0510553415055493
28700,0.0511279325288548
28701,0.0510487704297061
28702,0.0511064075549689
28703,0.0510272454558203
28704,-0.063696055164184
28705,-0.0637752172633327
28706,-0.0637175801380699
28707,-0.0637967422372185
28708,-0.0637241512139131
28709,-0.0638033133130617
28710,-0.0637456761877989
28711,-0.0638248382869476
28712,-0.0231173393284376
28713,-0.0231965014275863
28714,-0.0231388643023235
28715,-0.0232180264014721
28716,-0.0231454353781667
28717,-0.0232245974773153
28718,-0.0231669603520526
28719,-0.0232461224512012
28720,0.0101509024356323
28721,0.0100717403364836
28722,0.0101293774617464
28723,0.0100502153625978
28724,0.0101228063859032
28725,0.0100436442867546
28726,0.0101012814120173
28727,0.0100221193128687
28728,0.0507296182713787
28729,0.05065045617223
28730,0.0507080932974928
28731,0.0506289311983442
28732,0.0507015222216496
28733,0.050622360122501
28734,0.0506799972477637
28735,0.0506008351486151
28736,-0.0597467434929554
28737,-0.059825905592104
28738,-0.0597682684668412
28739,-0.0598474305659899
28740,-0.0597748395426844
28741,-0.0598540016418331
28742,-0.0597963645165703
28743,-0.0598755266157189
28744,-0.019168027657209
28745,-0.0192471897563576
28746,-0.0191895526310949
28747,-0.0192687147302435
28748,-0.019196123706938
28749,-0.0192752858060867
28750,-0.0192176486808239
28751,-0.0192968107799726
28752,0.0141002141068609
28753,0.0140210520077123
28754,0.014078689132975
28755,0.0139995270338264
28756,0.0140721180571319
28757,0.0139929559579832
28758,0.014050593083246
28759,0.0139714309840973
28760,0.0546789299426073
28761,0.0545997678434587
28762,0.0546574049687214
28763,0.0545782428695728
28764,0.0546508338928782
28765,0.0545716717937296
28766,0.0546293089189924
28767,0.0545501468198437
28768,-0.0601731538001605
28769,-0.0602523158993092
28770,-0.0601946787740464
28771,-0.0602738408731951
28772,-0.0602012498498896
28773,-0.0602804119490383
28774,-0.0602227748237755
28775,-0.0603019369229241
28776,-0.0195944379644142
28777,-0.0196736000635628
28778,-0.0196159629383
28779,-0.0196951250374487
28780,-0.0196225340141432
28781,-0.0197016961132919
28782,-0.0196440589880291
28783,-0.0197232210871777
28784,0.0136738037996557
28785,0.0135946417005071
28786,0.0136522788257699
28787,0.0135731167266212
28788,0.0136457077499267
28789,0.013566545650778
28790,0.0136241827760408
28791,0.0135450206768922
28792,0.0542525196354021
28793,0.0541733575362535
28794,0.0542309946615162
28795,0.0541518325623676
28796,0.0542244235856731
28797,0.0541452614865244
28798,0.0542028986117872
28799,0.0541237365126385
28800,-0.0636507296262423
28801,-0.0637298917253909
28802,-0.0636722546001282
28803,-0.0637514166992768
28804,-0.0636788256759714
28805,-0.06375798777512
28806,-0.0637003506498572
28807,-0.0637795127490059
28808,-0.0230720137904959
28809,-0.0231511758896445
28810,-0.0230935387643818
28811,-0.0231727008635304
28812,-0.023100109840225
28813,-0.0231792719393736
28814,-0.0231216348141108
28815,-0.0232007969132595
28816,0.010196227973574
28817,0.0101170658744254
28818,0.0101747029996881
28819,0.0100955409005395
28820,0.0101681319238449
28821,0.0100889698246963
28822,0.010146606949959
28823,0.0100674448508104
28824,0.0507749438093204
28825,0.0506957817101717
28826,0.0507534188354345
28827,0.0506742567362859
28828,0.0507468477595913
28829,0.0506676856604427
28830,0.0507253227857054
28831,0.0506461606865568
28832,-0.0640771399334475
28833,-0.0641563020325961
28834,-0.0640986649073334
28835,-0.064177827006482
28836,-0.0641052359831765
28837,-0.0641843980823252
28838,-0.0641267609570624
28839,-0.064205923056211
28840,-0.0234984240977011
28841,-0.0235775861968497
28842,-0.023519949071587
28843,-0.0235991111707356
28844,-0.0235265201474302
28845,-0.0236056822465788
28846,-0.023548045121316
28847,-0.0236272072204647
28848,0.0097698176663688
28849,0.0096906555672202
28850,0.0097482926924829
28851,0.0096691305933343
28852,0.0097417216166397
28853,0.0096625595174911
28854,0.0097201966427539
28855,0.0096410345436052
28856,0.0503485335021152
28857,0.0502693714029666
28858,0.0503270085282293
28859,0.0502478464290807
28860,0.0503204374523861
28861,0.0502412753532375
28862,0.0502989124785002
28863,0.0502197503793516
28864,-0.0601278282622188
28865,-0.0602069903613675
28866,-0.0601493532361047
28867,-0.0602285153352534
28868,-0.0601559243119479
28869,-0.0602350864110965
28870,-0.0601774492858338
28871,-0.0602566113849824
28872,-0.0195491124264724
28873,-0.0196282745256211
28874,-0.0195706374003583
28875,-0.019649799499507
28876,-0.0195772084762015
28877,-0.0196563705753501
28878,-0.0195987334500874
28879,-0.019677895549236
28880,0.0137191293375975
28881,0.0136399672384488
28882,0.0136976043637116
28883,0.0136184422645629
28884,0.0136910332878684
28885,0.0136118711887198
28886,0.0136695083139825
28887,0.0135903462148339
28888,0.0542978451733438
28889,0.0542186830741952
28890,0.054276320199458
28891,0.0541971581003093
28892,0.0542697491236148
28893,0.0541905870244661
28894,0.0542482241497289
28895,0.0541690620505803
28896,-0.060554238569424
28897,-0.0606334006685726
28898,-0.0605757635433099
28899,-0.0606549256424585
28900,-0.0605823346191531
28901,-0.0606614967183017
28902,-0.060603859593039
28903,-0.0606830216921876
28904,-0.0199755227336776
28905,-0.0200546848328263
28906,-0.0199970477075635
28907,-0.0200762098067121
28908,-0.0200036187834067
28909,-0.0200827808825553
28910,-0.0200251437572926
28911,-0.0201043058564412
28912,0.0132927190303923
28913,0.0132135569312436
28914,0.0132711940565064
28915,0.0131920319573578
28916,0.0132646229806632
28917,0.0131854608815146
28918,0.0132430980067773
28919,0.0131639359076287
28920,0.0538714348661387
28921,0.05379227276699
28922,0.0538499098922528
28923,0.0537707477931041
28924,0.0538433388164096
28925,0.053764176717261
28926,0.0538218138425237
28927,0.0537426517433751
28928,-0.0582980211954941
28929,-0.0583771832946428
28930,-0.05831954616938
28931,-0.0583987082685287
28932,-0.0583261172452232
28933,-0.0584052793443718
28934,-0.0583476422191091
28935,-0.0584268043182577
28936,-0.0177193053597478
28937,-0.0177984674588964
28938,-0.0177408303336336
28939,-0.0178199924327823
28940,-0.0177474014094768
28941,-0.0178265635086255
28942,-0.0177689263833627
28943,-0.0178480884825113
28944,0.0155489364043221
28945,0.0154697743051735
28946,0.0155274114304363
28947,0.0154482493312876
28948,0.0155208403545931
28949,0.0154416782554444
28950,0.0154993153807072
28951,0.0154201532815586
28952,0.0561276522400685
28953,0.0560484901409199
28954,0.0561061272661826
28955,0.056026965167034
28956,0.0560995561903395
28957,0.0560203940911908
28958,0.0560780312164536
28959,0.0559988691173049
28960,-0.0587244315026993
28961,-0.0588035936018479
28962,-0.0587459564765852
28963,-0.0588251185757338
28964,-0.0587525275524284
28965,-0.058831689651577
28966,-0.0587740525263143
28967,-0.0588532146254629
28968,-0.0181457156669529
28969,-0.0182248777661016
28970,-0.0181672406408388
28971,-0.0182464027399875
28972,-0.018173811716682
28973,-0.0182529738158306
28974,-0.0181953366905679
28975,-0.0182744987897165
28976,0.015122526097117
28977,0.0150433639979683
28978,0.0151010011232311
28979,0.0150218390240824
28980,0.0150944300473879
28981,0.0150152679482393
28982,0.015072905073502
28983,0.0149937429743534
28984,0.0557012419328633
28985,0.0556220798337147
28986,0.0556797169589775
28987,0.0556005548598288
28988,0.0556731458831343
28989,0.0555939837839856
28990,0.0556516209092484
28991,0.0555724588100998
28992,-0.0547751198314707
28993,-0.0548542819306193
28994,-0.0547966448053566
28995,-0.0548758069045052
28996,-0.0548032158811998
28997,-0.0548823779803484
28998,-0.0548247408550856
28999,-0.0549039029542343
29000,-0.0141964039957243
29001,-0.0142755660948729
29002,-0.0142179289696102
29003,-0.0142970910687588
29004,-0.0142245000454534
29005,-0.014303662144602
29006,-0.0142460250193392
29007,-0.0143251871184879
29008,0.0190718377683456
29009,0.018992675669197
29010,0.0190503127944597
29011,0.0189711506953111
29012,0.0190437417186165
29013,0.0189645796194679
29014,0.0190222167447307
29015,0.018943054645582
29016,0.059650553604092
29017,0.0595713915049433
29018,0.0596290286302061
29019,0.0595498665310575
29020,0.0596224575543629
29021,0.0595432954552143
29022,0.059600932580477
29023,0.0595217704813284
29024,-0.0552015301386759
29025,-0.0552806922378245
29026,-0.0552230551125617
29027,-0.0553022172117104
29028,-0.0552296261884049
29029,-0.0553087882875536
29030,-0.0552511511622908
29031,-0.0553303132614394
29032,-0.0146228143029295
29033,-0.0147019764020781
29034,-0.0146443392768154
29035,-0.014723501375964
29036,-0.0146509103526585
29037,-0.0147300724518072
29038,-0.0146724353265444
29039,-0.0147515974256931
29040,0.0186454274611404
29041,0.0185662653619918
29042,0.0186239024872545
29043,0.0185447403881059
29044,0.0186173314114114
29045,0.0185381693122627
29046,0.0185958064375255
29047,0.0185166443383768
29048,0.0592241432968868
29049,0.0591449811977382
29050,0.0592026183230009
29051,0.0591234562238523
29052,0.0591960472471577
29053,0.0591168851480091
29054,0.0591745222732719
29055,0.0590953601741232
29056,-0.0586791059647576
29057,-0.0587582680639062
29058,-0.0587006309386435
29059,-0.0587797930377921
29060,-0.0587072020144867
29061,-0.0587863641136353
29062,-0.0587287269883726
29063,-0.0588078890875212
29064,-0.0181003901290112
29065,-0.0181795522281599
29066,-0.0181219151028971
29067,-0.0182010772020457
29068,-0.0181284861787403
29069,-0.0182076482778889
29070,-0.0181500111526262
29071,-0.0182291732517748
29072,0.0151678516350587
29073,0.01508868953591
29074,0.0151463266611728
29075,0.0150671645620242
29076,0.0151397555853296
29077,0.015060593486181
29078,0.0151182306114437
29079,0.0150390685122951
29080,0.0557465674708051
29081,0.0556674053716564
29082,0.0557250424969192
29083,0.0556458803977705
29084,0.055718471421076
29085,0.0556393093219274
29086,0.0556969464471901
29087,0.0556177843480415
29088,-0.0591055162719628
29089,-0.0591846783711114
29090,-0.0591270412458487
29091,-0.0592062033449973
29092,-0.0591336123216919
29093,-0.0592127744208405
29094,-0.0591551372955777
29095,-0.0592342993947264
29096,-0.0185268004362164
29097,-0.018605962535365
29098,-0.0185483254101023
29099,-0.0186274875092509
29100,-0.0185548964859455
29101,-0.0186340585850941
29102,-0.0185764214598314
29103,-0.01865558355898
29104,0.0147414413278535
29105,0.0146622792287048
29106,0.0147199163539676
29107,0.014640754254819
29108,0.0147133452781244
29109,0.0146341831789758
29110,0.0146918203042385
29111,0.0146126582050899
29112,0.0553201571635999
29113,0.0552409950644512
29114,0.055298632189714
29115,0.0552194700905654
29116,0.0552920611138708
29117,0.0552128990147222
29118,0.0552705361399849
29119,0.0551913740408363
29120,-0.0551562046007342
29121,-0.0552353666998828
29122,-0.05517772957462
29123,-0.0552568916737687
29124,-0.0551843006504632
29125,-0.0552634627496119
29126,-0.0552058256243491
29127,-0.0552849877234977
29128,-0.0145774887649878
29129,-0.0146566508641364
29130,-0.0145990137388736
29131,-0.0146781758380223
29132,-0.0146055848147168
29133,-0.0146847469138655
29134,-0.0146271097886027
29135,-0.0147062718877513
29136,0.0186907529990821
29137,0.0186115908999335
29138,0.0186692280251963
29139,0.0185900659260476
29140,0.0186626569493531
29141,0.0185834948502044
29142,0.0186411319754672
29143,0.0185619698763186
29144,0.0592694688348285
29145,0.0591903067356799
29146,0.0592479438609426
29147,0.059168781761794
29148,0.0592413727850994
29149,0.0591622106859508
29150,0.0592198478112136
29151,0.0591406857120649
29152,-0.0555826149079393
29153,-0.055661777007088
29154,-0.0556041398818252
29155,-0.0556833019809739
29156,-0.0556107109576684
29157,-0.055689873056817
29158,-0.0556322359315543
29159,-0.0557113980307029
29160,-0.0150038990721929
29161,-0.0150830611713416
29162,-0.0150254240460788
29163,-0.0151045861452275
29164,-0.015031995121922
29165,-0.0151111572210707
29166,-0.0150535200958079
29167,-0.0151326821949565
29168,0.0182643426918769
29169,0.0181851805927283
29170,0.0182428177179911
29171,0.0181636556188424
29172,0.0182362466421479
29173,0.0181570845429992
29174,0.018214721668262
29175,0.0181355595691134
29176,0.0588430585276233
29177,0.0587638964284747
29178,0.0588215335537375
29179,0.0587423714545888
29180,0.0588149624778943
29181,0.0587358003787456
29182,0.0587934375040084
29183,0.0587142754048598
29184,-0.0406815093872359
29185,-0.0407606714863845
29186,-0.0407030343611217
29187,-0.0407821964602704
29188,-0.0407096054369649
29189,-0.0407887675361136
29190,-0.0407311304108508
29191,-0.0408102925099994
29192,-0.0001027935514895
29193,-0.0001819556506381
29194,-0.0001243185253753
29195,-0.000203480624524
29196,-0.0001308896012185
29197,-0.0002100517003672
29198,-0.0001524145751044
29199,-0.000231576674253
29200,0.0331654482125804
29201,0.0330862861134318
29202,0.0331439232386946
29203,0.0330647611395459
29204,0.0331373521628514
29205,0.0330581900637027
29206,0.0331158271889655
29207,0.0330366650898169
29208,0.0737441640483268
29209,0.0736650019491782
29210,0.0737226390744409
29211,0.0736434769752923
29212,0.0737160679985978
29213,0.0736369058994491
29214,0.0736945430247119
29215,0.0736153809255632
29216,-0.041107919694441
29217,-0.0411870817935897
29218,-0.0411294446683269
29219,-0.0412086067674756
29220,-0.0411360157441701
29221,-0.0412151778433187
29222,-0.041157540718056
29223,-0.0412367028172046
29224,-0.0005292038586946
29225,-0.0006083659578433
29226,-0.0005507288325805
29227,-0.0006298909317292
29228,-0.0005572999084237
29229,-0.0006364620075723
29230,-0.0005788248823096
29231,-0.0006579869814582
29232,0.0327390379053753
29233,0.0326598758062266
29234,0.0327175129314894
29235,0.0326383508323407
29236,0.0327109418556462
29237,0.0326317797564976
29238,0.0326894168817603
29239,0.0326102547826117
29240,0.0733177537411216
29241,0.073238591641973
29242,0.0732962287672358
29243,0.0732170666680871
29244,0.0732896576913926
29245,0.0732104955922439
29246,0.0732681327175067
29247,0.0731889706183581
29248,-0.0371586080232124
29249,-0.037237770122361
29250,-0.0371801329970983
29251,-0.0372592950962469
29252,-0.0371867040729415
29253,-0.0372658661720901
29254,-0.0372082290468273
29255,-0.037287391145976
29256,0.0034201078125339
29257,0.0033409457133853
29258,0.003398582838648
29259,0.0033194207394994
29260,0.0033920117628048
29261,0.0033128496636562
29262,0.003370486788919
29263,0.0032913246897703
29264,0.0366883495766039
29265,0.0366091874774553
29266,0.036666824602718
29267,0.0365876625035694
29268,0.0366602535268748
29269,0.0365810914277262
29270,0.036638728552989
29271,0.0365595664538403
29272,0.0772670654123503
29273,0.0771879033132016
29274,0.0772455404384644
29275,0.0771663783393158
29276,0.0772389693626212
29277,0.0771598072634726
29278,0.0772174443887354
29279,0.0771382822895867
29280,-0.0375850183304176
29281,-0.0376641804295662
29282,-0.0376065433043035
29283,-0.0376857054034521
29284,-0.0376131143801466
29285,-0.0376922764792953
29286,-0.0376346393540325
29287,-0.0377138014531812
29288,0.0029936975053287
29289,0.0029145354061801
29290,0.0029721725314428
29291,0.0028930104322942
29292,0.0029656014555997
29293,0.002886439356451
29294,0.0029440764817138
29295,0.0028649143825651
29296,0.0362619392693987
29297,0.0361827771702501
29298,0.0362404142955128
29299,0.0361612521963642
29300,0.0362338432196696
29301,0.036154681120521
29302,0.0362123182457838
29303,0.0361331561466351
29304,0.0768406551051451
29305,0.0767614930059965
29306,0.0768191301312592
29307,0.0767399680321106
29308,0.076812559055416
29309,0.0767333969562674
29310,0.0767910340815302
29311,0.0767118719823815
29312,-0.0410625941564993
29313,-0.041141756255648
29314,-0.0410841191303852
29315,-0.0411632812295338
29316,-0.0410906902062284
29317,-0.041169852305377
29318,-0.0411122151801143
29319,-0.0411913772792629
29320,-0.0004838783207529
29321,-0.0005630404199016
29322,-0.0005054032946388
29323,-0.0005845653937874
29324,-0.000511974370482
29325,-0.0005911364696306
29326,-0.0005334993443679
29327,-0.0006126614435165
29328,0.032784363443317
29329,0.0327052013441683
29330,0.0327628384694311
29331,0.0326836763702825
29332,0.0327562673935879
29333,0.0326771052944393
29334,0.032734742419702
29335,0.0326555803205534
29336,0.0733630792790634
29337,0.0732839171799147
29338,0.0733415543051775
29339,0.0732623922060288
29340,0.0733349832293343
29341,0.0732558211301857
29342,0.0733134582554484
29343,0.0732342961562998
29344,-0.0414890044637045
29345,-0.0415681665628531
29346,-0.0415105294375904
29347,-0.041589691536739
29348,-0.0415171005134336
29349,-0.0415962626125822
29350,-0.0415386254873194
29351,-0.0416177875864681
29352,-0.0009102886279581
29353,-0.0009894507271068
29354,-0.000931813601844
29355,-0.0010109757009926
29356,-0.0009383846776872
29357,-0.0010175467768358
29358,-0.0009599096515731
29359,-0.0010390717507217
29360,0.0323579531361118
29361,0.0322787910369632
29362,0.0323364281622259
29363,0.0322572660630773
29364,0.0323298570863827
29365,0.0322506949872341
29366,0.0323083321124968
29367,0.0322291700133482
29368,0.0729366689718582
29369,0.0728575068727095
29370,0.0729151439979723
29371,0.0728359818988237
29372,0.0729085729221291
29373,0.0728294108229805
29374,0.0728870479482432
29375,0.0728078858490946
29376,-0.0375396927924759
29377,-0.0376188548916245
29378,-0.0375612177663617
29379,-0.0376403798655104
29380,-0.0375677888422049
29381,-0.0376469509413536
29382,-0.0375893138160908
29383,-0.0376684759152394
29384,0.0030390230432704
29385,0.0029598609441218
29386,0.0030174980693846
29387,0.0029383359702359
29388,0.0030109269935414
29389,0.0029317648943927
29390,0.0029894020196555
29391,0.0029102399205069
29392,0.0363072648073404
29393,0.0362281027081918
29394,0.0362857398334545
29395,0.0362065777343059
29396,0.0362791687576114
29397,0.0362000066584627
29398,0.0362576437837255
29399,0.0361784816845768
29400,0.0768859806430868
29401,0.0768068185439382
29402,0.0768644556692009
29403,0.0767852935700523
29404,0.0768578845933578
29405,0.0767787224942091
29406,0.0768363596194719
29407,0.0767571975203233
29408,-0.037966103099681
29409,-0.0380452651988297
29410,-0.0379876280735669
29411,-0.0380667901727156
29412,-0.0379941991494101
29413,-0.0380733612485587
29414,-0.038015724123296
29415,-0.0380948862224446
29416,0.0026126127360652
29417,0.0025334506369166
29418,0.0025910877621794
29419,0.0025119256630307
29420,0.0025845166863362
29421,0.0025053545871875
29422,0.0025629917124503
29423,0.0024838296133017
29424,0.0358808545001352
29425,0.0358016924009866
29426,0.0358593295262494
29427,0.0357801674271007
29428,0.0358527584504062
29429,0.0357735963512575
29430,0.0358312334765203
29431,0.0357520713773717
29432,0.0764595703358816
29433,0.076380408236733
29434,0.0764380453619958
29435,0.0763588832628471
29436,0.0764314742861526
29437,0.0763523121870039
29438,0.0764099493122667
29439,0.076330787213118
29440,-0.0357098857257512
29441,-0.0357890478248998
29442,-0.0357314106996371
29443,-0.0358105727987857
29444,-0.0357379817754802
29445,-0.0358171438746289
29446,-0.0357595067493661
29447,-0.0358386688485148
29448,0.0048688301099951
29449,0.0047896680108465
29450,0.0048473051361092
29451,0.0047681430369606
29452,0.0048407340602661
29453,0.0047615719611174
29454,0.0048192090863802
29455,0.0047400469872315
29456,0.0381370718740651
29457,0.0380579097749165
29458,0.0381155469001792
29459,0.0380363848010306
29460,0.038108975824336
29461,0.0380298137251874
29462,0.0380874508504502
29463,0.0380082887513015
29464,0.0787157877098115
29465,0.0786366256106629
29466,0.0786942627359256
29467,0.078615100636777
29468,0.0786876916600824
29469,0.0786085295609338
29470,0.0786661666861966
29471,0.0785870045870479
29472,-0.0361362960329564
29473,-0.036215458132105
29474,-0.0361578210068422
29475,-0.0362369831059909
29476,-0.0361643920826854
29477,-0.0362435541818341
29478,-0.0361859170565713
29479,-0.0362650791557199
29480,0.0044424198027899
29481,0.0043632577036413
29482,0.0044208948289041
29483,0.0043417327297554
29484,0.0044143237530609
29485,0.0043351616539122
29486,0.004392798779175
29487,0.0043136366800264
29488,0.0377106615668599
29489,0.0376314994677113
29490,0.0376891365929741
29491,0.0376099744938254
29492,0.0376825655171309
29493,0.0376034034179822
29494,0.037661040543245
29495,0.0375818784440964
29496,0.0782893774026063
29497,0.0782102153034577
29498,0.0782678524287205
29499,0.0781886903295718
29500,0.0782612813528773
29501,0.0781821192537286
29502,0.0782397563789914
29503,0.0781605942798427
29504,-0.0321869843617277
29505,-0.0322661464608763
29506,-0.0322085093356136
29507,-0.0322876714347622
29508,-0.0322150804114568
29509,-0.0322942425106054
29510,-0.0322366053853427
29511,-0.0323157674844913
29512,0.0083917314740186
29513,0.0083125693748699
29514,0.0083702065001327
29515,0.0082910444009841
29516,0.0083636354242895
29517,0.0082844733251409
29518,0.0083421104504036
29519,0.008262948351255
29520,0.0416599732380886
29521,0.0415808111389399
29522,0.0416384482642027
29523,0.0415592861650541
29524,0.0416318771883595
29525,0.0415527150892109
29526,0.0416103522144736
29527,0.041531190115325
29528,0.082238689073835
29529,0.0821595269746863
29530,0.0822171640999491
29531,0.0821380020008005
29532,0.0822105930241059
29533,0.0821314309249573
29534,0.08218906805022
29535,0.0821099059510714
29536,-0.0326133946689329
29537,-0.0326925567680815
29538,-0.0326349196428188
29539,-0.0327140817419674
29540,-0.032641490718662
29541,-0.0327206528178106
29542,-0.0326630156925478
29543,-0.0327421777916965
29544,0.0079653211668134
29545,0.0078861590676648
29546,0.0079437961929275
29547,0.0078646340937789
29548,0.0079372251170843
29549,0.0078580630179357
29550,0.0079157001431985
29551,0.0078365380440498
29552,0.0412335629308834
29553,0.0411544008317348
29554,0.0412120379569975
29555,0.0411328758578489
29556,0.0412054668811543
29557,0.0411263047820057
29558,0.0411839419072684
29559,0.0411047798081198
29560,0.0818122787666298
29561,0.0817331166674811
29562,0.0817907537927439
29563,0.0817115916935953
29564,0.0817841827169007
29565,0.0817050206177521
29566,0.0817626577430148
29567,0.0816834956438662
29568,-0.0360909704950146
29569,-0.0361701325941633
29570,-0.0361124954689005
29571,-0.0361916575680492
29572,-0.0361190665447437
29573,-0.0361982286438924
29574,-0.0361405915186296
29575,-0.0362197536177782
29576,0.0044877453407316
29577,0.004408583241583
29578,0.0044662203668458
29579,0.0043870582676971
29580,0.0044596492910026
29581,0.0043804871918539
29582,0.0044381243171167
29583,0.0043589622179681
29584,0.0377559871048016
29585,0.037676825005653
29586,0.0377344621309158
29587,0.0376553000317671
29588,0.0377278910550726
29589,0.0376487289559239
29590,0.0377063660811867
29591,0.0376272039820381
29592,0.078334702940548
29593,0.0782555408413994
29594,0.0783131779666622
29595,0.0782340158675135
29596,0.078306606890819
29597,0.0782274447916703
29598,0.0782850819169331
29599,0.0782059198177844
29600,-0.0365173808022198
29601,-0.0365965429013685
29602,-0.0365389057761057
29603,-0.0366180678752543
29604,-0.0365454768519489
29605,-0.0366246389510975
29606,-0.0365670018258348
29607,-0.0366461639249834
29608,0.0040613350335265
29609,0.0039821729343778
29610,0.0040398100596406
29611,0.003960647960492
29612,0.0040332389837974
29613,0.0039540768846488
29614,0.0040117140099115
29615,0.0039325519107629
29616,0.0373295767975965
29617,0.0372504146984478
29618,0.0373080518237106
29619,0.0372288897245619
29620,0.0373014807478674
29621,0.0372223186487188
29622,0.0372799557739815
29623,0.0372007936748329
29624,0.0779082926333429
29625,0.0778291305341942
29626,0.077886767659457
29627,0.0778076055603083
29628,0.0778801965836138
29629,0.0778010344844652
29630,0.0778586716097279
29631,0.0777795095105793
29632,-0.0325680691309912
29633,-0.0326472312301398
29634,-0.0325895941048771
29635,-0.0326687562040257
29636,-0.0325961651807202
29637,-0.0326753272798689
29638,-0.0326176901546061
29639,-0.0326968522537548
29640,0.0080106467047551
29641,0.0079314846056065
29642,0.0079891217308692
29643,0.0079099596317206
29644,0.007982550655026
29645,0.0079033885558774
29646,0.0079610256811402
29647,0.0078818635819915
29648,0.0412788884688251
29649,0.0411997263696765
29650,0.0412573634949392
29651,0.0411782013957906
29652,0.041250792419096
29653,0.0411716303199474
29654,0.0412292674452102
29655,0.0411501053460615
29656,0.0818576043045715
29657,0.0817784422054229
29658,0.0818360793306856
29659,0.081756917231537
29660,0.0818295082548424
29661,0.0817503461556938
29662,0.0818079832809566
29663,0.0817288211818079
29664,-0.0329944794381964
29665,-0.033073641537345
29666,-0.0330160044120822
29667,-0.0330951665112309
29668,-0.0330225754879254
29669,-0.0331017375870741
29670,-0.0330441004618113
29671,-0.0331232625609599
29672,0.0075842363975499
29673,0.0075050742984013
29674,0.007562711423664
29675,0.0074835493245154
29676,0.0075561403478209
29677,0.0074769782486722
29678,0.007534615373935
29679,0.0074554532747863
29680,0.0408524781616199
29681,0.0407733160624713
29682,0.040830953187734
29683,0.0407517910885854
29684,0.0408243821118909
29685,0.0407452200127422
29686,0.040802857138005
29687,0.0407236950388563
29688,0.0814311939973663
29689,0.0813520318982177
29690,0.0814096690234804
29691,0.0813305069243318
29692,0.0814030979476372
29693,0.0813239358484886
29694,0.0813815729737514
29695,0.0813024108746027
29696,-0.0631974425339989
29697,-0.0632766046331475
29698,-0.0632189675078847
29699,-0.0632981296070334
29700,-0.0632255385837279
29701,-0.0633047006828766
29702,-0.0632470635576138
29703,-0.0633262256567624
29704,-0.0226187266982525
29705,-0.0226978887974011
29706,-0.0226402516721383
29707,-0.022719413771287
29708,-0.0226468227479815
29709,-0.0227259848471302
29710,-0.0226683477218674
29711,-0.022747509821016
29712,0.0106495150658174
29713,0.0105703529666688
29714,0.0106279900919316
29715,0.0105488279927829
29716,0.0106214190160884
29717,0.0105422569169397
29718,0.0105998940422025
29719,0.0105207319430538
29720,0.0512282309015638
29721,0.0511490688024152
29722,0.0512067059276779
29723,0.0511275438285293
29724,0.0512001348518348
29725,0.0511209727526861
29726,0.0511786098779489
29727,0.0510994477788002
29728,-0.063623852841204
29729,-0.0637030149403527
29730,-0.0636453778150899
29731,-0.0637245399142386
29732,-0.0636519488909331
29733,-0.0637311109900817
29734,-0.063673473864819
29735,-0.0637526359639676
29736,-0.0230451370054576
29737,-0.0231242991046063
29738,-0.0230666619793435
29739,-0.0231458240784922
29740,-0.0230732330551867
29741,-0.0231523951543354
29742,-0.0230947580290726
29743,-0.0231739201282212
29744,0.0102231047586122
29745,0.0101439426594636
29746,0.0102015797847264
29747,0.0101224176855777
29748,0.0101950087088832
29749,0.0101158466097345
29750,0.0101734837349973
29751,0.0100943216358487
29752,0.0508018205943586
29753,0.05072265849521
29754,0.0507802956204728
29755,0.0507011335213241
29756,0.0507737245446296
29757,0.0506945624454809
29758,0.0507521995707437
29759,0.0506730374715951
29760,-0.0596745411699754
29761,-0.059753703269124
29762,-0.0596960661438613
29763,-0.0597752282430099
29764,-0.0597026372197045
29765,-0.0597817993188531
29766,-0.0597241621935903
29767,-0.059803324292739
29768,-0.019095825334229
29769,-0.0191749874333776
29770,-0.0191173503081149
29771,-0.0191965124072635
29772,-0.0191239213839581
29773,-0.0192030834831067
29774,-0.0191454463578439
29775,-0.0192246084569926
29776,0.0141724164298409
29777,0.0140932543306923
29778,0.014150891455955
29779,0.0140717293568064
29780,0.0141443203801118
29781,0.0140651582809632
29782,0.0141227954062259
29783,0.0140436333070773
29784,0.0547511322655873
29785,0.0546719701664386
29786,0.0547296072917014
29787,0.0546504451925528
29788,0.0547230362158582
29789,0.0546438741167096
29790,0.0547015112419723
29791,0.0546223491428237
29792,-0.0601009514771806
29793,-0.0601801135763292
29794,-0.0601224764510664
29795,-0.0602016385502151
29796,-0.0601290475269096
29797,-0.0602082096260583
29798,-0.0601505725007955
29799,-0.0602297345999442
29800,-0.0195222356414342
29801,-0.0196013977405828
29802,-0.0195437606153201
29803,-0.0196229227144687
29804,-0.0195503316911633
29805,-0.0196294937903119
29806,-0.0195718566650491
29807,-0.0196510187641978
29808,0.0137460061226357
29809,0.0136668440234871
29810,0.0137244811487498
29811,0.0136453190496012
29812,0.0137179100729066
29813,0.013638747973758
29814,0.0136963850990208
29815,0.0136172229998721
29816,0.0543247219583821
29817,0.0542455598592335
29818,0.0543031969844962
29819,0.0542240348853476
29820,0.054296625908653
29821,0.0542174638095044
29822,0.0542751009347671
29823,0.0541959388356185
29824,-0.0635785273032623
29825,-0.063657689402411
29826,-0.0636000522771482
29827,-0.0636792143762969
29828,-0.0636066233529914
29829,-0.06368578545214
29830,-0.0636281483268773
29831,-0.0637073104260259
29832,-0.0229998114675159
29833,-0.0230789735666646
29834,-0.0230213364414018
29835,-0.0231004985405505
29836,-0.023027907517245
29837,-0.0231070696163936
29838,-0.0230494324911309
29839,-0.0231285945902795
29840,0.010268430296554
29841,0.0101892681974053
29842,0.0102469053226681
29843,0.0101677432235194
29844,0.0102403342468249
29845,0.0101611721476763
29846,0.010218809272939
29847,0.0101396471737904
29848,0.0508471461323003
29849,0.0507679840331517
29850,0.0508256211584145
29851,0.0507464590592658
29852,0.0508190500825713
29853,0.0507398879834226
29854,0.0507975251086854
29855,0.0507183630095368
29856,-0.0640049376104675
29857,-0.0640840997096161
29858,-0.0640264625843534
29859,-0.064105624683502
29860,-0.0640330336601966
29861,-0.0641121957593452
29862,-0.0640545586340825
29863,-0.0641337207332311
29864,-0.0234262217747211
29865,-0.0235053838738698
29866,-0.023447746748607
29867,-0.0235269088477556
29868,-0.0234543178244502
29869,-0.0235334799235988
29870,-0.0234758427983361
29871,-0.0235550048974847
29872,0.0098420199893488
29873,0.0097628578902001
29874,0.0098204950154629
29875,0.0097413329163143
29876,0.0098139239396197
29877,0.0097347618404711
29878,0.0097923989657338
29879,0.0097132368665852
29880,0.0504207358250952
29881,0.0503415737259465
29882,0.0503992108512093
29883,0.0503200487520606
29884,0.0503926397753661
29885,0.0503134776762175
29886,0.0503711148014802
29887,0.0502919527023316
29888,-0.0600556259392388
29889,-0.0601347880383875
29890,-0.0600771509131247
29891,-0.0601563130122734
29892,-0.0600837219889679
29893,-0.0601628840881166
29894,-0.0601052469628538
29895,-0.0601844090620024
29896,-0.0194769101034925
29897,-0.0195560722026411
29898,-0.0194984350773784
29899,-0.019577597176527
29900,-0.0195050061532215
29901,-0.0195841682523702
29902,-0.0195265311271074
29903,-0.0196056932262561
29904,0.0137913316605774
29905,0.0137121695614288
29906,0.0137698066866915
29907,0.0136906445875429
29908,0.0137632356108484
29909,0.0136840735116997
29910,0.0137417106369625
29911,0.0136625485378138
29912,0.0543700474963238
29913,0.0542908853971752
29914,0.0543485225224379
29915,0.0542693604232893
29916,0.0543419514465947
29917,0.0542627893474461
29918,0.0543204264727089
29919,0.0542412643735602
29920,-0.0604820362464441
29921,-0.0605611983455927
29922,-0.0605035612203299
29923,-0.0605827233194785
29924,-0.0605101322961731
29925,-0.0605892943953217
29926,-0.060531657270059
29927,-0.0606108193692076
29928,-0.0199033204106977
29929,-0.0199824825098463
29930,-0.0199248453845835
29931,-0.0200040074837322
29932,-0.0199314164604267
29933,-0.0200105785595754
29934,-0.0199529414343126
29935,-0.0200321035334612
29936,0.0133649213533722
29937,0.0132857592542236
29938,0.0133433963794864
29939,0.0132642342803377
29940,0.0133368253036432
29941,0.0132576632044945
29942,0.0133153003297573
29943,0.0132361382306087
29944,0.0539436371891186
29945,0.05386447508997
29946,0.0539221122152327
29947,0.0538429501160841
29948,0.0539155411393896
29949,0.0538363790402409
29950,0.0538940161655037
29951,0.053814854066355
29952,-0.0582258188725142
29953,-0.0583049809716628
29954,-0.0582473438464
29955,-0.0583265059455487
29956,-0.0582539149222432
29957,-0.0583330770213919
29958,-0.0582754398961291
29959,-0.0583546019952778
29960,-0.0176471030367678
29961,-0.0177262651359164
29962,-0.0176686280106537
29963,-0.0177477901098023
29964,-0.0176751990864969
29965,-0.0177543611856455
29966,-0.0176967240603827
29967,-0.0177758861595314
29968,0.0156211387273021
29969,0.0155419766281535
29970,0.0155996137534162
29971,0.0155204516542676
29972,0.015593042677573
29973,0.0155138805784244
29974,0.0155715177036872
29975,0.0154923556045385
29976,0.0561998545630485
29977,0.0561206924638999
29978,0.0561783295891626
29979,0.056099167490014
29980,0.0561717585133194
29981,0.0560925964141708
29982,0.0561502335394335
29983,0.0560710714402849
29984,-0.0586522291797194
29985,-0.058731391278868
29986,-0.0586737541536052
29987,-0.0587529162527539
29988,-0.0586803252294484
29989,-0.0587594873285971
29990,-0.0587018502033343
29991,-0.0587810123024829
29992,-0.018073513343973
29993,-0.0181526754431216
29994,-0.0180950383178589
29995,-0.0181742004170075
29996,-0.018101609393702
29997,-0.0181807714928507
29998,-0.0181231343675879
29999,-0.0182022964667366
30000,0.0151947284200969
30001,0.0151155663209483
30002,0.015173203446211
30003,0.0150940413470624
30004,0.0151666323703679
30005,0.0150874702712192
30006,0.015145107396482
30007,0.0150659452973333
30008,0.0557734442558433
30009,0.0556942821566947
30010,0.0557519192819574
30011,0.0556727571828088
30012,0.0557453482061142
30013,0.0556661861069656
30014,0.0557238232322284
30015,0.0556446611330797
30016,-0.0547029175084907
30017,-0.0547820796076394
30018,-0.0547244424823766
30019,-0.0548036045815252
30020,-0.0547310135582198
30021,-0.0548101756573684
30022,-0.0547525385321057
30023,-0.0548317006312543
30024,-0.0141242016727443
30025,-0.014203363771893
30026,-0.0141457266466302
30027,-0.0142248887457788
30028,-0.0141522977224734
30029,-0.014231459821622
30030,-0.0141738226963593
30031,-0.0142529847955079
30032,0.0191440400913256
30033,0.0190648779921769
30034,0.0191225151174397
30035,0.0190433530182911
30036,0.0191159440415965
30037,0.0190367819424479
30038,0.0190944190677106
30039,0.019015256968562
30040,0.059722755927072
30041,0.0596435938279233
30042,0.0597012309531861
30043,0.0596220688540374
30044,0.0596946598773429
30045,0.0596154977781943
30046,0.059673134903457
30047,0.0595939728043084
30048,-0.0551293278156959
30049,-0.0552084899148445
30050,-0.0551508527895818
30051,-0.0552300148887304
30052,-0.055157423865425
30053,-0.0552365859645736
30054,-0.0551789488393108
30055,-0.0552581109384595
30056,-0.0145506119799495
30057,-0.0146297740790981
30058,-0.0145721369538354
30059,-0.014651299052984
30060,-0.0145787080296786
30061,-0.0146578701288272
30062,-0.0146002330035645
30063,-0.0146793951027131
30064,0.0187176297841204
30065,0.0186384676849717
30066,0.0186961048102345
30067,0.0186169427110859
30068,0.0186895337343913
30069,0.0186103716352427
30070,0.0186680087605054
30071,0.0185888466613568
30072,0.0592963456198668
30073,0.0592171835207181
30074,0.0592748206459809
30075,0.0591956585468323
30076,0.0592682495701377
30077,0.0591890874709891
30078,0.0592467245962518
30079,0.0591675624971032
30080,-0.0586069036417776
30081,-0.0586860657409263
30082,-0.0586284286156635
30083,-0.0587075907148122
30084,-0.0586349996915067
30085,-0.0587141617906553
30086,-0.0586565246653926
30087,-0.0587356867645412
30088,-0.0180281878060313
30089,-0.0181073499051799
30090,-0.0180497127799171
30091,-0.0181288748790658
30092,-0.0180562838557603
30093,-0.018135445954909
30094,-0.0180778088296462
30095,-0.0181569709287948
30096,0.0152400539580386
30097,0.01516089185889
30098,0.0152185289841528
30099,0.0151393668850041
30100,0.0152119579083096
30101,0.0151327958091609
30102,0.0151904329344237
30103,0.0151112708352751
30104,0.055818769793785
30105,0.0557396076946364
30106,0.0557972448198991
30107,0.0557180827207505
30108,0.055790673744056
30109,0.0557115116449073
30110,0.0557691487701701
30111,0.0556899866710214
30112,-0.0590333139489828
30113,-0.0591124760481315
30114,-0.0590548389228687
30115,-0.0591340010220173
30116,-0.0590614099987119
30117,-0.0591405720978605
30118,-0.0590829349725978
30119,-0.0591620970717464
30120,-0.0184545981132364
30121,-0.0185337602123851
30122,-0.0184761230871223
30123,-0.018555285186271
30124,-0.0184826941629655
30125,-0.0185618562621141
30126,-0.0185042191368514
30127,-0.018583381236
30128,0.0148136436508335
30129,0.0147344815516848
30130,0.0147921186769476
30131,0.0147129565777989
30132,0.0147855476011044
30133,0.0147063855019558
30134,0.0147640226272185
30135,0.0146848605280699
30136,0.0553923594865798
30137,0.0553131973874312
30138,0.055370834512694
30139,0.0552916724135453
30140,0.0553642634368508
30141,0.0552851013377021
30142,0.0553427384629649
30143,0.0552635763638163
30144,-0.0550840022777542
30145,-0.0551631643769028
30146,-0.0551055272516401
30147,-0.0551846893507887
30148,-0.0551120983274833
30149,-0.0551912604266319
30150,-0.0551336233013691
30151,-0.0552127854005178
30152,-0.0145052864420078
30153,-0.0145844485411564
30154,-0.0145268114158937
30155,-0.0146059735150423
30156,-0.0145333824917369
30157,-0.0146125445908855
30158,-0.0145549074656227
30159,-0.0146340695647714
30160,0.0187629553220621
30161,0.0186837932229135
30162,0.0187414303481762
30163,0.0186622682490276
30164,0.018734859272333
30165,0.0186556971731844
30166,0.0187133342984472
30167,0.0186341721992985
30168,0.0593416711578085
30169,0.0592625090586598
30170,0.0593201461839226
30171,0.059240984084774
30172,0.0593135751080794
30173,0.0592344130089308
30174,0.0592920501341935
30175,0.0592128880350449
30176,-0.0555104125849594
30177,-0.055589574684108
30178,-0.0555319375588453
30179,-0.0556110996579939
30180,-0.0555385086346884
30181,-0.0556176707338371
30182,-0.0555600336085743
30183,-0.055639195707723
30184,-0.014931696749213
30185,-0.0150108588483616
30186,-0.0149532217230989
30187,-0.0150323838222475
30188,-0.014959792798942
30189,-0.0150389548980907
30190,-0.0149813177728279
30191,-0.0150604798719766
30192,0.0183365450148569
30193,0.0182573829157083
30194,0.018315020040971
30195,0.0182358579418224
30196,0.0183084489651279
30197,0.0182292868659792
30198,0.018286923991242
30199,0.0182077618920933
30200,0.0589152608506033
30201,0.0588360987514547
30202,0.0588937358767174
30203,0.0588145737775688
30204,0.0588871648008742
30205,0.0588080027017256
30206,0.0588656398269884
30207,0.0587864777278397
30208,-0.0406093070642559
30209,-0.0406884691634045
30210,-0.0406308320381418
30211,-0.0407099941372904
30212,-0.040637403113985
30213,-0.0407165652131336
30214,-0.0406589280878708
30215,-0.0407380901870195
30216,-3.059122850954295e-05
30217,-0.0001097533276581
30218,-5.2116202395420994e-05
30219,-0.000131278301544
30220,-5.868727823860794e-05
30221,-0.0001378493773872
30222,-8.021225212448599e-05
30223,-0.0001593743512731
30224,0.0332376505355604
30225,0.0331584884364118
30226,0.0332161255616745
30227,0.0331369634625259
30228,0.0332095544858313
30229,0.0331303923866827
30230,0.0331880295119455
30231,0.0331088674127968
30232,0.0738163663713068
30233,0.0737372042721582
30234,0.0737948413974209
30235,0.0737156792982723
30236,0.0737882703215777
30237,0.0737091082224291
30238,0.0737667453476918
30239,0.0736875832485432
30240,-0.0410357173714611
30241,-0.0411148794706097
30242,-0.0410572423453469
30243,-0.0411364044444956
30244,-0.0410638134211901
30245,-0.0411429755203388
30246,-0.041085338395076
30247,-0.0411645004942246
30248,-0.0004570015357147
30249,-0.0005361636348633
30250,-0.0004785265096006
30251,-0.0005576886087492
30252,-0.0004850975854437
30253,-0.0005642596845924
30254,-0.0005066225593296
30255,-0.0005857846584783
30256,0.0328112402283552
30257,0.0327320781292066
30258,0.0327897152544693
30259,0.0327105531553207
30260,0.0327831441786262
30261,0.0327039820794775
30262,0.0327616192047403
30263,0.0326824571055916
30264,0.0733899560641016
30265,0.073310793964953
30266,0.0733684310902157
30267,0.0732892689910671
30268,0.0733618600143725
30269,0.0732826979152239
30270,0.0733403350404867
30271,0.073261172941338
30272,-0.0370864057002324
30273,-0.0371655677993811
30274,-0.0371079306741183
30275,-0.0371870927732669
30276,-0.0371145017499615
30277,-0.0371936638491101
30278,-0.0371360267238474
30279,-0.037215188822996
30280,0.0034923101355139
30281,0.0034131480363652
30282,0.003470785161628
30283,0.0033916230624794
30284,0.0034642140857848
30285,0.0033850519866362
30286,0.0034426891118989
30287,0.0033635270127503
30288,0.0367605518995839
30289,0.0366813898004352
30290,0.036739026925698
30291,0.0366598648265493
30292,0.0367324558498548
30293,0.0366532937507062
30294,0.0367109308759689
30295,0.0366317687768203
30296,0.0773392677353303
30297,0.0772601056361816
30298,0.0773177427614444
30299,0.0772385806622957
30300,0.0773111716856012
30301,0.0772320095864525
30302,0.0772896467117153
30303,0.0772104846125667
30304,-0.0375128160074376
30305,-0.0375919781065862
30306,-0.0375343409813235
30307,-0.0376135030804721
30308,-0.0375409120571667
30309,-0.0376200741563153
30310,-0.0375624370310525
30311,-0.0376415991302012
30312,0.0030658998283087
30313,0.00298673772916
30314,0.0030443748544228
30315,0.0029652127552742
30316,0.0030378037785796
30317,0.002958641679431
30318,0.0030162788046937
30319,0.0029371167055451
30320,0.0363341415923787
30321,0.03625497949323
30322,0.0363126166184928
30323,0.0362334545193442
30324,0.0363060455426496
30325,0.036226883443501
30326,0.0362845205687637
30327,0.0362053584696151
30328,0.0769128574281251
30329,0.0768336953289764
30330,0.0768913324542392
30331,0.0768121703550906
30332,0.076884761378396
30333,0.0768055992792474
30334,0.0768632364045101
30335,0.0767840743053615
30336,-0.0409903918335194
30337,-0.041069553932668
30338,-0.0410119168074052
30339,-0.0410910789065539
30340,-0.0410184878832484
30341,-0.0410976499823971
30342,-0.0410400128571343
30343,-0.0411191749562829
30344,-0.000411675997773
30345,-0.0004908380969216
30346,-0.0004332009716588
30347,-0.0005123630708075
30348,-0.000439772047502
30349,-0.0005189341466507
30350,-0.0004612970213879
30351,-0.0005404591205365
30352,0.0328565657662969
30353,0.0327774036671483
30354,0.0328350407924111
30355,0.0327558786932624
30356,0.0328284697165679
30357,0.0327493076174192
30358,0.032806944742682
30359,0.0327277826435334
30360,0.0734352816020433
30361,0.0733561195028947
30362,0.0734137566281574
30363,0.0733345945290088
30364,0.0734071855523143
30365,0.0733280234531656
30366,0.0733856605784284
30367,0.0733064984792797
30368,-0.0414168021407245
30369,-0.0414959642398732
30370,-0.0414383271146104
30371,-0.0415174892137591
30372,-0.0414448981904536
30373,-0.0415240602896022
30374,-0.0414664231643395
30375,-0.0415455852634881
30376,-0.0008380863049781
30377,-0.0009172484041268
30378,-0.000859611278864
30379,-0.0009387733780127
30380,-0.0008661823547072
30381,-0.0009453444538558
30382,-0.0008877073285931
30383,-0.0009668694277417
30384,0.0324301554590918
30385,0.0323509933599431
30386,0.0324086304852059
30387,0.0323294683860572
30388,0.0324020594093627
30389,0.0323228973102141
30390,0.0323805344354768
30391,0.0323013723363282
30392,0.0730088712948381
30393,0.0729297091956895
30394,0.0729873463209523
30395,0.0729081842218036
30396,0.0729807752451091
30397,0.0729016131459604
30398,0.0729592502712232
30399,0.0728800881720746
30400,-0.0374674904694959
30401,-0.0375466525686445
30402,-0.0374890154433818
30403,-0.0375681775425304
30404,-0.037495586519225
30405,-0.0375747486183736
30406,-0.0375171114931108
30407,-0.0375962735922595
30408,0.0031112253662504
30409,0.0030320632671018
30410,0.0030897003923645
30411,0.0030105382932159
30412,0.0030831293165213
30413,0.0030039672173727
30414,0.0030616043426355
30415,0.0029824422434868
30416,0.0363794671303204
30417,0.0363003050311718
30418,0.0363579421564345
30419,0.0362787800572859
30420,0.0363513710805913
30421,0.0362722089814427
30422,0.0363298461067055
30423,0.0362506840075568
30424,0.0769581829660668
30425,0.0768790208669182
30426,0.0769366579921809
30427,0.0768574958930323
30428,0.0769300869163377
30429,0.0768509248171891
30430,0.0769085619424518
30431,0.0768293998433032
30432,-0.0378939007767011
30433,-0.0379730628758497
30434,-0.037915425750587
30435,-0.0379945878497356
30436,-0.0379219968264301
30437,-0.0380011589255788
30438,-0.037943521800316
30439,-0.0380226838994647
30440,0.0026848150590452
30441,0.0026056529598966
30442,0.0026632900851593
30443,0.0025841279860107
30444,0.0026567190093162
30445,0.0025775569101675
30446,0.0026351940354303
30447,0.0025560319362816
30448,0.0359530568231152
30449,0.0358738947239666
30450,0.0359315318492293
30451,0.0358523697500807
30452,0.0359249607733861
30453,0.0358457986742375
30454,0.0359034357995003
30455,0.0358242737003516
30456,0.0765317726588616
30457,0.076452610559713
30458,0.0765102476849757
30459,0.0764310855858271
30460,0.0765036766091325
30461,0.0764245145099839
30462,0.0764821516352467
30463,0.076402989536098
30464,-0.0356376834027712
30465,-0.0357168455019198
30466,-0.0356592083766571
30467,-0.0357383704758057
30468,-0.0356657794525003
30469,-0.0357449415516489
30470,-0.0356873044263862
30471,-0.0357664665255348
30472,0.0049410324329751
30473,0.0048618703338264
30474,0.0049195074590892
30475,0.0048403453599406
30476,0.004912936383246
30477,0.0048337742840974
30478,0.0048914114093601
30479,0.0048122493102115
30480,0.0382092741970451
30481,0.0381301120978964
30482,0.0381877492231592
30483,0.0381085871240106
30484,0.038181178147316
30485,0.0381020160481674
30486,0.0381596531734301
30487,0.0380804910742815
30488,0.0787879900327915
30489,0.0787088279336429
30490,0.0787664650589056
30491,0.078687302959757
30492,0.0787598939830624
30493,0.0786807318839138
30494,0.0787383690091765
30495,0.0786592069100279
30496,-0.0360640937099764
30497,-0.036143255809125
30498,-0.0360856186838623
30499,-0.0361647807830109
30500,-0.0360921897597055
30501,-0.0361713518588541
30502,-0.0361137147335913
30503,-0.03619287683274
30504,0.0045146221257699
30505,0.0044354600266213
30506,0.004493097151884
30507,0.0044139350527354
30508,0.0044865260760408
30509,0.0044073639768922
30510,0.004465001102155
30511,0.0043858390030063
30512,0.0377828638898399
30513,0.0377037017906913
30514,0.037761338915954
30515,0.0376821768168054
30516,0.0377547678401108
30517,0.0376756057409622
30518,0.037733242866225
30519,0.0376540807670763
30520,0.0783615797255863
30521,0.0782824176264376
30522,0.0783400547517004
30523,0.0782608926525518
30524,0.0783334836758572
30525,0.0782543215767086
30526,0.0783119587019714
30527,0.0782327966028227
30528,-0.0321147820387477
30529,-0.0321939441378964
30530,-0.0321363070126336
30531,-0.0322154691117823
30532,-0.0321428780884768
30533,-0.0322220401876254
30534,-0.0321644030623627
30535,-0.0322435651615113
30536,0.0084639337969985
30537,0.0083847716978499
30538,0.0084424088231127
30539,0.008363246723964
30540,0.0084358377472695
30541,0.0083566756481208
30542,0.0084143127733836
30543,0.008335150674235
30544,0.0417321755610685
30545,0.0416530134619199
30546,0.0417106505871827
30547,0.041631488488034
30548,0.0417040795113395
30549,0.0416249174121908
30550,0.0416825545374536
30551,0.041603392438305
30552,0.0823108913968149
30553,0.0822317292976663
30554,0.0822893664229291
30555,0.0822102043237804
30556,0.0822827953470859
30557,0.0822036332479372
30558,0.0822612703732
30559,0.0821821082740514
30560,-0.0325411923459529
30561,-0.0326203544451016
30562,-0.0325627173198388
30563,-0.0326418794189874
30564,-0.032569288395682
30565,-0.0326484504948306
30566,-0.0325908133695679
30567,-0.0326699754687165
30568,0.0080375234897934
30569,0.0079583613906447
30570,0.0080159985159075
30571,0.0079368364167588
30572,0.0080094274400643
30573,0.0079302653409157
30574,0.0079879024661784
30575,0.0079087403670298
30576,0.0413057652538634
30577,0.0412266031547147
30578,0.0412842402799775
30579,0.0412050781808288
30580,0.0412776692041343
30581,0.0411985071049857
30582,0.0412561442302484
30583,0.0411769821310998
30584,0.0818844810896098
30585,0.0818053189904611
30586,0.0818629561157239
30587,0.0817837940165752
30588,0.0818563850398807
30589,0.081777222940732
30590,0.0818348600659948
30591,0.0817556979668462
30592,-0.0360187681720347
30593,-0.0360979302711833
30594,-0.0360402931459206
30595,-0.0361194552450692
30596,-0.0360468642217637
30597,-0.0361260263209124
30598,-0.0360683891956496
30599,-0.0361475512947983
30600,0.0045599476637116
30601,0.004480785564563
30602,0.0045384226898257
30603,0.0044592605906771
30604,0.0045318516139826
30605,0.0044526895148339
30606,0.0045103266400967
30607,0.004431164540948
30608,0.0378281894277816
30609,0.037749027328633
30610,0.0378066644538957
30611,0.0377275023547471
30612,0.0378000933780525
30613,0.0377209312789039
30614,0.0377785684041667
30615,0.037699406305018
30616,0.078406905263528
30617,0.0783277431643794
30618,0.0783853802896421
30619,0.0783062181904935
30620,0.0783788092137989
30621,0.0782996471146503
30622,0.0783572842399131
30623,0.0782781221407644
30624,-0.0364451784792399
30625,-0.0365243405783885
30626,-0.0364667034531257
30627,-0.0365458655522744
30628,-0.0364732745289689
30629,-0.0365524366281176
30630,-0.0364947995028548
30631,-0.0365739616020034
30632,0.0041335373565064
30633,0.0040543752573578
30634,0.0041120123826206
30635,0.0040328502834719
30636,0.0041054413067774
30637,0.0040262792076287
30638,0.0040839163328915
30639,0.0040047542337429
30640,0.0374017791205764
30641,0.0373226170214278
30642,0.0373802541466905
30643,0.0373010920475419
30644,0.0373736830708474
30645,0.0372945209716987
30646,0.0373521580969615
30647,0.0372729959978128
30648,0.0779804949563228
30649,0.0779013328571742
30650,0.0779589699824369
30651,0.0778798078832883
30652,0.0779523989065937
30653,0.0778732368074451
30654,0.0779308739327079
30655,0.0778517118335593
30656,-0.0324958668080112
30657,-0.0325750289071598
30658,-0.0325173917818971
30659,-0.0325965538810457
30660,-0.0325239628577403
30661,-0.0326031249568889
30662,-0.0325454878316262
30663,-0.0326246499307748
30664,0.0080828490277351
30665,0.0080036869285864
30666,0.0080613240538492
30667,0.0079821619547006
30668,0.008054752978006
30669,0.0079755908788574
30670,0.0080332280041201
30671,0.0079540659049715
30672,0.0413510907918051
30673,0.0412719286926564
30674,0.0413295658179192
30675,0.0412504037187706
30676,0.041322994742076
30677,0.0412438326429274
30678,0.0413014697681901
30679,0.0412223076690415
30680,0.0819298066275515
30681,0.0818506445284028
30682,0.0819082816536656
30683,0.0818291195545169
30684,0.0819017105778224
30685,0.0818225484786738
30686,0.0818801856039365
30687,0.0818010235047879
30688,-0.0329222771152164
30689,-0.033001439214365
30690,-0.0329438020891023
30691,-0.0330229641882509
30692,-0.0329503731649455
30693,-0.0330295352640941
30694,-0.0329718981388313
30695,-0.03305106023798
30696,0.0076564387205299
30697,0.0075772766213813
30698,0.007634913746644
30699,0.0075557516474954
30700,0.0076283426708008
30701,0.0075491805716522
30702,0.0076068176969149
30703,0.0075276555977663
30704,0.0409246804845999
30705,0.0408455183854512
30706,0.040903155510714
30707,0.0408239934115654
30708,0.0408965844348708
30709,0.0408174223357222
30710,0.0408750594609849
30711,0.0407958973618363
30712,0.0815033963203463
30713,0.0814242342211977
30714,0.0814818713464604
30715,0.0814027092473118
30716,0.0814753002706172
30717,0.0813961381714686
30718,0.0814537752967313
30719,0.0813746131975827
30720,-0.0633361527922686
30721,-0.0634153148914172
30722,-0.0633576777661544
30723,-0.0634368398653031
30724,-0.0633642488419976
30725,-0.0634434109411462
30726,-0.0633857738158835
30727,-0.0634649359150321
30728,-0.0227574369565222
30729,-0.0228365990556708
30730,-0.022778961930408
30731,-0.0228581240295567
30732,-0.0227855330062512
30733,-0.0228646951053999
30734,-0.0228070579801371
30735,-0.0228862200792857
30736,0.0105108048075477
30737,0.0104316427083991
30738,0.0104892798336619
30739,0.0104101177345132
30740,0.0104827087578187
30741,0.01040354665867
30742,0.0104611837839328
30743,0.0103820216847842
30744,0.0510895206432941
30745,0.0510103585441455
30746,0.0510679956694082
30747,0.0509888335702596
30748,0.0510614245935651
30749,0.0509822624944164
30750,0.0510398996196792
30751,0.0509607375205305
30752,-0.0637625630994737
30753,-0.0638417251986224
30754,-0.0637840880733596
30755,-0.0638632501725083
30756,-0.0637906591492028
30757,-0.0638698212483514
30758,-0.0638121841230887
30759,-0.0638913462222373
30760,-0.0231838472637273
30761,-0.023263009362876
30762,-0.0232053722376132
30763,-0.0232845343367619
30764,-0.0232119433134564
30765,-0.023291105412605
30766,-0.0232334682873423
30767,-0.0233126303864909
30768,0.0100843945003426
30769,0.0100052324011939
30770,0.0100628695264567
30771,0.009983707427308
30772,0.0100562984506135
30773,0.0099771363514649
30774,0.0100347734767276
30775,0.009955611377579
30776,0.0506631103360889
30777,0.0505839482369403
30778,0.0506415853622031
30779,0.0505624232630544
30780,0.0506350142863599
30781,0.0505558521872112
30782,0.050613489312474
30783,0.0505343272133254
30784,-0.0598132514282451
30785,-0.0598924135273937
30786,-0.059834776402131
30787,-0.0599139385012796
30788,-0.0598413474779742
30789,-0.0599205095771228
30790,-0.05986287245186
30791,-0.0599420345510087
30792,-0.0192345355924987
30793,-0.0193136976916473
30794,-0.0192560605663846
30795,-0.0193352226655332
30796,-0.0192626316422278
30797,-0.0193417937413764
30798,-0.0192841566161136
30799,-0.0193633187152623
30800,0.0140337061715712
30801,0.0139545440724226
30802,0.0140121811976853
30803,0.0139330190985367
30804,0.0140056101218421
30805,0.0139264480226935
30806,0.0139840851479563
30807,0.0139049230488076
30808,0.0546124220073176
30809,0.0545332599081689
30810,0.0545908970334317
30811,0.0545117349342831
30812,0.0545843259575885
30813,0.0545051638584399
30814,0.0545628009837026
30815,0.054483638884554
30816,-0.0602396617354503
30817,-0.0603188238345989
30818,-0.0602611867093361
30819,-0.0603403488084848
30820,-0.0602677577851793
30821,-0.060346919884328
30822,-0.0602892827590652
30823,-0.0603684448582139
30824,-0.0196609458997039
30825,-0.0197401079988525
30826,-0.0196824708735898
30827,-0.0197616329727384
30828,-0.019689041949433
30829,-0.0197682040485816
30830,-0.0197105669233188
30831,-0.0197897290224675
30832,0.013607295864366
30833,0.0135281337652174
30834,0.0135857708904801
30835,0.0135066087913315
30836,0.0135791998146369
30837,0.0135000377154883
30838,0.0135576748407511
30839,0.0134785127416024
30840,0.0541860117001124
30841,0.0541068496009638
30842,0.0541644867262265
30843,0.0540853246270779
30844,0.0541579156503833
30845,0.0540787535512347
30846,0.0541363906764974
30847,0.0540572285773488
30848,-0.063717237561532
30849,-0.0637963996606807
30850,-0.0637387625354179
30851,-0.0638179246345665
30852,-0.0637453336112611
30853,-0.0638244957104097
30854,-0.063766858585147
30855,-0.0638460206842956
30856,-0.0231385217257856
30857,-0.0232176838249343
30858,-0.0231600466996715
30859,-0.0232392087988201
30860,-0.0231666177755147
30861,-0.0232457798746633
30862,-0.0231881427494006
30863,-0.0232673048485492
30864,0.0101297200382843
30865,0.0100505579391356
30866,0.0101081950643984
30867,0.0100290329652497
30868,0.0101016239885552
30869,0.0100224618894066
30870,0.0100800990146693
30871,0.0100009369155207
30872,0.0507084358740307
30873,0.050629273774882
30874,0.0506869109001448
30875,0.0506077488009961
30876,0.0506803398243016
30877,0.050601177725153
30878,0.0506588148504157
30879,0.0505796527512671
30880,-0.0641436478687372
30881,-0.0642228099678858
30882,-0.0641651728426231
30883,-0.0642443349417717
30884,-0.0641717439184663
30885,-0.0642509060176149
30886,-0.0641932688923521
30887,-0.0642724309915008
30888,-0.0235649320329908
30889,-0.0236440941321395
30890,-0.0235864570068767
30891,-0.0236656191060253
30892,-0.0235930280827199
30893,-0.0236721901818685
30894,-0.0236145530566058
30895,-0.0236937151557544
30896,0.0097033097310791
30897,0.0096241476319304
30898,0.0096817847571932
30899,0.0096026226580446
30900,0.00967521368135
30901,0.0095960515822014
30902,0.0096536887074641
30903,0.0095745266083155
30904,0.0502820255668255
30905,0.0502028634676768
30906,0.0502605005929396
30907,0.050181338493791
30908,0.0502539295170964
30909,0.0501747674179478
30910,0.0502324045432105
30911,0.0501532424440619
30912,-0.0601943361975085
30913,-0.0602734982966572
30914,-0.0602158611713944
30915,-0.0602950232705431
30916,-0.0602224322472376
30917,-0.0603015943463863
30918,-0.0602439572211235
30919,-0.0603231193202721
30920,-0.0196156203617622
30921,-0.0196947824609108
30922,-0.019637145335648
30923,-0.0197163074347967
30924,-0.0196437164114912
30925,-0.0197228785106399
30926,-0.0196652413853771
30927,-0.0197444034845258
30928,0.0136526214023077
30929,0.0135734593031591
30930,0.0136310964284218
30931,0.0135519343292732
30932,0.0136245253525787
30933,0.01354536325343
30934,0.0136030003786928
30935,0.0135238382795441
30936,0.0542313372380541
30937,0.0541521751389055
30938,0.0542098122641682
30939,0.0541306501650196
30940,0.054203241188325
30941,0.0541240790891764
30942,0.0541817162144392
30943,0.0541025541152905
30944,-0.0606207465047137
30945,-0.0606999086038624
30946,-0.0606422714785996
30947,-0.0607214335777482
30948,-0.0606488425544428
30949,-0.0607280046535914
30950,-0.0606703675283287
30951,-0.0607495296274773
30952,-0.0200420306689674
30953,-0.020121192768116
30954,-0.0200635556428532
30955,-0.0201427177420019
30956,-0.0200701267186964
30957,-0.0201492888178451
30958,-0.0200916516925823
30959,-0.0201708137917309
30960,0.0132262110951025
30961,0.0131470489959539
30962,0.0132046861212167
30963,0.013125524022068
30964,0.0131981150453735
30965,0.0131189529462248
30966,0.0131765900714876
30967,0.013097427972339
30968,0.0538049269308489
30969,0.0537257648317003
30970,0.053783401956963
30971,0.0537042398578144
30972,0.0537768308811199
30973,0.0536976687819712
30974,0.053755305907234
30975,0.0536761438080853
30976,-0.0583645291307839
30977,-0.0584436912299325
30978,-0.0583860541046697
30979,-0.0584652162038184
30980,-0.0583926251805129
30981,-0.0584717872796616
30982,-0.0584141501543988
30983,-0.0584933122535475
30984,-0.0177858132950375
30985,-0.0178649753941861
30986,-0.0178073382689234
30987,-0.017886500368072
30988,-0.0178139093447666
30989,-0.0178930714439152
30990,-0.0178354343186524
30991,-0.0179145964178011
30992,0.0154824284690324
30993,0.0154032663698838
30994,0.0154609034951465
30995,0.0153817413959979
30996,0.0154543324193033
30997,0.0153751703201547
30998,0.0154328074454175
30999,0.0153536453462688
31000,0.0560611443047788
31001,0.0559819822056302
31002,0.0560396193308929
31003,0.0559604572317443
31004,0.0560330482550497
31005,0.0559538861559011
31006,0.0560115232811639
31007,0.0559323611820152
31008,-0.0587909394379891
31009,-0.0588701015371377
31010,-0.0588124644118749
31011,-0.0588916265110236
31012,-0.0588190354877181
31013,-0.0588981975868667
31014,-0.058840560461604
31015,-0.0589197225607526
31016,-0.0182122236022427
31017,-0.0182913857013913
31018,-0.0182337485761285
31019,-0.0183129106752772
31020,-0.0182403196519717
31021,-0.0183194817511204
31022,-0.0182618446258576
31023,-0.0183410067250062
31024,0.0150560181618272
31025,0.0149768560626786
31026,0.0150344931879414
31027,0.0149553310887927
31028,0.0150279221120982
31029,0.0149487600129495
31030,0.0150063971382123
31031,0.0149272350390636
31032,0.0556347339975736
31033,0.055555571898425
31034,0.0556132090236877
31035,0.0555340469245391
31036,0.0556066379478445
31037,0.0555274758486959
31038,0.0555851129739587
31039,0.05550595087481
31040,-0.0548416277667604
31041,-0.0549207898659091
31042,-0.0548631527406463
31043,-0.0549423148397949
31044,-0.0548697238164895
31045,-0.0549488859156381
31046,-0.0548912487903754
31047,-0.054970410889524
31048,-0.014262911931014
31049,-0.0143420740301627
31050,-0.0142844369048999
31051,-0.0143635990040485
31052,-0.0142910079807431
31053,-0.0143701700798917
31054,-0.014312532954629
31055,-0.0143916950537776
31056,0.0190053298330559
31057,0.0189261677339072
31058,0.01898380485917
31059,0.0189046427600214
31060,0.0189772337833268
31061,0.0188980716841782
31062,0.0189557088094409
31063,0.0188765467102923
31064,0.0595840456688023
31065,0.0595048835696536
31066,0.0595625206949164
31067,0.0594833585957677
31068,0.0595559496190732
31069,0.0594767875199246
31070,0.0595344246451873
31071,0.0594552625460387
31072,-0.0552680380739656
31073,-0.0553472001731142
31074,-0.0552895630478515
31075,-0.0553687251470001
31076,-0.0552961341236947
31077,-0.0553752962228433
31078,-0.0553176590975805
31079,-0.0553968211967292
31080,-0.0146893222382192
31081,-0.0147684843373678
31082,-0.0147108472121051
31083,-0.0147900093112537
31084,-0.0147174182879483
31085,-0.0147965803870969
31086,-0.0147389432618342
31087,-0.0148181053609828
31088,0.0185789195258507
31089,0.0184997574267021
31090,0.0185573945519648
31091,0.0184782324528162
31092,0.0185508234761216
31093,0.018471661376973
31094,0.0185292985022357
31095,0.0184501364030871
31096,0.0591576353615971
31097,0.0590784732624484
31098,0.0591361103877112
31099,0.0590569482885626
31100,0.059129539311868
31101,0.0590503772127194
31102,0.0591080143379821
31103,0.0590288522388335
31104,-0.0587456139000473
31105,-0.058824775999196
31106,-0.0587671388739332
31107,-0.0588463009730818
31108,-0.0587737099497764
31109,-0.058852872048925
31110,-0.0587952349236623
31111,-0.0588743970228109
31112,-0.018166898064301
31113,-0.0182460601634496
31114,-0.0181884230381868
31115,-0.0182675851373355
31116,-0.01819499411403
31117,-0.0182741562131787
31118,-0.0182165190879159
31119,-0.0182956811870645
31120,0.0151013436997689
31121,0.0150221816006203
31122,0.0150798187258831
31123,0.0150006566267344
31124,0.0150732476500399
31125,0.0149940855508912
31126,0.015051722676154
31127,0.0149725605770054
31128,0.0556800595355153
31129,0.0556008974363667
31130,0.0556585345616294
31131,0.0555793724624808
31132,0.0556519634857863
31133,0.0555728013866376
31134,0.0556304385119004
31135,0.0555512764127517
31136,-0.0591720242072525
31137,-0.0592511863064012
31138,-0.0591935491811384
31139,-0.059272711280287
31140,-0.0592001202569816
31141,-0.0592792823561302
31142,-0.0592216452308675
31143,-0.0593008073300161
31144,-0.0185933083715061
31145,-0.0186724704706548
31146,-0.018614833345392
31147,-0.0186939954445407
31148,-0.0186214044212352
31149,-0.0187005665203838
31150,-0.0186429293951211
31151,-0.0187220914942697
31152,0.0146749333925638
31153,0.0145957712934151
31154,0.0146534084186779
31155,0.0145742463195292
31156,0.0146468373428347
31157,0.0145676752436861
31158,0.0146253123689488
31159,0.0145461502698002
31160,0.0552536492283101
31161,0.0551744871291615
31162,0.0552321242544243
31163,0.0551529621552756
31164,0.0552255531785811
31165,0.0551463910794324
31166,0.0552040282046952
31167,0.0551248661055466
31168,-0.0552227125360239
31169,-0.0553018746351725
31170,-0.0552442375099098
31171,-0.0553233996090584
31172,-0.055250808585753
31173,-0.0553299706849016
31174,-0.0552723335596388
31175,-0.0553514956587875
31176,-0.0146439967002775
31177,-0.0147231587994261
31178,-0.0146655216741634
31179,-0.014744683773312
31180,-0.0146720927500066
31181,-0.0147512548491552
31182,-0.0146936177238924
31183,-0.0147727798230411
31184,0.0186242450637924
31185,0.0185450829646438
31186,0.0186027200899065
31187,0.0185235579907579
31188,0.0185961490140633
31189,0.0185169869149147
31190,0.0185746240401775
31191,0.0184954619410288
31192,0.0592029608995388
31193,0.0591237988003902
31194,0.0591814359256529
31195,0.0591022738265043
31196,0.0591748648498097
31197,0.0590957027506611
31198,0.0591533398759238
31199,0.0590741777767752
31200,-0.0556491228432291
31201,-0.0557282849423777
31202,-0.0556706478171149
31203,-0.0557498099162636
31204,-0.0556772188929581
31205,-0.0557563809921068
31206,-0.055698743866844
31207,-0.0557779059659927
31208,-0.0150704070074827
31209,-0.0151495691066313
31210,-0.0150919319813686
31211,-0.0151710940805172
31212,-0.0150985030572117
31213,-0.0151776651563604
31214,-0.0151200280310976
31215,-0.0151991901302463
31216,0.0181978347565872
31217,0.0181186726574386
31218,0.0181763097827013
31219,0.0180971476835527
31220,0.0181697387068582
31221,0.0180905766077095
31222,0.0181482137329723
31223,0.0180690516338236
31224,0.0587765505923336
31225,0.058697388493185
31226,0.0587550256184477
31227,0.0586758635192991
31228,0.0587484545426045
31229,0.0586692924434559
31230,0.0587269295687187
31231,0.05864776746957
31232,-0.0407480173225256
31233,-0.0408271794216742
31234,-0.0407695422964115
31235,-0.0408487043955601
31236,-0.0407761133722546
31237,-0.0408552754714033
31238,-0.0407976383461405
31239,-0.0408768004452892
31240,-0.0001693014867792
31241,-0.0002484635859278
31242,-0.0001908264606651
31243,-0.0002699885598137
31244,-0.0001973975365083
31245,-0.0002765596356569
31246,-0.0002189225103941
31247,-0.0002980846095428
31248,0.0330989402772907
31249,0.0330197781781421
31250,0.0330774153034048
31251,0.0329982532042562
31252,0.0330708442275616
31253,0.032991682128413
31254,0.0330493192536758
31255,0.0329701571545271
31256,0.0736776561130371
31257,0.0735984940138885
31258,0.0736561311391512
31259,0.0735769690400026
31260,0.073649560063308
31261,0.0735703979641594
31262,0.0736280350894222
31263,0.0735488729902735
31264,-0.0411744276297308
31265,-0.0412535897288794
31266,-0.0411959526036166
31267,-0.0412751147027653
31268,-0.0412025236794598
31269,-0.0412816857786085
31270,-0.0412240486533457
31271,-0.0413032107524943
31272,-0.0005957117939844
31273,-0.000674873893133
31274,-0.0006172367678702
31275,-0.0006963988670189
31276,-0.0006238078437134
31277,-0.0007029699428621
31278,-0.0006453328175993
31279,-0.000724494916748
31280,0.0326725299700855
31281,0.0325933678709369
31282,0.0326510049961996
31283,0.032571842897051
31284,0.0326444339203565
31285,0.0325652718212078
31286,0.0326229089464706
31287,0.0325437468473219
31288,0.0732512458058319
31289,0.0731720837066833
31290,0.073229720831946
31291,0.0731505587327974
31292,0.0732231497561028
31293,0.0731439876569542
31294,0.073201624782217
31295,0.0731224626830683
31296,-0.0372251159585021
31297,-0.0373042780576508
31298,-0.037246640932388
31299,-0.0373258030315366
31300,-0.0372532120082312
31301,-0.0373323741073798
31302,-0.0372747369821171
31303,-0.0373538990812657
31304,0.0033535998772442
31305,0.0032744377780955
31306,0.0033320749033583
31307,0.0032529128042097
31308,0.0033255038275151
31309,0.0032463417283665
31310,0.0033039788536292
31311,0.0032248167544806
31312,0.0366218416413142
31313,0.0365426795421655
31314,0.0366003166674283
31315,0.0365211545682796
31316,0.0365937455915851
31317,0.0365145834924365
31318,0.0365722206176992
31319,0.0364930585185506
31320,0.0772005574770606
31321,0.0771213953779119
31322,0.0771790325031747
31323,0.077099870404026
31324,0.0771724614273315
31325,0.0770932993281829
31326,0.0771509364534456
31327,0.077071774354297
31328,-0.0376515262657073
31329,-0.0377306883648559
31330,-0.0376730512395932
31331,-0.0377522133387418
31332,-0.0376796223154364
31333,-0.037758784414585
31334,-0.0377011472893222
31335,-0.0377803093884709
31336,0.002927189570039
31337,0.0028480274708904
31338,0.0029056645961531
31339,0.0028265024970045
31340,0.0028990935203099
31341,0.0028199314211613
31342,0.002877568546424
31343,0.0027984064472754
31344,0.036195431334109
31345,0.0361162692349603
31346,0.0361739063602231
31347,0.0360947442610745
31348,0.0361673352843799
31349,0.0360881731852313
31350,0.036145810310494
31351,0.0360666482113454
31352,0.0767741471698554
31353,0.0766949850707068
31354,0.0767526221959695
31355,0.0766734600968209
31356,0.0767460511201263
31357,0.0766668890209777
31358,0.0767245261462404
31359,0.0766453640470918
31360,-0.0411291020917891
31361,-0.0412082641909377
31362,-0.0411506270656749
31363,-0.0412297891648236
31364,-0.0411571981415181
31365,-0.0412363602406668
31366,-0.041178723115404
31367,-0.0412578852145526
31368,-0.0005503862560427
31369,-0.0006295483551913
31370,-0.0005719112299285
31371,-0.0006510733290772
31372,-0.0005784823057717
31373,-0.0006576444049204
31374,-0.0006000072796576
31375,-0.0006791693788062
31376,0.0327178555080272
31377,0.0326386934088786
31378,0.0326963305341414
31379,0.0326171684349927
31380,0.0326897594582982
31381,0.0326105973591495
31382,0.0326682344844123
31383,0.0325890723852637
31384,0.0732965713437736
31385,0.073217409244625
31386,0.0732750463698877
31387,0.0731958842707391
31388,0.0732684752940446
31389,0.0731893131948959
31390,0.0732469503201587
31391,0.07316778822101
31392,-0.0415555123989942
31393,-0.0416346744981429
31394,-0.0415770373728801
31395,-0.0416561994720287
31396,-0.0415836084487233
31397,-0.0416627705478719
31398,-0.0416051334226092
31399,-0.0416842955217578
31400,-0.0009767965632478
31401,-0.0010559586623965
31402,-0.0009983215371337
31403,-0.0010774836362824
31404,-0.0010048926129769
31405,-0.0010840547121255
31406,-0.0010264175868628
31407,-0.0011055796860114
31408,0.0322914452008221
31409,0.0322122831016734
31410,0.0322699202269362
31411,0.0321907581277875
31412,0.032263349151093
31413,0.0321841870519444
31414,0.0322418241772071
31415,0.0321626620780585
31416,0.0728701610365684
31417,0.0727909989374198
31418,0.0728486360626826
31419,0.0727694739635339
31420,0.0728420649868394
31421,0.0727629028876907
31422,0.0728205400129535
31423,0.0727413779138049
31424,-0.0376062007277656
31425,-0.0376853628269142
31426,-0.0376277257016515
31427,-0.0377068878008001
31428,-0.0376342967774947
31429,-0.0377134588766433
31430,-0.0376558217513805
31431,-0.0377349838505292
31432,0.0029725151079807
31433,0.0028933530088321
31434,0.0029509901340948
31435,0.0028718280349462
31436,0.0029444190582516
31437,0.002865256959103
31438,0.0029228940843658
31439,0.0028437319852171
31440,0.0362407568720507
31441,0.0361615947729021
31442,0.0362192318981648
31443,0.0361400697990162
31444,0.0362126608223216
31445,0.036133498723173
31446,0.0361911358484358
31447,0.0361119737492871
31448,0.0768194727077971
31449,0.0767403106086485
31450,0.0767979477339112
31451,0.0767187856347626
31452,0.076791376658068
31453,0.0767122145589194
31454,0.0767698516841821
31455,0.0766906895850335
31456,-0.0380326110349708
31457,-0.0381117731341194
31458,-0.0380541360088566
31459,-0.0381332981080053
31460,-0.0380607070846998
31461,-0.0381398691838485
31462,-0.0380822320585857
31463,-0.0381613941577344
31464,0.0025461048007755
31465,0.0024669427016269
31466,0.0025245798268896
31467,0.002445417727741
31468,0.0025180087510465
31469,0.0024388466518978
31470,0.0024964837771606
31471,0.0024173216780119
31472,0.0358143465648455
31473,0.0357351844656969
31474,0.0357928215909596
31475,0.035713659491811
31476,0.0357862505151165
31477,0.0357070884159678
31478,0.0357647255412306
31479,0.0356855634420819
31480,0.0763930624005919
31481,0.0763139003014433
31482,0.076371537426706
31483,0.0762923753275574
31484,0.0763649663508629
31485,0.0762858042517142
31486,0.076343441376977
31487,0.0762642792778283
31488,-0.0357763936610409
31489,-0.0358555557601895
31490,-0.0357979186349268
31491,-0.0358770807340754
31492,-0.03580448971077
31493,-0.0358836518099186
31494,-0.0358260146846558
31495,-0.0359051767838045
31496,0.0048023221747054
31497,0.0047231600755568
31498,0.0047807972008195
31499,0.0047016351016709
31500,0.0047742261249763
31501,0.0046950640258277
31502,0.0047527011510904
31503,0.0046735390519418
31504,0.0380705639387754
31505,0.0379914018396267
31506,0.0380490389648895
31507,0.0379698768657409
31508,0.0380424678890463
31509,0.0379633057898977
31510,0.0380209429151604
31511,0.0379417808160118
31512,0.0786492797745218
31513,0.0785701176753732
31514,0.0786277548006359
31515,0.0785485927014873
31516,0.0786211837247927
31517,0.0785420216256441
31518,0.0785996587509068
31519,0.0785204966517582
31520,-0.0362028039682461
31521,-0.0362819660673947
31522,-0.036224328942132
31523,-0.0363034910412806
31524,-0.0362309000179752
31525,-0.0363100621171238
31526,-0.036252424991861
31527,-0.0363315870910097
31528,0.0043759118675002
31529,0.0042967497683516
31530,0.0043543868936143
31531,0.0042752247944657
31532,0.0043478158177711
31533,0.0042686537186225
31534,0.0043262908438853
31535,0.0042471287447366
31536,0.0376441536315702
31537,0.0375649915324216
31538,0.0376226286576843
31539,0.0375434665585357
31540,0.0376160575818411
31541,0.0375368954826925
31542,0.0375945326079553
31543,0.0375153705088066
31544,0.0782228694673166
31545,0.0781437073681679
31546,0.0782013444934307
31547,0.0781221823942821
31548,0.0781947734175875
31549,0.0781156113184389
31550,0.0781732484437017
31551,0.078094086344553
31552,-0.0322534922970174
31553,-0.0323326543961661
31554,-0.0322750172709033
31555,-0.032354179370052
31556,-0.0322815883467465
31557,-0.0323607504458951
31558,-0.0323031133206324
31559,-0.032382275419781
31560,0.0083252235387288
31561,0.0082460614395802
31562,0.008303698564843
31563,0.0082245364656943
31564,0.0082971274889998
31565,0.0082179653898511
31566,0.0082756025151139
31567,0.0081964404159653
31568,0.0415934653027988
31569,0.0415143032036502
31570,0.041571940328913
31571,0.0414927782297643
31572,0.0415653692530698
31573,0.0414862071539211
31574,0.0415438442791839
31575,0.0414646821800353
31576,0.0821721811385452
31577,0.0820930190393966
31578,0.0821506561646594
31579,0.0820714940655107
31580,0.0821440850888162
31581,0.0820649229896675
31582,0.0821225601149303
31583,0.0820433980157817
31584,-0.0326799026042226
31585,-0.0327590647033713
31586,-0.0327014275781085
31587,-0.0327805896772571
31588,-0.0327079986539517
31589,-0.0327871607531003
31590,-0.0327295236278376
31591,-0.0328086857269862
31592,0.0078988132315237
31593,0.007819651132375
31594,0.0078772882576378
31595,0.0077981261584892
31596,0.0078707171817946
31597,0.007791555082646
31598,0.0078491922079087
31599,0.0077700301087601
31600,0.0411670549955937
31601,0.041087892896445
31602,0.0411455300217078
31603,0.0410663679225591
31604,0.0411389589458646
31605,0.041059796846716
31606,0.0411174339719787
31607,0.0410382718728301
31608,0.0817457708313401
31609,0.0816666087321914
31610,0.0817242458574542
31611,0.0816450837583055
31612,0.081717674781611
31613,0.0816385126824623
31614,0.0816961498077251
31615,0.0816169877085765
31616,-0.0361574784303044
31617,-0.036236640529453
31618,-0.0361790034041903
31619,-0.0362581655033389
31620,-0.0361855744800334
31621,-0.0362647365791821
31622,-0.0362070994539193
31623,-0.036286261553068
31624,0.0044212374054419
31625,0.0043420753062933
31626,0.004399712431556
31627,0.0043205503324074
31628,0.0043931413557129
31629,0.0043139792565642
31630,0.004371616381827
31631,0.0042924542826783
31632,0.0376894791695119
31633,0.0376103170703633
31634,0.037667954195626
31635,0.0375887920964774
31636,0.0376613831197828
31637,0.0375822210206342
31638,0.037639858145897
31639,0.0375606960467483
31640,0.0782681950052583
31641,0.0781890329061097
31642,0.0782466700313724
31643,0.0781675079322238
31644,0.0782400989555292
31645,0.0781609368563806
31646,0.0782185739816434
31647,0.0781394118824947
31648,-0.0365838887375096
31649,-0.0366630508366582
31650,-0.0366054137113954
31651,-0.0366845758105441
31652,-0.0366119847872386
31653,-0.0366911468863873
31654,-0.0366335097611245
31655,-0.0367126718602731
31656,0.0039948270982367
31657,0.0039156649990881
31658,0.0039733021243509
31659,0.0038941400252022
31660,0.0039667310485077
31661,0.003887568949359
31662,0.0039452060746218
31663,0.0038660439754732
31664,0.0372630688623067
31665,0.0371839067631581
31666,0.0372415438884209
31667,0.0371623817892722
31668,0.0372349728125777
31669,0.037155810713429
31670,0.0372134478386918
31671,0.0371342857395432
31672,0.0778417846980531
31673,0.0777626225989045
31674,0.0778202597241672
31675,0.0777410976250186
31676,0.0778136886483241
31677,0.0777345265491754
31678,0.0777921636744382
31679,0.0777130015752896
31680,-0.0326345770662809
31681,-0.0327137391654295
31682,-0.0326561020401668
31683,-0.0327352641393154
31684,-0.03266267311601
31685,-0.0327418352151586
31686,-0.0326841980898959
31687,-0.0327633601890445
31688,0.0079441387694654
31689,0.0078649766703167
31690,0.0079226137955795
31691,0.0078434516964309
31692,0.0079160427197363
31693,0.0078368806205877
31694,0.0078945177458504
31695,0.0078153556467018
31696,0.0412123805335354
31697,0.0411332184343867
31698,0.0411908555596495
31699,0.0411116934605009
31700,0.0411842844838063
31701,0.0411051223846577
31702,0.0411627595099204
31703,0.0410835974107718
31704,0.0817910963692818
31705,0.0817119342701331
31706,0.0817695713953959
31707,0.0816904092962473
31708,0.0817630003195527
31709,0.0816838382204041
31710,0.0817414753456668
31711,0.0816623132465182
31712,-0.0330609873734861
31713,-0.0331401494726347
31714,-0.033082512347372
31715,-0.0331616744465206
31716,-0.0330890834232152
31717,-0.0331682455223638
31718,-0.033110608397101
31719,-0.0331897704962497
31720,0.0075177284622602
31721,0.0074385663631116
31722,0.0074962034883743
31723,0.0074170413892257
31724,0.0074896324125311
31725,0.0074104703133825
31726,0.0074681074386453
31727,0.0073889453394966
31728,0.0407859702263302
31729,0.0407068081271816
31730,0.0407644452524443
31731,0.0406852831532957
31732,0.0407578741766011
31733,0.0406787120774525
31734,0.0407363492027152
31735,0.0406571871035666
31736,0.0813646860620766
31737,0.081285523962928
31738,0.0813431610881907
31739,0.0812639989890421
31740,0.0813365900123475
31741,0.0812574279131989
31742,0.0813150650384616
31743,0.081235902939313
31744,-0.0632639504692886
31745,-0.0633431125684372
31746,-0.0632854754431745
31747,-0.0633646375423231
31748,-0.0632920465190177
31749,-0.0633712086181663
31750,-0.0633135714929035
31751,-0.0633927335920521
31752,-0.0226852346335422
31753,-0.0227643967326908
31754,-0.0227067596074281
31755,-0.0227859217065767
31756,-0.0227133306832713
31757,-0.0227924927824199
31758,-0.0227348556571571
31759,-0.0228140177563058
31760,0.0105830071305277
31761,0.0105038450313791
31762,0.0105614821566418
31763,0.0104823200574932
31764,0.0105549110807986
31765,0.01047574898165
31766,0.0105333861069128
31767,0.0104542240077641
31768,0.0511617229662741
31769,0.0510825608671254
31770,0.0511401979923882
31771,0.0510610358932396
31772,0.051133626916545
31773,0.0510544648173964
31774,0.0511121019426591
31775,0.0510329398435105
31776,-0.0636903607764938
31777,-0.0637695228756424
31778,-0.0637118857503796
31779,-0.0637910478495283
31780,-0.0637184568262228
31781,-0.0637976189253715
31782,-0.0637399818001087
31783,-0.0638191438992574
31784,-0.0231116449407474
31785,-0.023190807039896
31786,-0.0231331699146333
31787,-0.0232123320137819
31788,-0.0231397409904764
31789,-0.0232189030896251
31790,-0.0231612659643623
31791,-0.023240428063511
31792,0.0101565968233225
31793,0.0100774347241739
31794,0.0101350718494366
31795,0.010055909750288
31796,0.0101285007735935
31797,0.0100493386744448
31798,0.0101069757997076
31799,0.0100278137005589
31800,0.0507353126590689
31801,0.0506561505599203
31802,0.050713787685183
31803,0.0506346255860344
31804,0.0507072166093398
31805,0.0506280545101912
31806,0.050685691635454
31807,0.0506065295363053
31808,-0.0597410491052651
31809,-0.0598202112044137
31810,-0.059762574079151
31811,-0.0598417361782996
31812,-0.0597691451549942
31813,-0.0598483072541428
31814,-0.0597906701288801
31815,-0.0598698322280287
31816,-0.0191623332695187
31817,-0.0192414953686674
31818,-0.0191838582434046
31819,-0.0192630203425532
31820,-0.0191904293192478
31821,-0.0192695914183964
31822,-0.0192119542931337
31823,-0.0192911163922823
31824,0.0141059084945512
31825,0.0140267463954025
31826,0.0140843835206653
31827,0.0140052214215166
31828,0.0140778124448221
31829,0.0139986503456735
31830,0.0140562874709362
31831,0.0139771253717876
31832,0.0546846243302975
31833,0.0546054622311489
31834,0.0546630993564117
31835,0.054583937257263
31836,0.0546565282805685
31837,0.0545773661814198
31838,0.0546350033066826
31839,0.054555841207534
31840,-0.0601674594124703
31841,-0.0602466215116189
31842,-0.0601889843863562
31843,-0.0602681464855048
31844,-0.0601955554621994
31845,-0.060274717561348
31846,-0.0602170804360852
31847,-0.0602962425352339
31848,-0.0195887435767239
31849,-0.0196679056758726
31850,-0.0196102685506098
31851,-0.0196894306497584
31852,-0.019616839626453
31853,-0.0196960017256016
31854,-0.0196383646003389
31855,-0.0197175266994875
31856,0.013679498187346
31857,0.0136003360881973
31858,0.0136579732134601
31859,0.0135788111143115
31860,0.0136514021376169
31861,0.0135722400384683
31862,0.013629877163731
31863,0.0135507150645824
31864,0.0542582140230924
31865,0.0541790519239437
31866,0.0542366890492065
31867,0.0541575269500579
31868,0.0542301179733633
31869,0.0541509558742147
31870,0.0542085929994774
31871,0.0541294309003288
31872,-0.063645035238552
31873,-0.0637241973377007
31874,-0.0636665602124379
31875,-0.0637457223115866
31876,-0.0636731312882811
31877,-0.0637522933874298
31878,-0.063694656262167
31879,-0.0637738183613156
31880,-0.0230663194028057
31881,-0.0231454815019543
31882,-0.0230878443766915
31883,-0.0231670064758402
31884,-0.0230944154525347
31885,-0.0231735775516834
31886,-0.0231159404264206
31887,-0.0231951025255692
31888,0.0102019223612642
31889,0.0101227602621156
31890,0.0101803973873784
31891,0.0101012352882297
31892,0.0101738263115352
31893,0.0100946642123865
31894,0.0101523013376493
31895,0.0100731392385007
31896,0.0507806381970106
31897,0.050701476097862
31898,0.0507591132231247
31899,0.0506799511239761
31900,0.0507525421472816
31901,0.0506733800481329
31902,0.0507310171733957
31903,0.050651855074247
31904,-0.0640714455457572
31905,-0.0641506076449059
31906,-0.0640929705196431
31907,-0.0641721326187917
31908,-0.0640995415954863
31909,-0.0641787036946349
31910,-0.0641210665693722
31911,-0.0642002286685208
31912,-0.0234927297100108
31913,-0.0235718918091595
31914,-0.0235142546838967
31915,-0.0235934167830454
31916,-0.0235208257597399
31917,-0.0235999878588886
31918,-0.0235423507336258
31919,-0.0236215128327744
31920,0.0097755120540591
31921,0.0096963499549104
31922,0.0097539870801732
31923,0.0096748249810245
31924,0.00974741600433
31925,0.0096682539051813
31926,0.0097258910304441
31927,0.0096467289312955
31928,0.0503542278898054
31929,0.0502750657906568
31930,0.0503327029159196
31931,0.0502535408167709
31932,0.0503261318400764
31933,0.0502469697409277
31934,0.0503046068661905
31935,0.0502254447670419
31936,-0.0601221338745286
31937,-0.0602012959736772
31938,-0.0601436588484145
31939,-0.0602228209475631
31940,-0.0601502299242576
31941,-0.0602293920234063
31942,-0.0601717548981435
31943,-0.0602509169972922
31944,-0.0195434180387822
31945,-0.0196225801379308
31946,-0.0195649430126681
31947,-0.0196441051118167
31948,-0.0195715140885113
31949,-0.0196506761876599
31950,-0.0195930390623971
31951,-0.0196722011615458
31952,0.0137248237252877
31953,0.0136456616261391
31954,0.0137032987514018
31955,0.0136241366522532
31956,0.0136967276755586
31957,0.01361756557641
31958,0.0136752027016727
31959,0.0135960406025241
31960,0.0543035395610341
31961,0.0542243774618854
31962,0.0542820145871482
31963,0.0542028524879996
31964,0.054275443511305
31965,0.0541962814121564
31966,0.0542539185374191
31967,0.0541747564382705
31968,-0.0605485441817338
31969,-0.0606277062808824
31970,-0.0605700691556197
31971,-0.0606492312547683
31972,-0.0605766402314628
31973,-0.0606558023306115
31974,-0.0605981652053487
31975,-0.0606773273044973
31976,-0.0199698283459874
31977,-0.020048990445136
31978,-0.0199913533198733
31979,-0.0200705154190219
31980,-0.0199979243957165
31981,-0.0200770864948651
31982,-0.0200194493696023
31983,-0.020098611468751
31984,0.0132984134180825
31985,0.0132192513189339
31986,0.0132768884441966
31987,0.013197726345048
31988,0.0132703173683534
31989,0.0131911552692048
31990,0.0132487923944676
31991,0.0131696302953189
31992,0.0538771292538289
31993,0.0537979671546803
31994,0.053855604279943
31995,0.0537764421807944
31996,0.0538490332040998
31997,0.0537698711049512
31998,0.053827508230214
31999,0.0537483461310653
32000,-0.0582923268078039
32001,-0.0583714889069525
32002,-0.0583138517816898
32003,-0.0583930138808384
32004,-0.058320422857533
32005,-0.0583995849566816
32006,-0.0583419478314188
32007,-0.0584211099305675
32008,-0.0177136109720575
32009,-0.0177927730712062
32010,-0.0177351359459434
32011,-0.017814298045092
32012,-0.0177417070217866
32013,-0.0178208691209352
32014,-0.0177632319956725
32015,-0.0178423940948211
32016,0.0155546307920124
32017,0.0154754686928637
32018,0.0155331058181265
32019,0.0154539437189779
32020,0.0155265347422833
32021,0.0154473726431347
32022,0.0155050097683974
32023,0.0154258476692488
32024,0.0561333466277588
32025,0.0560541845286101
32026,0.0561118216538729
32027,0.0560326595547242
32028,0.0561052505780297
32029,0.0560260884788811
32030,0.0560837256041438
32031,0.0560045635049952
32032,-0.0587187371150091
32033,-0.0587978992141577
32034,-0.058740262088895
32035,-0.0588194241880436
32036,-0.0587468331647382
32037,-0.0588259952638868
32038,-0.058768358138624
32039,-0.0588475202377727
32040,-0.0181400212792627
32041,-0.0182191833784113
32042,-0.0181615462531486
32043,-0.0182407083522972
32044,-0.0181681173289918
32045,-0.0182472794281404
32046,-0.0181896423028776
32047,-0.0182688044020263
32048,0.0151282204848072
32049,0.0150490583856586
32050,0.0151066955109213
32051,0.0150275334117727
32052,0.0151001244350781
32053,0.0150209623359295
32054,0.0150785994611923
32055,0.0149994373620436
32056,0.0557069363205536
32057,0.0556277742214049
32058,0.0556854113466677
32059,0.0556062492475191
32060,0.0556788402708245
32061,0.0555996781716759
32062,0.0556573152969386
32063,0.05557815319779
32064,-0.0547694254437804
32065,-0.0548485875429291
32066,-0.0547909504176663
32067,-0.054870112516815
32068,-0.0547975214935095
32069,-0.0548766835926581
32070,-0.0548190464673954
32071,-0.054898208566544
32072,-0.0141907096080341
32073,-0.0142698717071827
32074,-0.0142122345819199
32075,-0.0142913966810686
32076,-0.0142188056577631
32077,-0.0142979677569118
32078,-0.014240330631649
32079,-0.0143194927307976
32080,0.0190775321560358
32081,0.0189983700568872
32082,0.01905600718215
32083,0.0189768450830013
32084,0.0190494361063068
32085,0.0189702740071581
32086,0.0190279111324209
32087,0.0189487490332723
32088,0.0596562479917822
32089,0.0595770858926336
32090,0.0596347230178963
32091,0.0595555609187477
32092,0.0596281519420532
32093,0.0595489898429045
32094,0.0596066269681673
32095,0.0595274648690186
32096,-0.0551958357509856
32097,-0.0552749978501343
32098,-0.0552173607248715
32099,-0.0552965228240201
32100,-0.0552239318007147
32101,-0.0553030938998633
32102,-0.0552454567746006
32103,-0.0553246188737492
32104,-0.0146171199152392
32105,-0.0146962820143879
32106,-0.0146386448891251
32107,-0.0147178069882738
32108,-0.0146452159649683
32109,-0.0147243780641169
32110,-0.0146667409388542
32111,-0.0147459030380028
32112,0.0186511218488307
32113,0.018571959749682
32114,0.0186295968749448
32115,0.0185504347757961
32116,0.0186230257991016
32117,0.018543863699953
32118,0.0186015008252157
32119,0.0185223387260671
32120,0.059229837684577
32121,0.0591506755854284
32122,0.0592083127106912
32123,0.0591291506115425
32124,0.059201741634848
32125,0.0591225795356993
32126,0.0591802166609621
32127,0.0591010545618135
32128,-0.0586734115770674
32129,-0.058752573676216
32130,-0.0586949365509533
32131,-0.0587740986501019
32132,-0.0587015076267964
32133,-0.0587806697259451
32134,-0.0587230326006823
32135,-0.0588021946998309
32136,-0.018094695741321
32137,-0.0181738578404696
32138,-0.0181162207152069
32139,-0.0181953828143555
32140,-0.0181227917910501
32141,-0.0182019538901987
32142,-0.0181443167649359
32143,-0.0182234788640846
32144,0.0151735460227489
32145,0.0150943839236003
32146,0.015152021048863
32147,0.0150728589497144
32148,0.0151454499730198
32149,0.0150662878738712
32150,0.015123924999134
32151,0.0150447628999853
32152,0.0557522618584953
32153,0.0556730997593467
32154,0.0557307368846094
32155,0.0556515747854608
32156,0.0557241658087662
32157,0.0556450037096176
32158,0.0557026408348804
32159,0.0556234787357317
32160,-0.0590998218842725
32161,-0.0591789839834212
32162,-0.0591213468581584
32163,-0.0592005089573071
32164,-0.0591279179340016
32165,-0.0592070800331503
32166,-0.0591494429078875
32167,-0.0592286050070361
32168,-0.0185211060485262
32169,-0.0186002681476748
32170,-0.018542631022412
32171,-0.0186217931215607
32172,-0.0185492020982552
32173,-0.0186283641974039
32174,-0.0185707270721411
32175,-0.0186498891712897
32176,0.0147471357155437
32177,0.0146679736163951
32178,0.0147256107416578
32179,0.0146464486425092
32180,0.0147190396658147
32181,0.014639877566666
32182,0.0146975146919288
32183,0.0146183525927801
32184,0.0553258515512901
32185,0.0552466894521415
32186,0.0553043265774042
32187,0.0552251644782556
32188,0.055297755501561
32189,0.0552185934024124
32190,0.0552762305276752
32191,0.0551970684285265
32192,-0.0551505102130439
32193,-0.0552296723121926
32194,-0.0551720351869298
32195,-0.0552511972860784
32196,-0.055178606262773
32197,-0.0552577683619216
32198,-0.0552001312366589
32199,-0.0552792933358075
32200,-0.0145717943772975
32201,-0.0146509564764462
32202,-0.0145933193511834
32203,-0.014672481450332
32204,-0.0145998904270266
32205,-0.0146790525261752
32206,-0.0146214154009125
32207,-0.0147005775000611
32208,0.0186964473867724
32209,0.0186172852876237
32210,0.0186749224128865
32211,0.0185957603137379
32212,0.0186683513370433
32213,0.0185891892378947
32214,0.0186468263631574
32215,0.0185676642640088
32216,0.0592751632225188
32217,0.0591960011233701
32218,0.0592536382486329
32219,0.0591744761494842
32220,0.0592470671727897
32221,0.0591679050736411
32222,0.0592255421989038
32223,0.0591463800997552
32224,-0.0555769205202491
32225,-0.0556560826193977
32226,-0.055598445494135
32227,-0.0556776075932836
32228,-0.0556050165699782
32229,-0.0556841786691268
32230,-0.055626541543864
32231,-0.0557057036430127
32232,-0.0149982046845027
32233,-0.0150773667836513
32234,-0.0150197296583886
32235,-0.0150988917575372
32236,-0.0150263007342318
32237,-0.0151054628333804
32238,-0.0150478257081177
32239,-0.0151269878072663
32240,0.0182700370795672
32241,0.0181908749804186
32242,0.0182485121056813
32243,0.0181693500065327
32244,0.0182419410298381
32245,0.0181627789306895
32246,0.0182204160559522
32247,0.0181412539568036
32248,0.0588487529153136
32249,0.0587695908161649
32250,0.0588272279414277
32251,0.0587480658422791
32252,0.0588206568655845
32253,0.0587414947664359
32254,0.0587991318916986
32255,0.05871996979255
32256,-0.0406758149995456
32257,-0.0407549770986942
32258,-0.0406973399734315
32259,-0.0407765020725801
32260,-0.0407039110492747
32261,-0.0407830731484233
32262,-0.0407254360231606
32263,-0.0408045981223092
32264,-9.709916379927094e-05
32265,-0.0001762612629479
32266,-0.0001186241376851
32267,-0.0001977862368337
32268,-0.0001251952135283
32269,-0.0002043573126769
32270,-0.0001467201874142
32271,-0.0002258822865628
32272,0.0331711426002707
32273,0.033091980501122
32274,0.0331496176263848
32275,0.0330704555272362
32276,0.0331430465505416
32277,0.033063884451393
32278,0.0331215215766557
32279,0.0330423594775071
32280,0.0737498584360171
32281,0.0736706963368684
32282,0.0737283334621312
32283,0.0736491713629825
32284,0.073721762386288
32285,0.0736426002871394
32286,0.0737002374124021
32287,0.0736210753132535
32288,-0.0411022253067508
32289,-0.0411813874058994
32290,-0.0411237502806367
32291,-0.0412029123797853
32292,-0.0411303213564799
32293,-0.0412094834556285
32294,-0.0411518463303657
32295,-0.0412310084295144
32296,-0.0005235094710044
32297,-0.000602671570153
32298,-0.0005450344448903
32299,-0.0006241965440389
32300,-0.0005516055207335
32301,-0.0006307676198821
32302,-0.0005731304946193
32303,-0.000652292593768
32304,0.0327447322930655
32305,0.0326655701939169
32306,0.0327232073191796
32307,0.032644045220031
32308,0.0327166362433364
32309,0.0326374741441878
32310,0.0326951112694506
32311,0.0326159491703019
32312,0.0733234481288119
32313,0.0732442860296632
32314,0.073301923154926
32315,0.0732227610557774
32316,0.0732953520790828
32317,0.0732161899799342
32318,0.0732738271051969
32319,0.0731946650060483
32320,-0.0371529136355222
32321,-0.0372320757346708
32322,-0.037174438609408
32323,-0.0372536007085567
32324,-0.0371810096852512
32325,-0.0372601717843999
32326,-0.0372025346591371
32327,-0.0372816967582857
32328,0.0034258022002241
32329,0.0033466401010755
32330,0.0034042772263383
32331,0.0033251151271896
32332,0.0033977061504951
32333,0.0033185440513464
32334,0.0033761811766092
32335,0.0032970190774606
32336,0.0366940439642941
32337,0.0366148818651455
32338,0.0366725189904083
32339,0.0365933568912596
32340,0.0366659479145651
32341,0.0365867858154164
32342,0.0366444229406792
32343,0.0365652608415306
32344,0.0772727598000405
32345,0.0771935977008919
32346,0.0772512348261547
32347,0.077172072727006
32348,0.0772446637503115
32349,0.0771655016511628
32350,0.0772231387764256
32351,0.0771439766772769
32352,-0.0375793239427273
32353,-0.037658486041876
32354,-0.0376008489166132
32355,-0.0376800110157619
32356,-0.0376074199924564
32357,-0.037686582091605
32358,-0.0376289449663423
32359,-0.0377081070654909
32360,0.002999391893019
32361,0.0029202297938703
32362,0.0029778669191331
32363,0.0028987048199844
32364,0.0029712958432899
32365,0.0028921337441413
32366,0.002949770869404
32367,0.0028706087702554
32368,0.0362676336570889
32369,0.0361884715579403
32370,0.0362461086832031
32371,0.0361669465840544
32372,0.0362395376073599
32373,0.0361603755082112
32374,0.036218012633474
32375,0.0361388505343254
32376,0.0768463494928353
32377,0.0767671873936867
32378,0.0768248245189495
32379,0.0767456624198008
32380,0.0768182534431063
32381,0.0767390913439576
32382,0.0767967284692204
32383,0.0767175663700718
32384,-0.0410568997688091
32385,-0.0411360618679577
32386,-0.041078424742695
32387,-0.0411575868418436
32388,-0.0410849958185381
32389,-0.0411641579176868
32390,-0.041106520792424
32391,-0.0411856828915727
32392,-0.0004781839330627
32393,-0.0005573460322113
32394,-0.0004997089069486
32395,-0.0005788710060972
32396,-0.0005062799827918
32397,-0.0005854420819404
32398,-0.0005278049566776
32399,-0.0006069670558263
32400,0.0327900578310072
32401,0.0327108957318586
32402,0.0327685328571213
32403,0.0326893707579727
32404,0.0327619617812781
32405,0.0326827996821295
32406,0.0327404368073923
32407,0.0326612747082436
32408,0.0733687736667536
32409,0.073289611567605
32410,0.0733472486928677
32411,0.0732680865937191
32412,0.0733406776170245
32413,0.0732615155178759
32414,0.0733191526431387
32415,0.07323999054399
32416,-0.0414833100760143
32417,-0.0415624721751629
32418,-0.0415048350499001
32419,-0.0415839971490488
32420,-0.0415114061257433
32421,-0.041590568224892
32422,-0.0415329310996292
32423,-0.0416120931987778
32424,-0.0009045942402679
32425,-0.0009837563394165
32426,-0.0009261192141538
32427,-0.0010052813133024
32428,-0.0009326902899969
32429,-0.0010118523891456
32430,-0.0009542152638828
32431,-0.0010333773630315
32432,0.032363647523802
32433,0.0322844854246534
32434,0.0323421225499161
32435,0.0322629604507675
32436,0.032335551474073
32437,0.0322563893749243
32438,0.0323140265001871
32439,0.0322348644010384
32440,0.0729423633595484
32441,0.0728632012603998
32442,0.0729208383856625
32443,0.0728416762865139
32444,0.0729142673098193
32445,0.0728351052106707
32446,0.0728927423359335
32447,0.0728135802367848
32448,-0.0375339984047856
32449,-0.0376131605039343
32450,-0.0375555233786715
32451,-0.0376346854778201
32452,-0.0375620944545147
32453,-0.0376412565536633
32454,-0.0375836194284006
32455,-0.0376627815275492
32456,0.0030447174309607
32457,0.002965555331812
32458,0.0030231924570748
32459,0.0029440303579262
32460,0.0030166213812316
32461,0.002937459282083
32462,0.0029950964073457
32463,0.0029159343081971
32464,0.0363129591950307
32465,0.036233797095882
32466,0.0362914342211448
32467,0.0362122721219961
32468,0.0362848631453016
32469,0.036205701046153
32470,0.0362633381714157
32471,0.0361841760722671
32472,0.0768916750307771
32473,0.0768125129316284
32474,0.0768701500568912
32475,0.0767909879577426
32476,0.076863578981048
32477,0.0767844168818994
32478,0.0768420540071621
32479,0.0767628919080135
32480,-0.0379604087119908
32481,-0.0380395708111394
32482,-0.0379819336858767
32483,-0.0380610957850253
32484,-0.0379885047617199
32485,-0.0380676668608685
32486,-0.0380100297356057
32487,-0.0380891918347544
32488,0.0026183071237555
32489,0.0025391450246069
32490,0.0025967821498696
32491,0.002517620050721
32492,0.0025902110740264
32493,0.0025110489748778
32494,0.0025686861001405
32495,0.0024895240009919
32496,0.0358865488878255
32497,0.0358073867886768
32498,0.0358650239139396
32499,0.035785861814791
32500,0.0358584528380964
32501,0.0357792907389478
32502,0.0358369278642105
32503,0.0357577657650619
32504,0.0764652647235719
32505,0.0763861026244232
32506,0.076443739749686
32507,0.0763645776505374
32508,0.0764371686738428
32509,0.0763580065746942
32510,0.0764156436999569
32511,0.0763364816008083
32512,-0.0357041913380609
32513,-0.0357833534372096
32514,-0.0357257163119468
32515,-0.0358048784110954
32516,-0.03573228738779
32517,-0.0358114494869386
32518,-0.0357538123616759
32519,-0.0358329744608245
32520,0.0048745244976854
32521,0.0047953623985367
32522,0.0048529995237995
32523,0.0047738374246508
32524,0.0048464284479563
32525,0.0047672663488077
32526,0.0048249034740704
32527,0.0047457413749218
32528,0.0381427662617554
32529,0.0380636041626067
32530,0.0381212412878695
32531,0.0380420791887208
32532,0.0381146702120263
32533,0.0380355081128776
32534,0.0380931452381404
32535,0.0380139831389918
32536,0.0787214820975017
32537,0.0786423199983531
32538,0.0786999571236159
32539,0.0786207950244672
32540,0.0786933860477727
32541,0.078614223948624
32542,0.0786718610738868
32543,0.0785926989747382
32544,-0.0361306016452661
32545,-0.0362097637444148
32546,-0.036152126619152
32547,-0.0362312887183006
32548,-0.0361586976949952
32549,-0.0362378597941438
32550,-0.0361802226688811
32551,-0.0362593847680297
32552,0.0044481141904802
32553,0.0043689520913315
32554,0.0044265892165943
32555,0.0043474271174457
32556,0.0044200181407511
32557,0.0043408560416025
32558,0.0043984931668652
32559,0.0043193310677166
32560,0.0377163559545502
32561,0.0376371938554015
32562,0.0376948309806643
32563,0.0376156688815157
32564,0.0376882599048211
32565,0.0376090978056725
32566,0.0376667349309352
32567,0.0375875728317866
32568,0.0782950717902966
32569,0.0782159096911479
32570,0.0782735468164107
32571,0.078194384717262
32572,0.0782669757405675
32573,0.0781878136414189
32574,0.0782454507666816
32575,0.078166288667533
32576,-0.0321812899740375
32577,-0.0322604520731861
32578,-0.0322028149479233
32579,-0.032281977047072
32580,-0.0322093860237665
32581,-0.0322885481229152
32582,-0.0322309109976524
32583,-0.0323100730968011
32584,0.0083974258617088
32585,0.0083182637625602
32586,0.0083759008878229
32587,0.0082967387886743
32588,0.0083693298119798
32589,0.0082901677128311
32590,0.0083478048380939
32591,0.0082686427389452
32592,0.0416656676257788
32593,0.0415865055266302
32594,0.0416441426518929
32595,0.0415649805527443
32596,0.0416375715760497
32597,0.0415584094769011
32598,0.0416160466021639
32599,0.0415368845030152
32600,0.0822443834615252
32601,0.0821652213623766
32602,0.0822228584876393
32603,0.0821436963884907
32604,0.0822162874117961
32605,0.0821371253126475
32606,0.0821947624379103
32607,0.0821156003387616
32608,-0.0326077002812427
32609,-0.0326868623803913
32610,-0.0326292252551285
32611,-0.0327083873542772
32612,-0.0326357963309717
32613,-0.0327149584301204
32614,-0.0326573213048576
32615,-0.0327364834040062
32616,0.0079710155545036
32617,0.007891853455355
32618,0.0079494905806178
32619,0.0078703284814691
32620,0.0079429195047746
32621,0.0078637574056259
32622,0.0079213945308887
32623,0.0078422324317401
32624,0.0412392573185736
32625,0.041160095219425
32626,0.0412177323446878
32627,0.0411385702455391
32628,0.0412111612688446
32629,0.0411319991696959
32630,0.0411896362949587
32631,0.04111047419581
32632,0.08181797315432
32633,0.0817388110551714
32634,0.0817964481804342
32635,0.0817172860812855
32636,0.081789877104591
32637,0.0817107150054423
32638,0.0817683521307051
32639,0.0816891900315564
32640,-0.0360852761073244
32641,-0.036164438206473
32642,-0.0361068010812103
32643,-0.0361859631803589
32644,-0.0361133721570535
32645,-0.0361925342562021
32646,-0.0361348971309394
32647,-0.036214059230088
32648,0.0044934397284219
32649,0.0044142776292733
32650,0.004471914754536
32651,0.0043927526553874
32652,0.0044653436786928
32653,0.0043861815795442
32654,0.0044438187048069
32655,0.0043646566056583
32656,0.0377616814924919
32657,0.0376825193933432
32658,0.037740156518606
32659,0.0376609944194574
32660,0.0377335854427628
32661,0.0376544233436142
32662,0.0377120604688769
32663,0.0376328983697283
32664,0.0783403973282383
32665,0.0782612352290896
32666,0.0783188723543524
32667,0.0782397102552037
32668,0.0783123012785092
32669,0.0782331391793606
32670,0.0782907763046233
32671,0.0782116142054747
32672,-0.0365116864145296
32673,-0.0365908485136782
32674,-0.0365332113884155
32675,-0.0366123734875641
32676,-0.0365397824642587
32677,-0.0366189445634073
32678,-0.0365613074381445
32679,-0.0366404695372932
32680,0.0040670294212167
32681,0.0039878673220681
32682,0.0040455044473308
32683,0.0039663423481822
32684,0.0040389333714876
32685,0.003959771272339
32686,0.0040174083976018
32687,0.0039382462984531
32688,0.0373352711852867
32689,0.0372561090861381
32690,0.0373137462114008
32691,0.0372345841122522
32692,0.0373071751355576
32693,0.037228013036409
32694,0.0372856501616718
32695,0.0372064880625231
32696,0.0779139870210331
32697,0.0778348249218845
32698,0.0778924620471472
32699,0.0778132999479986
32700,0.077885890971304
32701,0.0778067288721554
32702,0.0778643659974181
32703,0.0777852038982695
32704,-0.0325623747433009
32705,-0.0326415368424496
32706,-0.0325838997171868
32707,-0.0326630618163355
32708,-0.03259047079303
32709,-0.0326696328921786
32710,-0.0326119957669159
32711,-0.0326911578660645
32712,0.0080163410924453
32713,0.0079371789932967
32714,0.0079948161185595
32715,0.0079156540194108
32716,0.0079882450427163
32717,0.0079090829435676
32718,0.0079667200688304
32719,0.0078875579696818
32720,0.0412845828565153
32721,0.0412054207573667
32722,0.0412630578826295
32723,0.0411838957834808
32724,0.0412564868067863
32725,0.0411773247076376
32726,0.0412349618329004
32727,0.0411557997337518
32728,0.0818632986922617
32729,0.0817841365931131
32730,0.0818417737183759
32731,0.0817626116192272
32732,0.0818352026425327
32733,0.081756040543384
32734,0.0818136776686468
32735,0.0817345155694981
32736,-0.0329887850505061
32737,-0.0330679471496548
32738,-0.033010310024392
32739,-0.0330894721235406
32740,-0.0330168811002352
32741,-0.0330960431993838
32742,-0.0330384060741211
32743,-0.0331175681732697
32744,0.0075899307852402
32745,0.0075107686860915
32746,0.0075684058113543
32747,0.0074892437122056
32748,0.0075618347355111
32749,0.0074826726363625
32750,0.0075403097616252
32751,0.0074611476624766
32752,0.0408581725493102
32753,0.0407790104501615
32754,0.0408366475754243
32755,0.0407574854762756
32756,0.0408300764995811
32757,0.0407509144004325
32758,0.0408085515256952
32759,0.0407293894265466
32760,0.0814368883850566
32761,0.0813577262859079
32762,0.0814153634111707
32763,0.081336201312022
32764,0.0814087923353275
32765,0.0813296302361789
32766,0.0813872673614416
32767,0.081308105262293
